<?xml version="1.0" encoding="utf-8"?>
<COLLADA xmlns="http://www.collada.org/2005/11/COLLADASchema" version="1.4.1">
<asset><unit name="meter" meter="1"/><up_axis>Z_UP</up_axis></asset>
<library_effects>
<effect id="c0-fx"><profile_COMMON><technique sid="t"><lambert><diffuse><color>0.47 0.46 0.44 1.0</color></diffuse><ambient><color>0.2350 0.2300 0.2200 1.0</color></ambient></lambert></technique></profile_COMMON></effect>
<effect id="c1-fx"><profile_COMMON><technique sid="t"><lambert><diffuse><color>0.615 0.605 0.585 1.0</color></diffuse><ambient><color>0.3075 0.3025 0.2925 1.0</color></ambient></lambert></technique></profile_COMMON></effect>
<effect id="c2-fx"><profile_COMMON><technique sid="t"><lambert><diffuse><color>0.43 0.29 0.17 1.0</color></diffuse><ambient><color>0.2150 0.1450 0.0850 1.0</color></ambient></lambert></technique></profile_COMMON></effect>
<effect id="c3-fx"><profile_COMMON><technique sid="t"><lambert><diffuse><color>0.7 0.69 0.665 1.0</color></diffuse><ambient><color>0.3500 0.3450 0.3325 1.0</color></ambient></lambert></technique></profile_COMMON></effect>
<effect id="c4-fx"><profile_COMMON><technique sid="t"><lambert><diffuse><color>0.075 0.07 0.065 1.0</color></diffuse><ambient><color>0.0375 0.0350 0.0325 1.0</color></ambient></lambert></technique></profile_COMMON></effect>
<effect id="c5-fx"><profile_COMMON><technique sid="t"><lambert><diffuse><color>0.885 0.76 0.64 1.0</color></diffuse><ambient><color>0.4425 0.3800 0.3200 1.0</color></ambient></lambert></technique></profile_COMMON></effect>
<effect id="c6-fx"><profile_COMMON><technique sid="t"><lambert><diffuse><color>0.13 0.165 0.2 1.0</color></diffuse><ambient><color>0.0650 0.0825 0.1000 1.0</color></ambient></lambert></technique></profile_COMMON></effect>
<effect id="c7-fx"><profile_COMMON><technique sid="t"><lambert><diffuse><color>0.855 0.82 0.755 1.0</color></diffuse><ambient><color>0.4275 0.4100 0.3775 1.0</color></ambient></lambert></technique></profile_COMMON></effect>
<effect id="c8-fx"><profile_COMMON><technique sid="t"><lambert><diffuse><color>0.4 0.41 0.42 1.0</color></diffuse><ambient><color>0.2000 0.2050 0.2100 1.0</color></ambient></lambert></technique></profile_COMMON></effect>
<effect id="c9-fx"><profile_COMMON><technique sid="t"><lambert><diffuse><color>0.905 0.91 0.915 1.0</color></diffuse><ambient><color>0.4525 0.4550 0.4575 1.0</color></ambient></lambert></technique></profile_COMMON></effect>
<effect id="c10-fx"><profile_COMMON><technique sid="t"><lambert><diffuse><color>0.615 0.585 0.53 1.0</color></diffuse><ambient><color>0.3075 0.2925 0.2650 1.0</color></ambient></lambert></technique></profile_COMMON></effect>
<effect id="c11-fx"><profile_COMMON><technique sid="t"><lambert><diffuse><color>0.78 0.745 0.68 1.0</color></diffuse><ambient><color>0.3900 0.3725 0.3400 1.0</color></ambient></lambert></technique></profile_COMMON></effect>
<effect id="c12-fx"><profile_COMMON><technique sid="t"><lambert><diffuse><color>0.585 0.345 0.265 1.0</color></diffuse><ambient><color>0.2925 0.1725 0.1325 1.0</color></ambient></lambert></technique></profile_COMMON></effect>
</library_effects><library_materials>
<material id="c0-mat" name="c0"><instance_effect url="#c0-fx"/></material>
<material id="c1-mat" name="c1"><instance_effect url="#c1-fx"/></material>
<material id="c2-mat" name="c2"><instance_effect url="#c2-fx"/></material>
<material id="c3-mat" name="c3"><instance_effect url="#c3-fx"/></material>
<material id="c4-mat" name="c4"><instance_effect url="#c4-fx"/></material>
<material id="c5-mat" name="c5"><instance_effect url="#c5-fx"/></material>
<material id="c6-mat" name="c6"><instance_effect url="#c6-fx"/></material>
<material id="c7-mat" name="c7"><instance_effect url="#c7-fx"/></material>
<material id="c8-mat" name="c8"><instance_effect url="#c8-fx"/></material>
<material id="c9-mat" name="c9"><instance_effect url="#c9-fx"/></material>
<material id="c10-mat" name="c10"><instance_effect url="#c10-fx"/></material>
<material id="c11-mat" name="c11"><instance_effect url="#c11-fx"/></material>
<material id="c12-mat" name="c12"><instance_effect url="#c12-fx"/></material>
</library_materials><library_geometries>
<geometry id="c0-mesh"><mesh><source id="c0-p"><float_array id="c0-pa" count="264">-6.1 -4.85 0 -6.1 -4.85 0.5 -6.1 4.85 0 -6.1 4.85 0.5 6.1 -4.85 0 6.1 -4.85 0.5 6.1 4.85 0 6.1 4.85 0.5 2.3464 -2.9 12.298 2.5199 -2.9 12.397 2.3464 0.5 12.298 2.5199 0.5 12.397 3.6401 -2.9 10.043 3.8136 -2.9 10.142 3.6401 0.5 10.043 3.8136 0.5 10.142 8.484 1.5085 0.55218 8.4425 1.4784 0.91648 7.4175 0.2086 0.32312 7.376 0.1785 0.68743 6.9146 2.8087 0.48057 6.8731 2.7786 0.84488 5.8481 1.5088 0.25152 5.8066 1.4787 0.61582 6.7374 0.6295 0.6472 6.733 0.64904 1.0048 6.6866 2.7507 0.53069 6.6822 2.7702 0.88833 8.8018 0.68017 0.66987 8.7974 0.69971 1.0275 8.751 2.8014 0.55336 8.7466 2.8209 0.911 8.3654 1.0368 1.3681 8.3577 1.0007 1.7217 8.3195 1.5179 1.4162 8.3118 1.4817 1.7698 8.9292 1.0889 1.3858 8.9215 1.0527 1.7394 8.8833 1.5699 1.4339 8.8756 1.5338 1.7875 3.7559 -1.1291 0.23527 3.7278 -1.2718 0.0035113 3.8406 -2.0324 0.7811 3.8124 -2.1751 0.54935 4.593 -1.1167 0.12605 4.5648 -1.2594 -0.1057 4.6776 -2.02 0.67189 4.6495 -2.1627 0.44013 3.5572 -2.2696 0.9054 3.9388 -2.3567 0.93052 3.7074 -1.8391 0.11557 4.089 -1.9262 0.14069 3.4264 -2.9584 0.50511 3.808 -3.0455 0.53023 3.5766 -2.5279 -0.28472 3.9582 -2.615 -0.2596 9.2083 1.3859 0.47329 9.4076 1.0743 0.52376 9.6258 1.6505 0.45784 9.8252 1.3388 0.50831 9.2336 1.3142 -0.069712 9.433 1.0025 -0.019235 9.6512 1.5787 -0.085162 9.8505 1.2671 -0.034685 -6.3304 -3.243 0.62961 -6.3206 -3.1813 0.96159 -7.1626 -4.066 0.807 -7.1528 -4.0043 1.139 -7.189 -2.4029 0.49882 -7.1792 -2.3412 0.8308 -8.0212 -3.2259 0.67621 -8.0114 -3.1642 1.0082 -3.7583 -0.27937 0.75168 -3.8356 -0.049848 0.71032 -4.58 -0.60449 0.48377 -4.6573 -0.37497 0.44242 -3.5319 -0.31943 0.10598 -3.6092 -0.089911 0.064629 -4.3536 -0.64455 -0.16192 -4.4309 -0.41503 -0.20328 -10.949 -4.8002 0.020344 -10.738 -4.8274 0.70418 -11.241 -3.8118 0.14944 -11.03 -3.839 0.83328 -10.219 -4.5566 -0.19448 -10.009 -4.5838 0.48936 -10.511 -3.5682 -0.065379 -10.301 -3.5954 0.61846</float_array><technique_common><accessor source="#c0-pa" count="88" stride="3"><param name="X" type="float"/><param name="Y" type="float"/><param name="Z" type="float"/></accessor></technique_common></source><source id="c0-n"><float_array id="c0-na" count="264">-0.040895 -0.051435 -0.99784 -0.020481 -0.025759 0.99946 -0.040734 0.10246 -0.9939 -0.081586 0.051306 0.99534 0.081586 -0.051306 -0.99534 0.040734 -0.10246 0.9939 0.020481 0.025759 -0.99946 0.040895 0.051435 0.99784 -0.90148 -0.05855 -0.42884 0.84729 -0.029377 0.53031 -0.89688 0.1165 -0.42665 0.78036 0.058041 0.62263 -0.78036 -0.058041 -0.62263 0.89688 -0.1165 0.42665 -0.84729 0.029377 -0.53031 0.90148 0.05855 0.42884 0.37349 0.12787 -0.91878 0.024346 -0.055733 0.99815 -0.018761 -0.33071 -0.94354 0.026219 -0.4405 0.89737 -0.026219 0.4405 -0.89737 0.018761 0.33071 0.94354 -0.024346 0.055733 -0.99815 -0.37349 -0.12787 0.91878 -0.15265 -0.2207 -0.96332 -0.096281 -0.031483 0.99486 -0.15815 0.25969 -0.95266 -0.33878 0.19994 0.91938 0.33878 -0.19994 -0.91938 0.15815 -0.25969 0.95266 0.096281 0.031483 -0.99486 0.15265 0.2207 0.96332 -0.38407 -0.49038 -0.78231 -0.2698 -0.44411 0.85439 -0.39405 0.7945 -0.46205 -0.75981 0.28817 0.58279 0.75981 -0.28817 -0.58279 0.39405 -0.7945 0.46205 0.2698 0.44411 -0.85439 0.38407 0.49038 0.78231 -0.22097 0.68098 0.69817 -0.26808 -0.40502 -0.87412 -0.15131 0.064704 0.98637 -0.5944 -0.61626 -0.51664 0.5944 0.61626 0.51664 0.15131 -0.064704 -0.98637 0.26808 0.40502 0.87412 0.22097 -0.68098 -0.69817 -0.80958 0.36368 0.46079 0.9292 -0.11062 0.35262 -0.53536 0.74167 -0.40412 0.82327 0.55508 0.11883 -0.82327 -0.55508 -0.11883 0.53536 -0.74167 0.40412 -0.9292 0.11062 -0.35262 0.80958 -0.36368 -0.46079 -0.84343 0.36452 0.39465 0.17768 -0.88439 0.43161 0.36679 0.89488 0.25428 0.5989 -0.13649 0.78911 -0.5989 0.13649 -0.78911 -0.36679 -0.89488 -0.25428 -0.17768 0.88439 -0.43161 0.84343 -0.36452 -0.39465 0.3439 -0.16582 -0.92425 0.22414 0.181 0.9576 -0.19538 -0.65299 -0.73173 0.1911 -0.34263 0.91983 -0.1911 0.34263 -0.91983 0.19538 0.65299 0.73173 -0.22414 -0.181 -0.9576 -0.3439 0.16582 0.92425 0.39549 -0.74831 0.53255 -0.24941 0.96764 0.03821 -0.23331 -0.92628 0.29594 -0.62619 0.7009 0.3415 0.62619 -0.7009 -0.3415 0.23331 0.92628 -0.29594 0.24941 -0.96764 -0.03821 -0.39549 0.74831 -0.53255 -0.60892 -0.59056 -0.52958 -0.016329 -0.43753 0.89906 -0.77967 0.55918 -0.28185 -0.71017 0.032774 0.70326 0.71017 -0.032774 -0.70326 0.77967 -0.55918 0.28185 0.016329 0.43753 -0.89906 0.60892 0.59056 0.52958</float_array><technique_common><accessor source="#c0-na" count="88" stride="3"><param name="X" type="float"/><param name="Y" type="float"/><param name="Z" type="float"/></accessor></technique_common></source><vertices id="c0-v"><input semantic="POSITION" source="#c0-p"/><input semantic="NORMAL" source="#c0-n"/></vertices><triangles count="132" material="c0"><input semantic="VERTEX" source="#c0-v" offset="0"/><p>0 1 3 0 3 2 4 6 7 4 7 5 0 4 5 0 5 1 2 3 7 2 7 6 0 2 6 0 6 4 1 5 7 1 7 3 8 9 11 8 11 10 12 14 15 12 15 13 8 12 13 8 13 9 10 11 15 10 15 14 8 10 14 8 14 12 9 13 15 9 15 11 16 17 19 16 19 18 20 22 23 20 23 21 16 20 21 16 21 17 18 19 23 18 23 22 16 18 22 16 22 20 17 21 23 17 23 19 24 25 27 24 27 26 28 30 31 28 31 29 24 28 29 24 29 25 26 27 31 26 31 30 24 26 30 24 30 28 25 29 31 25 31 27 32 33 35 32 35 34 36 38 39 36 39 37 32 36 37 32 37 33 34 35 39 34 39 38 32 34 38 32 38 36 33 37 39 33 39 35 40 41 43 40 43 42 44 46 47 44 47 45 40 44 45 40 45 41 42 43 47 42 47 46 40 42 46 40 46 44 41 45 47 41 47 43 48 49 51 48 51 50 52 54 55 52 55 53 48 52 53 48 53 49 50 51 55 50 55 54 48 50 54 48 54 52 49 53 55 49 55 51 56 57 59 56 59 58 60 62 63 60 63 61 56 60 61 56 61 57 58 59 63 58 63 62 56 58 62 56 62 60 57 61 63 57 63 59 64 65 67 64 67 66 68 70 71 68 71 69 64 68 69 64 69 65 66 67 71 66 71 70 64 66 70 64 70 68 65 69 71 65 71 67 72 73 75 72 75 74 76 78 79 76 79 77 72 76 77 72 77 73 74 75 79 74 79 78 72 74 78 72 78 76 73 77 79 73 79 75 80 81 83 80 83 82 84 86 87 84 87 85 80 84 85 80 85 81 82 83 87 82 87 86 80 82 86 80 86 84 81 85 87 81 87 83</p></triangles></mesh></geometry>
<geometry id="c1-mesh"><mesh><source id="c1-p"><float_array id="c1-pa" count="552">-5.1607 -3.905 0.51407 -5.0986 -3.8548 2.4624 -5.1611 -3.4452 0.50222 -5.099 -3.395 2.4506 -4.701 -3.905 0.49941 -4.6389 -3.8548 2.4478 -4.7014 -3.4452 0.48757 -4.6393 -3.395 2.4359 -5.2326 3.4191 0.53289 -5.0243 3.4209 2.3208 -5.2326 3.8791 0.53242 -5.0244 3.8809 2.3203 -4.7756 3.4191 0.47967 -4.5674 3.4209 2.2676 -4.7757 3.8791 0.4792 -4.5674 3.8809 2.2671 4.6183 3.44 0.51895 4.7224 3.4004 1.4624 4.6204 3.8996 0.53802 4.7245 3.86 1.4815 5.0755 3.44 0.46852 5.1796 3.4004 1.412 5.0776 3.8996 0.4876 5.1817 3.86 1.4311 4.67 -3.88 0.5 4.67 -3.88 1.4 4.67 -3.42 0.5 4.67 -3.42 1.4 5.13 -3.88 0.5 5.13 -3.88 1.4 5.13 -3.42 0.5 5.13 -3.42 1.4 4.7153 3.54 2.6124 4.8652 3.54 5.6086 4.7153 3.96 2.6124 4.8652 3.96 5.6086 5.1348 3.54 2.5914 5.2847 3.54 5.5876 5.1348 3.96 2.5914 5.2847 3.96 5.5876 4.7153 -3.96 2.6124 4.8652 -3.96 5.6086 4.7153 -3.54 2.6124 4.8652 -3.54 5.6086 5.1348 -3.96 2.5914 5.2847 -3.96 5.5876 5.1348 -3.54 2.5914 5.2847 -3.54 5.5876 -5.2847 3.54 2.6124 -5.1348 3.54 5.6086 -5.2847 3.96 2.6124 -5.1348 3.96 5.6086 -4.8652 3.54 2.5914 -4.7153 3.54 5.5876 -4.8652 3.96 2.5914 -4.7153 3.96 5.5876 -5.2847 -3.96 2.6124 -5.1348 -3.96 5.6086 -5.2847 -3.54 2.6124 -5.1348 -3.54 5.6086 -4.8652 -3.96 2.5914 -4.7153 -3.96 5.5876 -4.8652 -3.54 2.5914 -4.7153 -3.54 5.5876 4.6413 3.54 5.8685 4.9408 3.54 8.8535 4.6413 3.96 5.8685 4.9408 3.96 8.8535 5.0592 3.54 5.8265 5.3587 3.54 8.8115 5.0592 3.96 5.8265 5.3587 3.96 8.8115 4.6413 -3.96 5.8685 4.9408 -3.96 8.8535 4.6413 -3.54 5.8685 4.9408 -3.54 8.8535 5.0592 -3.96 5.8265 5.3587 -3.96 8.8115 5.0592 -3.54 5.8265 5.3587 -3.54 8.8115 -5.3587 3.54 5.8685 -5.0592 3.54 8.8535 -5.3587 3.96 5.8685 -5.0592 3.96 8.8535 -4.9408 3.54 5.8265 -4.6413 3.54 8.8115 -4.9408 3.96 5.8265 -4.6413 3.96 8.8115 -5.3587 -3.96 5.8685 -5.0592 -3.96 8.8535 -5.3587 -3.54 5.8685 -5.0592 -3.54 8.8535 -4.9408 -3.96 5.8265 -4.6413 -3.96 8.8115 -4.9408 -3.54 5.8265 -4.6413 -3.54 8.8115 4.5682 3.54 9.1282 5.0165 3.54 12.095 4.5682 3.96 9.1282 5.0165 3.96 12.095 4.9835 3.54 9.0655 5.4318 3.54 12.032 4.9835 3.96 9.0655 5.4318 3.96 12.032 4.5682 -3.96 9.1282 5.0165 -3.96 12.095 4.5682 -3.54 9.1282 5.0165 -3.54 12.095 4.9835 -3.96 9.0655 5.4318 -3.96 12.032 4.9835 -3.54 9.0655 5.4318 -3.54 12.032 -5.4318 3.54 9.1282 -4.9835 3.54 12.095 -5.4318 3.96 9.1282 -4.9835 3.96 12.095 -5.0165 3.54 9.0655 -4.5682 3.54 12.032 -5.0165 3.96 9.0655 -4.5682 3.96 12.032 -5.4318 -3.96 9.1282 -4.9835 -3.96 12.095 -5.4318 -3.54 9.1282 -4.9835 -3.54 12.095 -5.0165 -3.96 9.0655 -4.5682 -3.96 12.032 -5.0165 -3.54 9.0655 -4.5682 -3.54 12.032 9.834 1.0421 0.54417 9.8902 1.0509 0.90967 8.8415 0.33389 0.71388 8.8977 0.34269 1.0794 8.6091 2.7937 0.69042 8.6653 2.8025 1.0559 7.6166 2.0855 0.86013 7.6728 2.0943 1.2256 8.476 -0.32057 1.0754 8.4518 -0.28906 1.3389 7.1904 -0.37674 0.96412 7.1662 -0.34523 1.2276 8.4122 1.6092 0.83876 8.388 1.6407 1.1023 7.1266 1.5531 0.72749 7.1024 1.5846 0.99102 8.9284 0.33389 1.0691 8.9549 0.31989 1.4769 8.2748 0.50369 1.1174 8.3013 0.48969 1.5252 9.1501 1.1829 1.0838 9.1766 1.1689 1.4916 8.4965 1.3527 1.1321 8.523 1.3387 1.5399 8.8277 1.415 1.3502 8.8136 1.4436 1.6057 8.2279 1.1375 1.3481 8.2137 1.1662 1.6036 8.5051 2.1132 1.254 8.4909 2.1419 1.5095 7.9052 1.8358 1.2519 7.8911 1.8644 1.5074 -5.4929 -2.0849 0.13945 -5.5331 -2.0305 0.49629 -6.0513 -4.6306 0.46507 -6.0915 -4.5762 0.82191 -8.1551 -1.5498 -0.24191 -8.1953 -1.4954 0.11493 -8.7135 -4.0955 0.083706 -8.7537 -4.0411 0.44055 -6.9955 -3.9518 0.44902 -7.0079 -3.9539 0.68468 -8.4914 -3.4306 0.37504 -8.5037 -3.4327 0.61071 -6.4489 -2.3767 0.49189 -6.4612 -2.3788 0.72756 -7.9447 -1.8555 0.41792 -7.9571 -1.8576 0.65358 -6.5683 -2.4279 0.72609 -6.5518 -2.4309 1.0596 -6.9964 -3.073 0.74151 -6.98 -3.0759 1.075 -7.4638 -1.8323 0.77561 -7.4474 -1.8352 1.1091 -7.892 -2.4773 0.79103 -7.8755 -2.4803 1.1245</float_array><technique_common><accessor source="#c1-pa" count="184" stride="3"><param name="X" type="float"/><param name="Y" type="float"/><param name="Z" type="float"/></accessor></technique_common></source><source id="c1-n"><float_array id="c1-na" count="552">-0.70178 -0.70148 -0.12422 -0.6598 -0.66239 0.35483 -0.44859 0.88649 -0.11356 -0.88606 0.4473 0.12171 0.88606 -0.4473 -0.12171 0.44859 -0.88649 0.11356 0.6598 0.66239 -0.35483 0.70178 0.70148 0.12422 -0.71165 -0.69602 -0.095403 -0.62114 -0.66465 0.41524 -0.45458 0.88852 -0.062296 -0.86959 0.44444 0.21514 0.86959 -0.44444 -0.21514 0.45458 -0.88852 0.062296 0.62114 0.66465 -0.41524 0.71165 0.69602 0.095403 -0.70349 -0.65488 -0.2761 -0.5207 -0.60649 0.60087 -0.45363 0.88223 -0.12602 -0.84372 0.42787 0.32413 0.84372 -0.42787 -0.32413 0.45363 -0.88223 0.12602 0.5207 0.60649 -0.60087 0.70349 0.65488 0.2761 -0.66501 -0.66501 -0.33989 -0.57307 -0.57307 0.58581 -0.43597 0.87194 -0.22283 -0.87194 0.43597 0.22283 0.87194 -0.43597 -0.22283 0.43597 -0.87194 0.22283 0.57307 0.57307 -0.58581 0.66501 0.66501 0.33989 -0.70771 -0.70367 -0.063222 -0.68307 -0.69364 0.22864 -0.4489 0.89268 -0.040102 -0.88844 0.44634 0.10702 0.88844 -0.44634 -0.10702 0.4489 -0.89268 0.040102 0.68307 0.69364 -0.22864 0.70771 0.70367 0.063222 -0.70771 -0.70367 -0.063222 -0.68307 -0.69364 0.22864 -0.4489 0.89268 -0.040102 -0.88844 0.44634 0.10702 0.88844 -0.44634 -0.10702 0.4489 -0.89268 0.040102 0.68307 0.69364 -0.22864 0.70771 0.70367 0.063222 -0.70771 -0.70367 -0.063222 -0.68307 -0.69364 0.22864 -0.4489 0.89268 -0.040102 -0.88844 0.44634 0.10702 0.88844 -0.44634 -0.10702 0.4489 -0.89268 0.040102 0.68307 0.69364 -0.22864 0.70771 0.70367 0.063222 -0.70771 -0.70367 -0.063222 -0.68307 -0.69364 0.22864 -0.4489 0.89268 -0.040102 -0.88844 0.44634 0.10702 0.88844 -0.44634 -0.10702 0.4489 -0.89268 0.040102 0.68307 0.69364 -0.22864 0.70771 0.70367 0.063222 -0.70999 -0.70367 -0.027772 -0.67079 -0.69364 0.2625 -0.45035 0.89268 -0.017616 -0.88198 0.44634 0.15129 0.88198 -0.44634 -0.15129 0.45035 -0.89268 0.017616 0.67079 0.69364 -0.2625 0.70999 0.70367 0.027772 -0.70999 -0.70367 -0.027772 -0.67079 -0.69364 0.2625 -0.45035 0.89268 -0.017616 -0.88198 0.44634 0.15129 0.88198 -0.44634 -0.15129 0.45035 -0.89268 0.017616 0.67079 0.69364 -0.2625 0.70999 0.70367 0.027772 -0.70999 -0.70367 -0.027772 -0.67079 -0.69364 0.2625 -0.45035 0.89268 -0.017616 -0.88198 0.44634 0.15129 0.88198 -0.44634 -0.15129 0.45035 -0.89268 0.017616 0.67079 0.69364 -0.2625 0.70999 0.70367 0.027772 -0.70999 -0.70367 -0.027772 -0.67079 -0.69364 0.2625 -0.45035 0.89268 -0.017616 -0.88198 0.44634 0.15129 0.88198 -0.44634 -0.15129 0.45035 -0.89268 0.017616 0.67079 0.69364 -0.2625 0.70999 0.70367 0.027772 -0.71049 -0.70367 0.0077475 -0.65683 -0.69364 0.2957 -0.45067 0.89268 0.0049143 -0.87332 0.44634 0.19519 0.87332 -0.44634 -0.19519 0.45067 -0.89268 -0.0049143 0.65683 0.69364 -0.2957 0.71049 0.70367 -0.0077475 -0.71049 -0.70367 0.0077475 -0.65683 -0.69364 0.2957 -0.45067 0.89268 0.0049143 -0.87332 0.44634 0.19519 0.87332 -0.44634 -0.19519 0.45067 -0.89268 -0.0049143 0.65683 0.69364 -0.2957 0.71049 0.70367 -0.0077475 -0.71049 -0.70367 0.0077475 -0.65683 -0.69364 0.2957 -0.45067 0.89268 0.0049143 -0.87332 0.44634 0.19519 0.87332 -0.44634 -0.19519 0.45067 -0.89268 -0.0049143 0.65683 0.69364 -0.2957 0.71049 0.70367 -0.0077475 -0.71049 -0.70367 0.0077475 -0.65683 -0.69364 0.2957 -0.45067 0.89268 0.0049143 -0.87332 0.44634 0.19519 0.87332 -0.44634 -0.19519 0.45067 -0.89268 -0.0049143 0.65683 0.69364 -0.2957 0.71049 0.70367 -0.0077475 0.17857 0.0074866 -0.9839 0.31775 0.03905 0.94737 -0.45601 -0.433 -0.77754 0.097426 -0.39227 0.91467 -0.097426 0.39227 -0.91467 0.45601 0.433 0.77754 -0.31775 -0.03905 -0.94737 -0.17857 -0.0074866 0.9839 0.2918 -0.23799 -0.9264 0.014076 0.054362 0.99842 -0.28933 -0.24953 -0.92413 -0.2716 -0.15375 0.95005 0.2716 0.15375 -0.95005 0.28933 0.24953 0.92413 -0.014076 -0.054362 -0.99842 -0.2918 0.23799 0.9264 0.31856 -0.45161 -0.83341 0.27793 -0.31334 0.90806 -0.82437 -0.069411 -0.56178 -0.50436 -0.52481 0.68571 0.50436 0.52481 -0.68571 0.82437 0.069411 0.56178 -0.27793 0.31334 -0.90806 -0.31856 0.45161 0.83341 0.48673 -0.21983 -0.84544 0.18503 0.042166 0.98183 -0.39223 -0.56288 -0.72754 -0.10461 -0.51548 0.85049 0.10461 0.51548 -0.85049 0.39223 0.56288 0.72754 -0.18503 -0.042166 -0.98183 -0.48673 0.21983 0.84544 0.2638 -0.041 -0.9637 -0.031468 0.20309 0.97865 0.17248 -0.42433 -0.88893 0.11228 -0.0343 0.99308 -0.11228 0.0343 -0.99308 -0.17248 0.42433 0.88893 0.031468 -0.20309 -0.97865 -0.2638 0.041 0.9637 0.14352 -0.17004 -0.97493 -0.0054705 -0.09971 0.995 -0.26084 -0.025515 -0.96504 -0.27207 -0.21653 0.9376 0.27207 0.21653 -0.9376 0.26084 0.025515 0.96504 0.0054705 0.09971 -0.995 -0.14352 0.17004 0.97493 0.39479 0.17352 -0.90224 0.28754 0.082095 0.95424 -0.19773 -0.64953 -0.73417 0.26078 -0.56745 0.78102 -0.26078 0.56745 -0.78102 0.19773 0.64953 0.73417 -0.28754 -0.082095 -0.95424 -0.39479 -0.17352 0.90224</float_array><technique_common><accessor source="#c1-na" count="184" stride="3"><param name="X" type="float"/><param name="Y" type="float"/><param name="Z" type="float"/></accessor></technique_common></source><vertices id="c1-v"><input semantic="POSITION" source="#c1-p"/><input semantic="NORMAL" source="#c1-n"/></vertices><triangles count="276" material="c1"><input semantic="VERTEX" source="#c1-v" offset="0"/><p>0 1 3 0 3 2 4 6 7 4 7 5 0 4 5 0 5 1 2 3 7 2 7 6 0 2 6 0 6 4 1 5 7 1 7 3 8 9 11 8 11 10 12 14 15 12 15 13 8 12 13 8 13 9 10 11 15 10 15 14 8 10 14 8 14 12 9 13 15 9 15 11 16 17 19 16 19 18 20 22 23 20 23 21 16 20 21 16 21 17 18 19 23 18 23 22 16 18 22 16 22 20 17 21 23 17 23 19 24 25 27 24 27 26 28 30 31 28 31 29 24 28 29 24 29 25 26 27 31 26 31 30 24 26 30 24 30 28 25 29 31 25 31 27 32 33 35 32 35 34 36 38 39 36 39 37 32 36 37 32 37 33 34 35 39 34 39 38 32 34 38 32 38 36 33 37 39 33 39 35 40 41 43 40 43 42 44 46 47 44 47 45 40 44 45 40 45 41 42 43 47 42 47 46 40 42 46 40 46 44 41 45 47 41 47 43 48 49 51 48 51 50 52 54 55 52 55 53 48 52 53 48 53 49 50 51 55 50 55 54 48 50 54 48 54 52 49 53 55 49 55 51 56 57 59 56 59 58 60 62 63 60 63 61 56 60 61 56 61 57 58 59 63 58 63 62 56 58 62 56 62 60 57 61 63 57 63 59 64 65 67 64 67 66 68 70 71 68 71 69 64 68 69 64 69 65 66 67 71 66 71 70 64 66 70 64 70 68 65 69 71 65 71 67 72 73 75 72 75 74 76 78 79 76 79 77 72 76 77 72 77 73 74 75 79 74 79 78 72 74 78 72 78 76 73 77 79 73 79 75 80 81 83 80 83 82 84 86 87 84 87 85 80 84 85 80 85 81 82 83 87 82 87 86 80 82 86 80 86 84 81 85 87 81 87 83 88 89 91 88 91 90 92 94 95 92 95 93 88 92 93 88 93 89 90 91 95 90 95 94 88 90 94 88 94 92 89 93 95 89 95 91 96 97 99 96 99 98 100 102 103 100 103 101 96 100 101 96 101 97 98 99 103 98 103 102 96 98 102 96 102 100 97 101 103 97 103 99 104 105 107 104 107 106 108 110 111 108 111 109 104 108 109 104 109 105 106 107 111 106 111 110 104 106 110 104 110 108 105 109 111 105 111 107 112 113 115 112 115 114 116 118 119 116 119 117 112 116 117 112 117 113 114 115 119 114 119 118 112 114 118 112 118 116 113 117 119 113 119 115 120 121 123 120 123 122 124 126 127 124 127 125 120 124 125 120 125 121 122 123 127 122 127 126 120 122 126 120 126 124 121 125 127 121 127 123 128 129 131 128 131 130 132 134 135 132 135 133 128 132 133 128 133 129 130 131 135 130 135 134 128 130 134 128 134 132 129 133 135 129 135 131 136 137 139 136 139 138 140 142 143 140 143 141 136 140 141 136 141 137 138 139 143 138 143 142 136 138 142 136 142 140 137 141 143 137 143 139 144 145 147 144 147 146 148 150 151 148 151 149 144 148 149 144 149 145 146 147 151 146 151 150 144 146 150 144 150 148 145 149 151 145 151 147 152 153 155 152 155 154 156 158 159 156 159 157 152 156 157 152 157 153 154 155 159 154 159 158 152 154 158 152 158 156 153 157 159 153 159 155 160 161 163 160 163 162 164 166 167 164 167 165 160 164 165 160 165 161 162 163 167 162 167 166 160 162 166 160 166 164 161 165 167 161 167 163 168 169 171 168 171 170 172 174 175 172 175 173 168 172 173 168 173 169 170 171 175 170 175 174 168 170 174 168 174 172 169 173 175 169 175 171 176 177 179 176 179 178 180 182 183 180 183 181 176 180 181 176 181 177 178 179 183 178 183 182 176 178 182 176 182 180 177 181 183 177 183 179</p></triangles></mesh></geometry>
<geometry id="c2-mesh"><mesh><source id="c2-p"><float_array id="c2-pa" count="1080">4.9605 -3.6466 0.53805 4.9594 -3.6402 0.53641 4.9556 -3.6351 0.53434 4.9499 -3.6323 0.53225 4.9435 -3.6323 0.53054 4.9375 -3.6351 0.52957 4.9332 -3.6402 0.52951 4.9314 -3.6466 0.53039 4.9326 -3.653 0.53203 4.9363 -3.6581 0.5341 4.942 -3.6609 0.5362 4.9484 -3.6609 0.5379 4.9544 -3.6581 0.53888 4.9587 -3.653 0.53893 4.6354 -3.3866 1.7696 4.6342 -3.3802 1.768 4.6305 -3.3751 1.7659 4.6248 -3.3723 1.7638 4.6184 -3.3723 1.7621 4.6124 -3.3751 1.7611 4.6081 -3.3802 1.7611 4.6063 -3.3866 1.7619 4.6074 -3.393 1.7636 4.6112 -3.3981 1.7657 4.6169 -3.4009 1.7678 4.6233 -3.4009 1.7695 4.6293 -3.3981 1.7704 4.6336 -3.393 1.7705 4.946 -3.6466 0.53422 4.6208 -3.3866 1.7658 5.1249 -3.76 0.50942 5.1234 -3.7535 0.50983 5.1192 -3.7484 0.50979 5.1132 -3.7455 0.50932 5.1066 -3.7455 0.5085 5.1006 -3.7484 0.50751 5.0966 -3.7535 0.50652 5.0952 -3.76 0.50575 5.0967 -3.7665 0.50534 5.1009 -3.7717 0.50538 5.1069 -3.7746 0.50585 5.1135 -3.7746 0.50666 5.1195 -3.7717 0.50766 5.1235 -3.7665 0.50865 4.9666 -3.879 1.7942 4.9651 -3.8725 1.7947 4.9609 -3.8673 1.7946 4.9549 -3.8644 1.7942 4.9483 -3.8644 1.7933 4.9423 -3.8673 1.7923 4.9383 -3.8725 1.7914 4.9369 -3.879 1.7906 4.9384 -3.8855 1.7902 4.9426 -3.8906 1.7902 4.9486 -3.8935 1.7907 4.9552 -3.8935 1.7915 4.9612 -3.8906 1.7925 4.9652 -3.8855 1.7935 5.1101 -3.76 0.50758 4.9517 -3.879 1.7924 5.0792 -3.4944 0.50958 5.0777 -3.4879 0.51037 5.0735 -3.4827 0.51076 5.0675 -3.4799 0.51069 5.0608 -3.4799 0.51016 5.0548 -3.4827 0.50928 5.0507 -3.4879 0.50822 5.0493 -3.4944 0.5072 5.0509 -3.5008 0.50641 5.0551 -3.506 0.50602 5.0611 -3.5088 0.50609 5.0678 -3.5088 0.50662 5.0737 -3.506 0.5075 5.0778 -3.5008 0.50856 4.9769 -3.6756 1.7928 4.9753 -3.6692 1.7936 4.9711 -3.664 1.794 4.9651 -3.6612 1.7939 4.9584 -3.6612 1.7934 4.9525 -3.664 1.7925 4.9484 -3.6692 1.7914 4.947 -3.6756 1.7904 4.9485 -3.6821 1.7896 4.9527 -3.6873 1.7892 4.9587 -3.6901 1.7893 4.9654 -3.6901 1.7898 4.9714 -3.6873 1.7907 4.9755 -3.6821 1.7918 5.0643 -3.4944 0.50839 4.9619 -3.6756 1.7916 4.935 -3.715 0.5185 4.9337 -3.7085 0.51754 4.9297 -3.7033 0.5162 4.9238 -3.7004 0.51475 4.9173 -3.7004 0.51347 4.9113 -3.7033 0.51262 4.9071 -3.7085 0.51236 4.9055 -3.715 0.51275 4.9069 -3.7214 0.51371 4.9108 -3.7266 0.51505 4.9167 -3.7295 0.51651 4.9232 -3.7295 0.51779 4.9292 -3.7266 0.51864 4.9334 -3.7214 0.51889 4.6873 -3.5774 1.7872 4.6859 -3.571 1.7863 4.682 -3.5658 1.7849 4.6761 -3.5629 1.7835 4.6696 -3.5629 1.7822 4.6636 -3.5658 1.7814 4.6594 -3.571 1.7811 4.6578 -3.5774 1.7815 4.6591 -3.5839 1.7825 4.6631 -3.5891 1.7838 4.669 -3.592 1.7853 4.6755 -3.592 1.7865 4.6815 -3.5891 1.7874 4.6857 -3.5839 1.7876 4.9203 -3.715 0.51563 4.6725 -3.5774 1.7844 7.061 3.0676 1.2584 7.0562 3.0707 1.2549 7.0501 3.0732 1.254 7.0438 3.0746 1.2558 7.0386 3.0746 1.26 7.0356 3.0732 1.2658 7.0352 3.0707 1.272 7.0377 3.0676 1.2773 7.0424 3.0645 1.2808 7.0486 3.062 1.2818 7.0548 3.0606 1.2799 7.06 3.0606 1.2757 7.0631 3.062 1.27 7.0634 3.0645 1.2638 7.4901 4.3092 1.7859 7.4854 4.3123 1.7824 7.4792 4.3148 1.7814 7.473 4.3162 1.7833 7.4678 4.3162 1.7875 7.4647 4.3148 1.7932 7.4644 4.3123 1.7994 7.4668 4.3092 1.8048 7.4716 4.3061 1.8083 7.4777 4.3036 1.8092 7.484 4.3022 1.8074 7.4892 4.3022 1.8032 7.4922 4.3036 1.7974 7.4926 4.3061 1.7912 7.0493 3.0676 1.2679 7.4785 4.3092 1.7953 5.0219 2.0784 1.1589 5.0217 2.0808 1.1527 5.0186 2.0828 1.1471 5.0133 2.0839 1.1432 5.0068 2.0839 1.1418 5.0004 2.0828 1.1431 4.9953 2.0808 1.147 4.9925 2.0784 1.1526 4.9927 2.076 1.1588 4.9958 2.074 1.1644 5.0011 2.0729 1.1683 5.0076 2.0729 1.1697 5.014 2.074 1.1683 5.0191 2.076 1.1645 4.8423 4.1882 1.9902 4.8421 4.1906 1.984 4.839 4.1926 1.9784 4.8337 4.1937 1.9745 4.8272 4.1937 1.9731 4.8208 4.1926 1.9745 4.8157 4.1906 1.9783 4.8129 4.1882 1.9839 4.8131 4.1858 1.9901 4.8162 4.1838 1.9957 4.8215 4.1827 1.9996 4.828 4.1827 2.001 4.8344 4.1838 1.9997 4.8395 4.1858 1.9958 5.0072 2.0784 1.1557 4.8276 4.1882 1.9871 8.2074 2.0326 0.62019 8.2095 2.0373 0.62452 8.209 2.041 0.63003 8.206 2.0431 0.63563 8.2011 2.0431 0.64021 8.1954 2.041 0.64286 8.1898 2.0373 0.64306 8.1856 2.0326 0.64077 8.1836 2.028 0.63644 8.1841 2.0242 0.63092 8.1871 2.0222 0.62532 8.1919 2.0222 0.62074 8.1977 2.0242 0.61809 8.2032 2.028 0.61789 8.9156 1.0216 1.371 8.9176 1.0262 1.3754 8.9171 1.03 1.3809 8.9141 1.032 1.3865 8.9093 1.032 1.3911 8.9035 1.03 1.3937 8.898 1.0262 1.3939 8.8938 1.0216 1.3916 8.8917 1.0169 1.3873 8.8922 1.0132 1.3818 8.8952 1.0111 1.3762 8.9001 1.0111 1.3716 8.9058 1.0132 1.3689 8.9114 1.0169 1.3687 8.1965 2.0326 0.63048 8.9047 1.0216 1.3813 4.037 -1.4289 0.60909 4.0322 -1.4242 0.60827 4.0271 -1.4205 0.61025 4.0225 -1.4184 0.61461 4.0193 -1.4184 0.62052 4.0183 -1.4205 0.62678 4.0196 -1.4242 0.63217 4.0229 -1.4289 0.63561 4.0277 -1.4335 0.63643 4.0328 -1.4373 0.63446 4.0374 -1.4393 0.63009 4.0406 -1.4393 0.62418 4.0416 -1.4373 0.61792 4.0403 -1.4335 0.61253 4.9803 -0.38291 1.1078 4.9755 -0.37826 1.107 4.9704 -0.37453 1.1089 4.9658 -0.37246 1.1133 4.9626 -0.37246 1.1192 4.9616 -0.37453 1.1255 4.9629 -0.37826 1.1309 4.9662 -0.38291 1.1343 4.971 -0.38755 1.1351 4.9761 -0.39128 1.1332 4.9807 -0.39335 1.1288 4.9839 -0.39335 1.1229 4.9849 -0.39128 1.1166 4.9836 -0.38755 1.1112 4.0299 -1.4289 0.62235 4.9733 -0.38291 1.121 9.5863 -0.62488 0.66303 9.587 -0.62142 0.65736 9.5847 -0.61865 0.65171 9.5801 -0.61711 0.64719 9.5739 -0.61711 0.64471 9.5674 -0.61865 0.64475 9.5619 -0.62142 0.64731 9.5584 -0.62488 0.65188 9.5578 -0.62833 0.65755 9.56 -0.63111 0.6632 9.5647 -0.63264 0.66772 9.5709 -0.63264 0.6702 9.5774 -0.63111 0.67016 9.5829 -0.62833 0.6676 9.1686 1.1671 1.7057 9.1692 1.1705 1.7001 9.167 1.1733 1.6944 9.1623 1.1748 1.6899 9.1561 1.1748 1.6874 9.1496 1.1733 1.6874 9.1441 1.1705 1.69 9.1407 1.1671 1.6946 9.14 1.1636 1.7002 9.1423 1.1608 1.7059 9.1469 1.1593 1.7104 9.1531 1.1593 1.7129 9.1596 1.1608 1.7128 9.1651 1.1636 1.7103 9.5724 -0.62488 0.65746 9.1546 1.1671 1.7001 -8.781 -2.0201 0.61302 -8.7767 -2.0174 0.61731 -8.7747 -2.0152 0.6233 -8.7755 -2.0139 0.62981 -8.7789 -2.0139 0.63556 -8.7842 -2.0152 0.63939 -8.7904 -2.0174 0.64056 -8.7963 -2.0201 0.63883 -8.8006 -2.0229 0.63455 -8.8025 -2.0251 0.62856 -8.8017 -2.0263 0.62204 -8.7983 -2.0263 0.6163 -8.793 -2.0251 0.61246 -8.7868 -2.0229 0.61129 -8.1313 -3.6419 0.99777 -8.127 -3.6391 1.0021 -8.1251 -3.6369 1.008 -8.1259 -3.6357 1.0146 -8.1293 -3.6357 1.0203 -8.1346 -3.6369 1.0241 -8.1408 -3.6391 1.0253 -8.1466 -3.6419 1.0236 -8.1509 -3.6446 1.0193 -8.1529 -3.6468 1.0133 -8.1521 -3.6481 1.0068 -8.1487 -3.6481 1.001 -8.1434 -3.6468 0.99721 -8.1372 -3.6446 0.99604 -8.7886 -2.0201 0.62593 -8.139 -3.6419 1.0107 -5.2937 -1.832 0.42979 -5.2903 -1.8286 0.43442 -5.2895 -1.8258 0.44045 -5.2914 -1.8243 0.44667 -5.2956 -1.8243 0.45186 -5.3013 -1.8258 0.45499 -5.3073 -1.8286 0.45543 -5.3126 -1.832 0.45311 -5.3159 -1.8355 0.44848 -5.3168 -1.8382 0.44245 -5.3149 -1.8397 0.43623 -5.3107 -1.8397 0.43104 -5.305 -1.8382 0.42791 -5.2989 -1.8355 0.42747 -4.5658 -3.339 1.0189 -4.5625 -3.3355 1.0235 -4.5616 -3.3328 1.0295 -4.5635 -3.3313 1.0358 -4.5677 -3.3313 1.041 -4.5734 -3.3328 1.0441 -4.5795 -3.3355 1.0445 -4.5847 -3.339 1.0422 -4.5881 -3.3424 1.0376 -4.5889 -3.3452 1.0316 -4.587 -3.3467 1.0253 -4.5828 -3.3467 1.0201 -4.5771 -3.3452 1.017 -4.5711 -3.3424 1.0166 -5.3031 -1.832 0.44145 -4.5753 -3.339 1.0306 -5.2985 -1.8756 0.039341 -5.2982 -1.8709 0.044132 -5.3008 -1.8672 0.049039 -5.3057 -1.8652 0.053088 -5.3119 -1.8652 0.055479 -5.3183 -1.8672 0.055737 -5.3235 -1.8709 0.053812 -5.3265 -1.8756 0.050084 -5.3267 -1.8802 0.045292 -5.3241 -1.884 0.040386 -5.3193 -1.886 0.036336 -5.313 -1.886 0.033946 -5.3067 -1.884 0.033687 -5.3015 -1.8802 0.035613 -4.8415 -3.1298 1.2307 -4.8413 -3.1252 1.2355 -4.8439 -3.1214 1.2404 -4.8487 -3.1194 1.2445 -4.855 -3.1194 1.2469 -4.8613 -3.1214 1.2471 -4.8665 -3.1252 1.2452 -4.8695 -3.1298 1.2415 -4.8698 -3.1345 1.2367 -4.8672 -3.1382 1.2318 -4.8623 -3.1402 1.2277 -4.8561 -3.1402 1.2253 -4.8497 -3.1382 1.2251 -4.8445 -3.1345 1.227 -5.3125 -1.8756 0.044712 -4.8555 -3.1298 1.2361</float_array><technique_common><accessor source="#c2-pa" count="360" stride="3"><param name="X" type="float"/><param name="Y" type="float"/><param name="Z" type="float"/></accessor></technique_common></source><source id="c2-n"><float_array id="c2-na" count="1080">0.96985 0.072794 0.23256 0.86426 0.48932 0.11676 0.58786 0.80862 -0.023603 0.19541 0.96746 -0.16073 -0.23536 0.93438 -0.26746 -0.61914 0.71593 -0.32266 -0.87991 0.35538 -0.31539 -0.96602 -0.075861 -0.24709 -0.86042 -0.49238 -0.13129 -0.58402 -0.81169 0.0090706 -0.19158 -0.97053 0.1462 0.2392 -0.93745 0.25293 0.62297 -0.719 0.30813 0.88374 -0.35845 0.30086 0.95827 -0.072794 0.27642 0.91709 0.35845 0.17452 0.69389 0.719 0.039495 0.33287 0.93745 -0.10192 -0.094458 0.97053 -0.2217 -0.50345 0.81169 -0.29614 -0.81312 0.49238 -0.31048 -0.96211 0.075861 -0.26189 -0.92093 -0.35538 -0.15999 -0.69772 -0.71593 -0.024963 -0.3367 -0.93438 0.11645 0.090621 -0.96746 0.23624 0.49962 -0.80862 0.31067 0.80928 -0.48932 0.32502 0.25008 -0.19997 -0.94735 -0.25008 0.19997 0.94735 0.98969 0.076243 0.12125 0.85426 0.49957 0.14375 0.54983 0.82409 0.13628 0.13667 0.98552 0.10031 -0.30336 0.9519 0.042979 -0.68313 0.72989 -0.024367 -0.92741 0.36345 -0.088389 -0.98782 -0.07484 -0.13641 -0.8524 -0.49817 -0.15891 -0.54796 -0.82268 -0.15144 -0.13481 -0.98412 -0.11547 0.30523 -0.9505 -0.05814 0.685 -0.72848 0.0092065 0.92928 -0.36204 0.073228 0.98952 -0.076243 0.12263 0.91926 0.36204 0.15455 0.66675 0.72848 0.15735 0.28199 0.9505 0.1305 -0.1588 0.98412 0.079295 -0.56833 0.82268 0.01389 -0.86548 0.49817 -0.052765 -0.99139 0.07484 -0.10747 -0.92113 -0.36345 -0.13938 -0.66861 -0.72989 -0.14219 -0.28386 -0.9519 -0.11534 0.15694 -0.98552 -0.064134 0.56646 -0.82409 0.0012713 0.86361 -0.49957 0.067926 0.12178 0.091492 -0.98833 -0.12178 -0.091492 0.98833 0.99369 0.076188 0.082279 0.85774 0.49714 0.1309 0.55202 0.81984 0.1521 0.13708 0.98038 0.14167 -0.30488 0.94695 0.10169 -0.68634 0.72617 0.040059 -0.93175 0.36178 -0.031001 -0.99248 -0.074049 -0.097421 -0.85653 -0.495 -0.14604 -0.55081 -0.8177 -0.16724 -0.13587 -0.97824 -0.15681 0.30609 -0.94481 -0.11683 0.68755 -0.72403 -0.055201 0.93295 -0.35964 0.015859 0.99417 -0.076188 0.07633 0.92367 0.35964 0.13228 0.6701 0.72403 0.16353 0.28369 0.94481 0.16389 -0.15902 0.97824 0.13329 -0.57036 0.8177 0.077785 -0.86885 0.495 0.0083787 -0.99538 0.074049 -0.061188 -0.92487 -0.36178 -0.11714 -0.67131 -0.72617 -0.14838 -0.2849 -0.94695 -0.14874 0.15781 -0.98038 -0.11814 0.56915 -0.81984 -0.062644 0.86764 -0.49714 0.0067632 0.078759 0.13945 -0.98709 -0.078759 -0.13945 0.98709 0.98161 0.074622 0.17572 0.86101 0.49734 0.10634 0.57017 0.8214 0.014416 0.16669 0.98261 -0.081844 -0.26952 0.94904 -0.16338 -0.65205 0.72734 -0.21403 -0.90515 0.36142 -0.22378 -0.97869 -0.076245 -0.19069 -0.85809 -0.49897 -0.12131 -0.56725 -0.82302 -0.029387 -0.16377 -0.98423 0.066873 0.27244 -0.95066 0.14841 0.65498 -0.72896 0.19906 0.90808 -0.36304 0.20881 0.97561 -0.074622 0.20644 0.91993 0.36304 0.14812 0.68175 0.72896 0.061942 0.30826 0.95066 -0.035021 -0.12658 0.98423 -0.12357 -0.53664 0.82302 -0.18615 -0.8407 0.49897 -0.21039 -0.97853 0.076245 -0.19147 -0.92285 -0.36142 -0.13315 -0.68467 -0.72734 -0.046971 -0.31118 -0.94904 0.049992 0.12366 -0.98261 0.13854 0.53371 -0.8214 0.20112 0.83777 -0.49734 0.22536 0.19056 -0.10581 -0.97596 -0.19056 0.10581 0.97596 0.7293 0.03026 -0.68352 0.39186 0.23446 -0.88965 -0.023622 0.39099 -0.92009 -0.43484 0.46886 -0.76882 -0.76036 0.45264 -0.46579 -0.93571 0.34555 -0.071024 -0.92615 0.1688 0.33729 -0.73357 -0.042616 0.67827 -0.39613 -0.24681 0.8844 0.019351 -0.40335 0.91484 0.43057 -0.48122 0.76357 0.75609 -0.465 0.46054 0.93144 -0.35791 0.065775 0.92187 -0.18115 -0.34254 0.81756 -0.03026 -0.57505 0.52286 0.18115 -0.83295 0.12502 0.35791 -0.92535 -0.29715 0.465 -0.83395 -0.66005 0.48122 -0.57686 -0.89179 0.40335 -0.205 -0.94648 0.24681 0.20799 -0.81329 0.042616 0.5803 -0.51859 -0.1688 0.8382 -0.12075 -0.34555 0.9306 0.30142 -0.45264 0.8392 0.66432 -0.46886 0.58211 0.89606 -0.39099 0.21025 0.95075 -0.23446 -0.20274 -0.30315 -0.87709 -0.37259 0.30315 0.87709 0.37259 0.98983 0.024297 0.14017 0.94439 0.18324 -0.27302 0.71198 0.30508 -0.63246 0.33862 0.3657 -0.86695 -0.10174 0.35307 -0.93005 -0.52188 0.26971 -0.80925 -0.83859 0.13213 -0.52849 -0.98914 -0.032428 -0.14338 -0.9437 -0.19137 0.26982 -0.71129 -0.31321 0.62926 -0.33793 -0.37383 0.86375 0.10244 -0.3612 0.92684 0.52258 -0.27785 0.80605 0.83928 -0.14026 0.52529 0.95942 -0.024297 0.28092 0.98128 0.14026 -0.13199 0.80871 0.27785 -0.51845 0.4759 0.3612 -0.80191 0.048759 0.37383 -0.92622 -0.3881 0.31321 -0.86676 -0.74817 0.19137 -0.63531 -0.96011 0.032428 -0.27772 -0.98197 -0.13213 0.1352 -0.8094 -0.26971 0.52166 -0.47659 -0.35307 0.80511 -0.049452 -0.3657 0.92942 0.38741 -0.30508 0.86996 0.74747 -0.18324 0.63852 0.078947 -0.92748 -0.36545 -0.078947 0.92748 0.36545 0.75842 0.05902 -0.64908 0.86675 0.3627 -0.34233 0.80274 0.5955 0.031514 0.57907 0.71131 0.39841 0.24003 0.68719 0.68568 -0.14722 0.52792 0.83644 -0.50597 0.26505 0.82082 -0.76519 -0.049361 0.64191 -0.87352 -0.35304 0.33516 -0.8095 -0.58584 -0.038687 -0.58583 -0.70165 -0.40558 -0.24679 -0.67753 -0.69285 0.14045 -0.51826 -0.84361 0.49921 -0.25539 -0.82799 0.69234 -0.05902 -0.71915 0.85578 0.25539 -0.44992 0.85038 0.51826 -0.090858 0.67723 0.67753 0.28691 0.37061 0.70165 0.60855 -0.0087378 0.58584 0.81038 -0.38569 0.35304 0.85241 -0.68558 0.049361 0.72632 -0.84901 -0.26505 0.45709 -0.84362 -0.52792 0.098031 -0.67046 -0.68719 -0.27973 -0.36385 -0.71131 -0.60138 0.015503 -0.5955 -0.80321 0.39245 -0.3627 -0.84524 -0.49012 0.69979 -0.51969 0.49012 -0.69979 0.51969 0.41485 0.049501 -0.90854 0.090233 0.35308 -0.93123 -0.25309 0.5858 -0.76992 -0.54713 0.70157 -0.45656 -0.73363 0.67746 -0.053216 -0.77566 0.51825 0.36023 -0.6649 0.25546 0.70189 -0.42328 -0.058844 0.90409 -0.098659 -0.36242 0.92678 0.24467 -0.59514 0.76547 0.5387 -0.71091 0.45211 0.72521 -0.6868 0.048761 0.76724 -0.52759 -0.36468 0.65647 -0.26481 -0.70634 0.51718 -0.049501 -0.85445 0.21402 0.26481 -0.94025 -0.13069 0.52759 -0.83939 -0.44868 0.6868 -0.57183 -0.67697 0.71091 -0.19057 -0.77034 0.59514 0.22887 -0.7103 0.36242 0.60342 -0.50875 0.058844 0.8589 -0.2056 -0.25546 0.94471 0.13911 -0.51825 0.84384 0.4571 -0.67746 0.57628 0.68539 -0.70157 0.19503 0.77877 -0.5858 -0.22441 0.71873 -0.35308 -0.59897 -0.63132 -0.70003 -0.33376 0.63132 0.70003 0.33376 0.95042 0.036296 0.30883 0.96217 0.26208 -0.0745 0.78352 0.43517 -0.44353 0.44988 0.52127 -0.72518 0.027312 0.50334 -0.86366 -0.40048 0.38493 -0.83153 -0.74876 0.18948 -0.63518 -0.94856 -0.044286 -0.31348 -0.9603 -0.27007 0.069851 -0.78166 -0.44316 0.43888 -0.44801 -0.52926 0.72053 -0.02545 -0.51133 0.85901 0.40234 -0.39292 0.82689 0.75063 -0.19747 0.63053 0.90075 -0.036296 0.43281 0.97834 0.19747 0.062146 0.86196 0.39292 -0.32037 0.57468 0.51133 -0.63897 0.1734 0.52926 -0.83055 -0.26242 0.44316 -0.85717 -0.64644 0.27007 -0.71356 -0.90262 0.044286 -0.42816 -0.9802 -0.18948 -0.057497 -0.86383 -0.38493 0.32502 -0.57655 -0.50334 0.64362 -0.17526 -0.52127 0.8352 0.26056 -0.43517 0.86182 0.64458 -0.26208 0.71821 0.19752 -0.8473 -0.49302 -0.19752 0.8473 0.49302 0.56525 0.037071 -0.82408 0.82977 0.21649 -0.51441 0.92953 0.35404 -0.10309 0.84479 0.42246 0.32841 0.59233 0.40821 0.69463 0.22215 0.31411 0.92303 -0.19243 0.1588 0.96838 -0.5693 -0.026965 0.82169 -0.83381 -0.20639 0.51201 -0.93358 -0.34393 0.10069 -0.84884 -0.41236 -0.33081 -0.59638 -0.39811 -0.69703 -0.2262 -0.30401 -0.92543 0.18838 -0.14869 -0.97077 0.45095 -0.037071 -0.89178 0.76073 0.14869 -0.63181 0.92024 0.30401 -0.24646 0.89788 0.39811 0.18794 0.69809 0.41236 0.58535 0.36043 0.34393 0.86706 -0.048212 0.20639 0.97728 -0.44691 0.026965 0.89417 -0.75668 -0.1588 0.6342 -0.91619 -0.31411 0.24886 -0.89383 -0.40821 -0.18554 -0.69404 -0.42246 -0.58295 -0.35638 -0.35404 -0.86467 0.05226 -0.21649 -0.97488 -0.36315 0.90657 -0.21507 0.36315 -0.90657 0.21507 0.67507 0.044812 -0.73639 0.87291 0.26918 -0.40689 0.89741 0.44118 0.0028264 0.74371 0.52675 0.41162 0.44225 0.50893 0.73851 0.052743 0.39126 0.91877 -0.34767 0.19704 0.91668 -0.67968 -0.035265 0.73266 -0.87752 -0.25964 0.40316 -0.90202 -0.43164 -0.0065585 -0.74832 -0.5172 -0.41535 -0.44686 -0.49938 -0.74225 -0.057354 -0.38171 -0.9225 0.34306 -0.18749 -0.92041 0.57951 -0.044812 -0.81374 0.82869 0.18749 -0.52738 0.91419 0.38171 -0.1362 0.81909 0.49938 0.28233 0.56221 0.5172 0.64531 0.19444 0.43164 0.88084 -0.21139 0.25964 0.94229 -0.57489 0.035265 0.81747 -0.82408 -0.19704 0.53111 -0.90958 -0.39126 0.13993 -0.81448 -0.50893 -0.2786 -0.5576 -0.52675 -0.64158 -0.18982 -0.44118 -0.87711 0.216 -0.26918 -0.93855 -0.41026 0.84938 -0.33204 0.41026 -0.84938 0.33204 0.9486 0.058008 -0.31113 0.93238 0.36119 0.014258 0.73122 0.5936 0.33609 0.38495 0.70922 0.59061 -0.037848 0.68514 0.72743 -0.45343 0.52614 0.71943 -0.77949 0.2637 0.56821 -0.95144 -0.050195 0.30371 -0.93523 -0.35337 -0.021679 -0.73407 -0.58579 -0.34351 -0.3878 -0.7014 -0.59803 0.035002 -0.67733 -0.73485 0.45059 -0.51832 -0.72685 0.77664 -0.25589 -0.57563 0.91336 -0.058008 -0.40301 0.96238 0.25589 -0.091363 0.82108 0.51832 0.23911 0.51743 0.67733 0.52297 0.11158 0.7014 0.70398 -0.31608 0.58579 0.74629 -0.68086 0.35337 0.64152 -0.91051 0.050195 0.41043 -0.95953 -0.2637 0.098785 -0.81823 -0.52614 -0.23169 -0.51458 -0.68514 -0.51555 -0.10873 -0.70922 -0.69655 0.31893 -0.5936 -0.73887 0.68371 -0.36119 -0.6341 -0.25539 0.70099 -0.66587 0.25539 -0.70099 0.66587</float_array><technique_common><accessor source="#c2-na" count="360" stride="3"><param name="X" type="float"/><param name="Y" type="float"/><param name="Z" type="float"/></accessor></technique_common></source><vertices id="c2-v"><input semantic="POSITION" source="#c2-p"/><input semantic="NORMAL" source="#c2-n"/></vertices><triangles count="672" material="c2"><input semantic="VERTEX" source="#c2-v" offset="0"/><p>0 1 15 0 15 14 28 1 0 29 14 15 1 2 16 1 16 15 28 2 1 29 15 16 2 3 17 2 17 16 28 3 2 29 16 17 3 4 18 3 18 17 28 4 3 29 17 18 4 5 19 4 19 18 28 5 4 29 18 19 5 6 20 5 20 19 28 6 5 29 19 20 6 7 21 6 21 20 28 7 6 29 20 21 7 8 22 7 22 21 28 8 7 29 21 22 8 9 23 8 23 22 28 9 8 29 22 23 9 10 24 9 24 23 28 10 9 29 23 24 10 11 25 10 25 24 28 11 10 29 24 25 11 12 26 11 26 25 28 12 11 29 25 26 12 13 27 12 27 26 28 13 12 29 26 27 13 0 14 13 14 27 28 0 13 29 27 14 30 31 45 30 45 44 58 31 30 59 44 45 31 32 46 31 46 45 58 32 31 59 45 46 32 33 47 32 47 46 58 33 32 59 46 47 33 34 48 33 48 47 58 34 33 59 47 48 34 35 49 34 49 48 58 35 34 59 48 49 35 36 50 35 50 49 58 36 35 59 49 50 36 37 51 36 51 50 58 37 36 59 50 51 37 38 52 37 52 51 58 38 37 59 51 52 38 39 53 38 53 52 58 39 38 59 52 53 39 40 54 39 54 53 58 40 39 59 53 54 40 41 55 40 55 54 58 41 40 59 54 55 41 42 56 41 56 55 58 42 41 59 55 56 42 43 57 42 57 56 58 43 42 59 56 57 43 30 44 43 44 57 58 30 43 59 57 44 60 61 75 60 75 74 88 61 60 89 74 75 61 62 76 61 76 75 88 62 61 89 75 76 62 63 77 62 77 76 88 63 62 89 76 77 63 64 78 63 78 77 88 64 63 89 77 78 64 65 79 64 79 78 88 65 64 89 78 79 65 66 80 65 80 79 88 66 65 89 79 80 66 67 81 66 81 80 88 67 66 89 80 81 67 68 82 67 82 81 88 68 67 89 81 82 68 69 83 68 83 82 88 69 68 89 82 83 69 70 84 69 84 83 88 70 69 89 83 84 70 71 85 70 85 84 88 71 70 89 84 85 71 72 86 71 86 85 88 72 71 89 85 86 72 73 87 72 87 86 88 73 72 89 86 87 73 60 74 73 74 87 88 60 73 89 87 74 90 91 105 90 105 104 118 91 90 119 104 105 91 92 106 91 106 105 118 92 91 119 105 106 92 93 107 92 107 106 118 93 92 119 106 107 93 94 108 93 108 107 118 94 93 119 107 108 94 95 109 94 109 108 118 95 94 119 108 109 95 96 110 95 110 109 118 96 95 119 109 110 96 97 111 96 111 110 118 97 96 119 110 111 97 98 112 97 112 111 118 98 97 119 111 112 98 99 113 98 113 112 118 99 98 119 112 113 99 100 114 99 114 113 118 100 99 119 113 114 100 101 115 100 115 114 118 101 100 119 114 115 101 102 116 101 116 115 118 102 101 119 115 116 102 103 117 102 117 116 118 103 102 119 116 117 103 90 104 103 104 117 118 90 103 119 117 104 120 121 135 120 135 134 148 121 120 149 134 135 121 122 136 121 136 135 148 122 121 149 135 136 122 123 137 122 137 136 148 123 122 149 136 137 123 124 138 123 138 137 148 124 123 149 137 138 124 125 139 124 139 138 148 125 124 149 138 139 125 126 140 125 140 139 148 126 125 149 139 140 126 127 141 126 141 140 148 127 126 149 140 141 127 128 142 127 142 141 148 128 127 149 141 142 128 129 143 128 143 142 148 129 128 149 142 143 129 130 144 129 144 143 148 130 129 149 143 144 130 131 145 130 145 144 148 131 130 149 144 145 131 132 146 131 146 145 148 132 131 149 145 146 132 133 147 132 147 146 148 133 132 149 146 147 133 120 134 133 134 147 148 120 133 149 147 134 150 151 165 150 165 164 178 151 150 179 164 165 151 152 166 151 166 165 178 152 151 179 165 166 152 153 167 152 167 166 178 153 152 179 166 167 153 154 168 153 168 167 178 154 153 179 167 168 154 155 169 154 169 168 178 155 154 179 168 169 155 156 170 155 170 169 178 156 155 179 169 170 156 157 171 156 171 170 178 157 156 179 170 171 157 158 172 157 172 171 178 158 157 179 171 172 158 159 173 158 173 172 178 159 158 179 172 173 159 160 174 159 174 173 178 160 159 179 173 174 160 161 175 160 175 174 178 161 160 179 174 175 161 162 176 161 176 175 178 162 161 179 175 176 162 163 177 162 177 176 178 163 162 179 176 177 163 150 164 163 164 177 178 150 163 179 177 164 180 181 195 180 195 194 208 181 180 209 194 195 181 182 196 181 196 195 208 182 181 209 195 196 182 183 197 182 197 196 208 183 182 209 196 197 183 184 198 183 198 197 208 184 183 209 197 198 184 185 199 184 199 198 208 185 184 209 198 199 185 186 200 185 200 199 208 186 185 209 199 200 186 187 201 186 201 200 208 187 186 209 200 201 187 188 202 187 202 201 208 188 187 209 201 202 188 189 203 188 203 202 208 189 188 209 202 203 189 190 204 189 204 203 208 190 189 209 203 204 190 191 205 190 205 204 208 191 190 209 204 205 191 192 206 191 206 205 208 192 191 209 205 206 192 193 207 192 207 206 208 193 192 209 206 207 193 180 194 193 194 207 208 180 193 209 207 194 210 211 225 210 225 224 238 211 210 239 224 225 211 212 226 211 226 225 238 212 211 239 225 226 212 213 227 212 227 226 238 213 212 239 226 227 213 214 228 213 228 227 238 214 213 239 227 228 214 215 229 214 229 228 238 215 214 239 228 229 215 216 230 215 230 229 238 216 215 239 229 230 216 217 231 216 231 230 238 217 216 239 230 231 217 218 232 217 232 231 238 218 217 239 231 232 218 219 233 218 233 232 238 219 218 239 232 233 219 220 234 219 234 233 238 220 219 239 233 234 220 221 235 220 235 234 238 221 220 239 234 235 221 222 236 221 236 235 238 222 221 239 235 236 222 223 237 222 237 236 238 223 222 239 236 237 223 210 224 223 224 237 238 210 223 239 237 224 240 241 255 240 255 254 268 241 240 269 254 255 241 242 256 241 256 255 268 242 241 269 255 256 242 243 257 242 257 256 268 243 242 269 256 257 243 244 258 243 258 257 268 244 243 269 257 258 244 245 259 244 259 258 268 245 244 269 258 259 245 246 260 245 260 259 268 246 245 269 259 260 246 247 261 246 261 260 268 247 246 269 260 261 247 248 262 247 262 261 268 248 247 269 261 262 248 249 263 248 263 262 268 249 248 269 262 263 249 250 264 249 264 263 268 250 249 269 263 264 250 251 265 250 265 264 268 251 250 269 264 265 251 252 266 251 266 265 268 252 251 269 265 266 252 253 267 252 267 266 268 253 252 269 266 267 253 240 254 253 254 267 268 240 253 269 267 254 270 271 285 270 285 284 298 271 270 299 284 285 271 272 286 271 286 285 298 272 271 299 285 286 272 273 287 272 287 286 298 273 272 299 286 287 273 274 288 273 288 287 298 274 273 299 287 288 274 275 289 274 289 288 298 275 274 299 288 289 275 276 290 275 290 289 298 276 275 299 289 290 276 277 291 276 291 290 298 277 276 299 290 291 277 278 292 277 292 291 298 278 277 299 291 292 278 279 293 278 293 292 298 279 278 299 292 293 279 280 294 279 294 293 298 280 279 299 293 294 280 281 295 280 295 294 298 281 280 299 294 295 281 282 296 281 296 295 298 282 281 299 295 296 282 283 297 282 297 296 298 283 282 299 296 297 283 270 284 283 284 297 298 270 283 299 297 284 300 301 315 300 315 314 328 301 300 329 314 315 301 302 316 301 316 315 328 302 301 329 315 316 302 303 317 302 317 316 328 303 302 329 316 317 303 304 318 303 318 317 328 304 303 329 317 318 304 305 319 304 319 318 328 305 304 329 318 319 305 306 320 305 320 319 328 306 305 329 319 320 306 307 321 306 321 320 328 307 306 329 320 321 307 308 322 307 322 321 328 308 307 329 321 322 308 309 323 308 323 322 328 309 308 329 322 323 309 310 324 309 324 323 328 310 309 329 323 324 310 311 325 310 325 324 328 311 310 329 324 325 311 312 326 311 326 325 328 312 311 329 325 326 312 313 327 312 327 326 328 313 312 329 326 327 313 300 314 313 314 327 328 300 313 329 327 314 330 331 345 330 345 344 358 331 330 359 344 345 331 332 346 331 346 345 358 332 331 359 345 346 332 333 347 332 347 346 358 333 332 359 346 347 333 334 348 333 348 347 358 334 333 359 347 348 334 335 349 334 349 348 358 335 334 359 348 349 335 336 350 335 350 349 358 336 335 359 349 350 336 337 351 336 351 350 358 337 336 359 350 351 337 338 352 337 352 351 358 338 337 359 351 352 338 339 353 338 353 352 358 339 338 359 352 353 339 340 354 339 354 353 358 340 339 359 353 354 340 341 355 340 355 354 358 341 340 359 354 355 341 342 356 341 356 355 358 342 341 359 355 356 342 343 357 342 357 356 358 343 342 359 356 357 343 330 344 343 344 357 358 330 343 359 357 344</p></triangles></mesh></geometry>
<geometry id="c3-mesh"><mesh><source id="c3-p"><float_array id="c3-pa" count="432">-5.1387 -4.5013 1.0276 -5.1861 -4.5119 1.2627 -5.3844 4.2885 1.3725 -5.4319 4.2779 1.6075 6.0319 -4.2779 3.2925 5.9844 -4.2885 3.5275 5.7861 4.5119 3.6373 5.7387 4.5013 3.8724 -5.5013 -4.25 5.7375 -5.4953 -4.25 5.9774 -5.5013 4.25 5.7375 -5.4953 4.25 5.9774 5.4953 -4.25 5.4626 5.5013 -4.25 5.7025 5.4953 4.25 5.4626 5.5013 4.25 5.7025 -5.4991 -4.25 9.115 -5.4871 -4.25 9.3547 -5.4991 4.25 9.115 -5.4871 4.25 9.3547 5.4871 -4.25 8.5653 5.4991 -4.25 8.805 5.4871 4.25 8.5653 5.4991 4.25 8.805 -5.4935 -4.25 12.492 -5.4755 -4.25 12.732 -5.4935 4.25 12.492 -5.4755 4.25 12.732 5.4755 -4.25 11.668 5.4935 -4.25 11.908 5.4755 4.25 11.668 5.4935 4.25 11.908 -5.4902 -4.25 12.15 -5.5012 -4.25 12.369 -5.4902 4.25 12.15 -5.5012 4.25 12.369 1.3212 -4.25 12.491 1.3102 -4.25 12.71 1.3212 4.25 12.491 1.3102 4.25 12.71 7.7875 -1.7304 0.16117 7.7657 -1.7114 0.38773 5.6956 1.0248 -0.27124 5.6738 1.0438 -0.044676 11.272 0.93297 0.27308 11.25 0.95198 0.49964 9.1803 3.6882 -0.15933 9.1585 3.7072 0.067235 6.7576 -0.79645 0.45146 6.7831 -0.78089 0.77227 5.5646 0.54961 0.481 5.5901 0.56517 0.80181 9.4579 1.604 0.12039 9.4834 1.6196 0.4412 8.2649 2.9501 0.14993 8.2904 2.9657 0.47074 7.4179 0.96803 1.1467 7.4515 0.96246 1.4045 7.381 0.40688 1.1394 7.4146 0.40131 1.3972 6.535 1.0245 1.263 6.5686 1.0189 1.5208 6.4981 0.46334 1.2557 6.5317 0.45777 1.5135 4.1756 -1.898 0.36391 4.2622 -1.8379 0.23808 3.9704 -1.92 0.21227 4.057 -1.8599 0.086439 4.297 -2.2963 0.25736 4.3836 -2.2362 0.13153 4.0918 -2.3183 0.10572 4.1784 -2.2582 -0.020108 10.212 2.1062 0.59043 10.332 2.4538 0.40191 9.7508 2.1018 0.28967 9.8703 2.4494 0.10115 10.426 1.8576 0.26705 10.545 2.2052 0.078526 9.9639 1.8532 -0.033711 10.083 2.2008 -0.22223 8.6903 -0.24055 0.25124 8.685 -0.13359 0.27767 8.4824 -0.27237 0.33834 8.4771 -0.16542 0.36477 8.5431 -0.16758 -0.07357 8.5378 -0.060625 -0.047141 8.3352 -0.19941 0.013531 8.3299 -0.092451 0.03996 5.1464 4.0838 0.49267 5.0444 4.1909 0.44906 4.8879 3.8096 0.42364 4.7859 3.9167 0.38003 5.3105 4.0479 0.020772 5.2085 4.155 -0.02284 5.052 3.7737 -0.048255 4.95 3.8808 -0.091867 9.4856 4.1994 0.84142 9.3501 3.4909 0.86327 10.02 4.0967 0.82801 9.8847 3.3882 0.84986 9.4575 4.1758 -0.097862 9.322 3.4673 -0.076009 9.9921 4.0731 -0.11127 9.8566 3.3646 -0.089421 -6.7057 -3.99 0.19764 -6.6838 -3.9404 0.62491 -9.3541 -2.45 0.15472 -9.3322 -2.4004 0.58199 -5.3108 -1.6008 -0.15139 -5.2889 -1.5512 0.27588 -7.9592 -0.060828 -0.19431 -7.9373 -0.01121 0.23296 -5.6546 -1.8335 0.46284 -5.6749 -1.8575 0.74751 -6.4641 -3.6788 0.24934 -6.4845 -3.7028 0.534 -7.4227 -1.0508 0.4024 -7.4431 -1.0748 0.68706 -8.2323 -2.8961 0.18889 -8.2526 -2.9201 0.47356 -7.204 -4.0501 0.34905 -7.1652 -4.1264 0.78023 -8.792 -3.5238 0.58516 -8.7532 -3.6002 1.0163 -6.821 -2.965 0.50666 -6.7822 -3.0414 0.93784 -8.409 -2.4388 0.74277 -8.3702 -2.5151 1.174 -9.4992 -1.3305 0.4665 -9.4632 -1.517 0.25761 -8.83 -1.693 0.90532 -8.794 -1.8794 0.69643 -8.9086 -0.74716 0.047575 -8.8726 -0.93361 -0.16132 -8.2394 -1.1096 0.48639 -8.2034 -1.2961 0.2775 -8.8107 -1.5873 0.52219 -8.4035 -1.8286 0.925 -8.3634 -1.1189 0.35059 -7.9562 -1.3602 0.7534 -8.5134 -2.0922 -0.080803 -8.1062 -2.3335 0.32201 -8.0661 -1.6238 -0.2524 -7.6589 -1.8651 0.15041</float_array><technique_common><accessor source="#c3-pa" count="144" stride="3"><param name="X" type="float"/><param name="Y" type="float"/><param name="Z" type="float"/></accessor></technique_common></source><source id="c3-n"><float_array id="c3-na" count="432">0.1777 0.016288 -0.98395 -0.20757 -0.05777 0.97651 0.17522 0.097854 -0.97965 -0.23939 -0.017513 0.97077 0.23939 0.017513 -0.97077 -0.17522 -0.097854 0.97965 0.20757 0.05777 -0.97651 -0.1777 -0.016288 0.98395 -0.046779 -0.028217 -0.99851 0.014089 -0.014115 0.9998 -0.046723 0.056367 -0.99732 -0.0186 0.028197 0.99943 0.0186 -0.028197 -0.99943 0.046723 -0.056367 0.99732 -0.014089 0.014115 -0.9998 0.046779 0.028217 0.99851 -0.071724 -0.028217 -0.99703 0.039077 -0.014115 0.99914 -0.071639 0.056367 -0.99584 0.0063887 0.028197 0.99958 -0.0063887 -0.028197 -0.99958 0.071639 -0.056367 0.99584 -0.039077 0.014115 -0.99914 0.071724 0.028217 0.99703 -0.096625 -0.028217 -0.99492 0.064041 -0.014115 0.99785 -0.09651 0.056367 -0.99373 0.031374 0.028197 0.99911 -0.031374 -0.028197 -0.99911 0.09651 -0.056367 0.99373 -0.064041 0.014115 -0.99785 0.096625 0.028217 0.99492 0.017746 -0.02586 -0.99951 -0.066074 -0.012938 0.99773 0.017728 0.051669 -0.99851 -0.11414 0.02582 0.99313 0.11414 -0.02582 -0.99313 -0.017728 -0.051669 0.99851 0.066074 0.012938 -0.99773 -0.017746 0.02586 0.99951 0.093088 -0.166 -0.98172 -0.096384 0.041481 0.99448 -0.024279 -0.011147 -0.99964 -0.21583 0.07124 0.97383 0.21583 -0.07124 -0.97383 0.024279 0.011147 0.99964 0.096384 -0.041481 -0.99448 -0.093088 0.166 0.98172 -0.025943 -0.2364 -0.97131 0.10497 -0.047854 0.99332 -0.35913 0.15103 -0.92099 -0.16661 0.062836 0.98402 0.16661 -0.062836 -0.98402 0.35913 -0.15103 0.92099 -0.10497 0.047854 -0.99332 0.025943 0.2364 0.97131 0.16627 0.40751 -0.89794 0.27837 0.193 0.94088 0.070774 -0.66038 -0.74759 0.54212 -0.41697 0.72954 -0.54212 0.41697 -0.72954 -0.070774 0.66038 0.74759 -0.27837 -0.193 -0.94088 -0.16627 -0.40751 0.89794 -0.097674 0.034416 0.99462 0.68421 0.53432 -0.49635 -0.99543 -0.073068 0.061451 -0.14281 0.72135 -0.67769 0.14281 -0.72135 0.67769 0.99543 0.073068 -0.061451 -0.68421 -0.53432 0.49635 0.097674 -0.034416 -0.99462 -0.04981 -0.22778 0.97244 0.34136 0.93833 0.054946 -0.97399 -0.18313 0.13344 -0.53497 0.82525 0.18102 0.53497 -0.82525 -0.18102 0.97399 0.18313 -0.13344 -0.34136 -0.93833 -0.054946 0.04981 0.22778 -0.97244 0.53225 -0.83589 -0.13416 0.22542 0.93572 0.2713 -0.50125 -0.81817 0.28169 -0.19386 0.61665 0.76299 0.19386 -0.61665 -0.76299 0.50125 0.81817 -0.28169 -0.22542 -0.93572 -0.2713 -0.53225 0.83589 0.13416 0.74229 -0.34293 0.57568 -0.55845 0.82367 -0.098447 0.013249 -0.94595 0.32405 -0.91405 0.36298 0.18099 0.91405 -0.36298 -0.18099 -0.013249 0.94595 -0.32405 0.55845 -0.82367 0.098447 -0.74229 0.34293 -0.57568 -0.59605 0.68392 0.4207 -0.65641 -0.67267 0.34153 0.95835 0.17086 0.22883 0.51255 -0.52761 0.67744 -0.51255 0.52761 -0.67744 -0.95835 -0.17086 -0.22883 0.65641 0.67267 -0.34153 0.59605 -0.68392 -0.4207 -0.0065253 -0.31148 -0.95023 0.072639 0.013634 0.99727 -0.35346 -0.10115 -0.92997 -0.21318 -0.074633 0.97416 0.21318 0.074633 -0.97416 0.35346 0.10115 0.92997 -0.072639 -0.013634 -0.99727 0.0065253 0.31148 0.95023 0.25751 0.14953 -0.95464 0.024675 -0.049152 0.99849 0.089034 -0.22244 -0.97087 0.13594 -0.31575 0.93905 -0.13594 0.31575 -0.93905 -0.089034 0.22244 0.97087 -0.024675 0.049152 -0.99849 -0.25751 -0.14953 0.95464 0.028579 -0.2372 -0.97104 0.14441 -0.38106 0.9132 -0.59054 -0.015053 -0.80687 -0.31688 -0.62443 0.71391 0.31688 0.62443 -0.71391 0.59054 0.015053 0.80687 -0.14441 0.38106 -0.9132 -0.028579 0.2372 0.97104 -0.51687 0.55113 0.65506 -0.089149 -0.67315 -0.73411 0.13794 0.16697 0.97627 -0.011018 -0.96762 -0.25215 0.011018 0.96762 0.25215 -0.13794 -0.16697 -0.97627 0.089149 0.67315 0.73411 0.51687 -0.55113 -0.65506 -0.98998 0.11837 0.077063 0.18474 -0.42189 0.88763 0.14418 0.95324 -0.26559 0.37366 0.57073 0.7312 -0.37366 -0.57073 -0.7312 -0.14418 -0.95324 0.26559 -0.18474 0.42189 -0.88763 0.98998 -0.11837 -0.077063</float_array><technique_common><accessor source="#c3-na" count="144" stride="3"><param name="X" type="float"/><param name="Y" type="float"/><param name="Z" type="float"/></accessor></technique_common></source><vertices id="c3-v"><input semantic="POSITION" source="#c3-p"/><input semantic="NORMAL" source="#c3-n"/></vertices><triangles count="216" material="c3"><input semantic="VERTEX" source="#c3-v" offset="0"/><p>0 1 3 0 3 2 4 6 7 4 7 5 0 4 5 0 5 1 2 3 7 2 7 6 0 2 6 0 6 4 1 5 7 1 7 3 8 9 11 8 11 10 12 14 15 12 15 13 8 12 13 8 13 9 10 11 15 10 15 14 8 10 14 8 14 12 9 13 15 9 15 11 16 17 19 16 19 18 20 22 23 20 23 21 16 20 21 16 21 17 18 19 23 18 23 22 16 18 22 16 22 20 17 21 23 17 23 19 24 25 27 24 27 26 28 30 31 28 31 29 24 28 29 24 29 25 26 27 31 26 31 30 24 26 30 24 30 28 25 29 31 25 31 27 32 33 35 32 35 34 36 38 39 36 39 37 32 36 37 32 37 33 34 35 39 34 39 38 32 34 38 32 38 36 33 37 39 33 39 35 40 41 43 40 43 42 44 46 47 44 47 45 40 44 45 40 45 41 42 43 47 42 47 46 40 42 46 40 46 44 41 45 47 41 47 43 48 49 51 48 51 50 52 54 55 52 55 53 48 52 53 48 53 49 50 51 55 50 55 54 48 50 54 48 54 52 49 53 55 49 55 51 56 57 59 56 59 58 60 62 63 60 63 61 56 60 61 56 61 57 58 59 63 58 63 62 56 58 62 56 62 60 57 61 63 57 63 59 64 65 67 64 67 66 68 70 71 68 71 69 64 68 69 64 69 65 66 67 71 66 71 70 64 66 70 64 70 68 65 69 71 65 71 67 72 73 75 72 75 74 76 78 79 76 79 77 72 76 77 72 77 73 74 75 79 74 79 78 72 74 78 72 78 76 73 77 79 73 79 75 80 81 83 80 83 82 84 86 87 84 87 85 80 84 85 80 85 81 82 83 87 82 87 86 80 82 86 80 86 84 81 85 87 81 87 83 88 89 91 88 91 90 92 94 95 92 95 93 88 92 93 88 93 89 90 91 95 90 95 94 88 90 94 88 94 92 89 93 95 89 95 91 96 97 99 96 99 98 100 102 103 100 103 101 96 100 101 96 101 97 98 99 103 98 103 102 96 98 102 96 102 100 97 101 103 97 103 99 104 105 107 104 107 106 108 110 111 108 111 109 104 108 109 104 109 105 106 107 111 106 111 110 104 106 110 104 110 108 105 109 111 105 111 107 112 113 115 112 115 114 116 118 119 116 119 117 112 116 117 112 117 113 114 115 119 114 119 118 112 114 118 112 118 116 113 117 119 113 119 115 120 121 123 120 123 122 124 126 127 124 127 125 120 124 125 120 125 121 122 123 127 122 127 126 120 122 126 120 126 124 121 125 127 121 127 123 128 129 131 128 131 130 132 134 135 132 135 133 128 132 133 128 133 129 130 131 135 130 135 134 128 130 134 128 134 132 129 133 135 129 135 131 136 137 139 136 139 138 140 142 143 140 143 141 136 140 141 136 141 137 138 139 143 138 143 142 136 138 142 136 142 140 137 141 143 137 143 139</p></triangles></mesh></geometry>
<geometry id="c4-mesh"><mesh><source id="c4-p"><float_array id="c4-pa" count="24">-3.8 -0.9 0.5 -3.8 -0.9 1.4 -3.8 1.3 0.5 -3.8 1.3 1.4 -1.4 -0.9 0.5 -1.4 -0.9 1.4 -1.4 1.3 0.5 -1.4 1.3 1.4</float_array><technique_common><accessor source="#c4-pa" count="8" stride="3"><param name="X" type="float"/><param name="Y" type="float"/><param name="Z" type="float"/></accessor></technique_common></source><source id="c4-n"><float_array id="c4-na" count="24">-0.32789 -0.3577 -0.87438 -0.18067 -0.1971 0.96359 -0.27873 0.60814 -0.74328 -0.57024 0.31104 0.76032 0.57024 -0.31104 -0.76032 0.27873 -0.60814 0.74328 0.18067 0.1971 -0.96359 0.32789 0.3577 0.87438</float_array><technique_common><accessor source="#c4-na" count="8" stride="3"><param name="X" type="float"/><param name="Y" type="float"/><param name="Z" type="float"/></accessor></technique_common></source><vertices id="c4-v"><input semantic="POSITION" source="#c4-p"/><input semantic="NORMAL" source="#c4-n"/></vertices><triangles count="12" material="c4"><input semantic="VERTEX" source="#c4-v" offset="0"/><p>0 1 3 0 3 2 4 6 7 4 7 5 0 4 5 0 5 1 2 3 7 2 7 6 0 2 6 0 6 4 1 5 7 1 7 3</p></triangles></mesh></geometry>
<geometry id="c5-mesh"><mesh><source id="c5-p"><float_array id="c5-pa" count="384">-5.5 4.14 2.6 -5.5 4.14 5.6 -5.5 4.36 2.6 -5.5 4.36 5.6 5.5 4.14 2.6 5.5 4.14 5.6 5.5 4.36 2.6 5.5 4.36 5.6 -5.61 -4.25 2.6 -5.61 -4.25 5.6 -5.61 4.25 2.6 -5.61 4.25 5.6 -5.39 -4.25 2.6 -5.39 -4.25 5.6 -5.39 4.25 2.6 -5.39 4.25 5.6 -5.225 -4.36 2.6 -5.225 -4.36 4.4 -5.225 -4.14 2.6 -5.225 -4.14 4.4 0.825 -4.36 2.6 0.825 -4.36 4.4 0.825 -4.14 2.6 0.825 -4.14 4.4 -1.3052 4.225 3.03 -1.3052 4.225 3.17 -1.3052 5.275 3.03 -1.3052 5.275 3.17 3.9821 4.225 3.03 3.9821 4.225 3.17 3.9821 5.275 3.03 3.9821 5.275 3.17 -5.6223 4.14 6.3966 -5.3228 4.14 9.3816 -5.6223 4.36 6.3966 -5.3228 4.36 9.3816 5.3228 4.14 5.2984 5.6223 4.14 8.2834 5.3228 4.36 5.2984 5.6223 4.36 8.2834 -5.6223 -4.36 6.3966 -5.3228 -4.36 9.3816 -5.6223 -4.14 6.3966 -5.3228 -4.14 9.3816 5.3228 -4.36 5.2984 5.6223 -4.36 8.2834 5.3228 -4.14 5.2984 5.6223 -4.14 8.2834 5.2408 -4.25 5.8585 5.5403 -4.25 8.8435 5.2408 -0.8 5.8585 5.5403 -0.8 8.8435 5.4597 -4.25 5.8365 5.7592 -4.25 8.8215 5.4597 -0.8 5.8365 5.7592 -0.8 8.8215 5.2408 0.8 5.8585 5.5403 0.8 8.8435 5.2408 4.25 5.8585 5.5403 4.25 8.8435 5.4597 0.8 5.8365 5.7592 0.8 8.8215 5.4597 4.25 5.8365 5.7592 4.25 8.8215 5.2408 -0.8 5.8585 5.2425 -0.8 5.8757 5.2408 0.8 5.8585 5.2425 0.8 5.8757 5.4597 -0.8 5.8365 5.4614 -0.8 5.8537 5.4597 0.8 5.8365 5.4614 0.8 5.8537 5.484 -0.8 8.2819 5.5403 -0.8 8.8435 5.484 0.8 8.2819 5.5403 0.8 8.8435 5.7029 -0.8 8.2599 5.7592 -0.8 8.8215 5.7029 0.8 8.2599 5.7592 0.8 8.8215 -5.7592 -4.25 5.8585 -5.4597 -4.25 8.8435 -5.7592 4.25 5.8585 -5.4597 4.25 8.8435 -5.5403 -4.25 5.8365 -5.2408 -4.25 8.8215 -5.5403 4.25 5.8365 -5.2408 4.25 8.8215 -2.5659 -5.275 6.27 -2.5659 -5.275 6.41 -2.5659 -4.225 6.27 -2.5659 -4.225 6.41 2.5267 -5.275 6.27 2.5267 -5.275 6.41 2.5267 -4.225 6.27 2.5267 -4.225 6.41 -5.6624 4.14 9.9188 -5.2141 4.14 12.885 -5.6624 4.36 9.9188 -5.2141 4.36 12.885 5.2141 4.14 8.2749 5.6624 4.14 11.241 5.2141 4.36 8.2749 5.6624 4.36 11.241 -5.6624 -4.36 9.9188 -5.2141 -4.36 12.885 -5.6624 -4.14 9.9188 -5.2141 -4.14 12.885 5.2141 -4.36 8.2749 5.6624 -4.36 11.241 5.2141 -4.14 8.2749 5.6624 -4.14 11.241 -5.8329 -4.25 9.1133 -5.3846 -4.25 12.08 -5.8329 4.25 9.1133 -5.3846 4.25 12.08 -5.6154 -4.25 9.0804 -5.1671 -4.25 12.047 -5.6154 4.25 9.0804 -5.1671 4.25 12.047 0.04915 -5.275 9.51 0.04915 -5.275 9.65 0.04915 -4.225 9.51 0.04915 -4.225 9.65 3.9671 -5.275 9.51 3.9671 -5.275 9.65 3.9671 -4.225 9.51 3.9671 -4.225 9.65</float_array><technique_common><accessor source="#c5-pa" count="128" stride="3"><param name="X" type="float"/><param name="Y" type="float"/><param name="Z" type="float"/></accessor></technique_common></source><source id="c5-n"><float_array id="c5-na" count="384">-0.019942 -0.99712 -0.073122 -0.019784 -0.98922 0.14509 -0.0099928 0.99928 -0.03664 -0.039861 0.99653 0.073079 0.039861 -0.99653 -0.073079 0.0099928 -0.99928 0.03664 0.019784 0.98922 -0.14509 0.019942 0.99712 0.073122 -0.99699 -0.025804 -0.073113 -0.98909 -0.0256 0.14507 -0.996 0.051557 -0.07304 -0.99924 0.012931 0.036639 0.99924 -0.012931 -0.036639 0.996 -0.051557 0.07304 0.98909 0.0256 -0.14507 0.99699 0.025804 0.073113 -0.036072 -0.99197 -0.12124 -0.035302 -0.97079 0.23731 -0.018145 0.99797 -0.060987 -0.072003 0.99004 0.121 0.072003 -0.99004 -0.121 0.018145 -0.99797 0.060987 0.035302 0.97079 -0.23731 0.036072 0.99197 0.12124 -0.026237 -0.13212 -0.99089 -0.013209 -0.066513 0.9977 -0.025576 0.25758 -0.96592 -0.05242 0.13198 0.98987 0.05242 -0.13198 -0.98987 0.025576 -0.25758 0.96592 0.013209 0.066513 -0.9977 0.026237 0.13212 0.99089 -0.027143 -0.99712 -0.070766 -0.0052012 -0.98922 0.14634 -0.013601 0.99928 -0.03546 -0.032366 0.99653 0.076693 0.032366 -0.99653 -0.076693 0.013601 -0.99928 0.03546 0.0052012 0.98922 -0.14634 0.027143 0.99712 0.070766 -0.027143 -0.99712 -0.070766 -0.0052012 -0.98922 0.14634 -0.013601 0.99928 -0.03546 -0.032366 0.99653 0.076693 0.032366 -0.99653 -0.076693 0.013601 -0.99928 0.03546 0.0052012 0.98922 -0.14634 0.027143 0.99712 0.070766 -0.99763 -0.063469 0.02674 -0.96806 -0.062968 0.24268 -0.99165 0.12618 0.02658 -0.99018 0.031846 0.13616 0.99018 -0.031846 -0.13616 0.99165 -0.12618 -0.02658 0.96806 0.062968 -0.24268 0.99763 0.063469 -0.02674 -0.99763 -0.063469 0.02674 -0.96806 -0.062968 0.24268 -0.99165 0.12618 0.02658 -0.99018 0.031846 0.13616 0.99018 -0.031846 -0.13616 0.99165 -0.12618 -0.02658 0.96806 0.062968 -0.24268 0.99763 0.063469 -0.02674 -0.17742 -0.010765 -0.98408 0.060715 -0.0053949 0.99814 -0.17739 0.021525 -0.98391 -0.055761 0.010667 0.99839 0.055761 -0.010667 -0.99839 0.17739 -0.021525 0.98391 -0.060715 0.0053949 -0.99814 0.17742 0.010765 0.98408 -0.95552 -0.12707 -0.26616 -0.71914 -0.10781 0.68645 -0.93318 0.24821 -0.25993 -0.95536 0.067327 0.28767 0.95536 -0.067327 -0.28767 0.93318 -0.24821 0.25993 0.71914 0.10781 -0.68645 0.95552 0.12707 0.26616 -0.99931 -0.025804 0.026786 -0.96967 -0.0256 0.24309 -0.99831 0.051557 0.026759 -0.9906 0.012931 0.13621 0.9906 -0.012931 -0.13621 0.99831 -0.051557 -0.026759 0.96967 0.0256 -0.24309 0.99931 0.025804 -0.026786 -0.027239 -0.13211 -0.99086 -0.013713 -0.066513 0.99769 -0.026553 0.25757 -0.96589 -0.054418 0.13197 0.98976 0.054418 -0.13197 -0.98976 0.026553 -0.25757 0.96589 0.013713 0.066513 -0.99769 0.027239 0.13211 0.99086 -0.030646 -0.99712 -0.069321 0.0021191 -0.98922 0.14641 -0.015356 0.99928 -0.034735 -0.028493 0.99653 0.078215 0.028493 -0.99653 -0.078215 0.015356 -0.99928 0.034735 -0.0021191 0.98922 -0.14641 0.030646 0.99712 0.069321 -0.030646 -0.99712 -0.069321 0.0021191 -0.98922 0.14641 -0.015356 0.99928 -0.034735 -0.028493 0.99653 0.078215 0.028493 -0.99653 -0.078215 0.015356 -0.99928 0.034735 -0.0021191 0.98922 -0.14641 0.030646 0.99712 0.069321 -0.99672 -0.025804 0.076697 -0.95631 -0.0256 0.29125 -0.99573 0.051557 0.07662 -0.98255 0.012931 0.18555 0.98255 -0.012931 -0.18555 0.99573 -0.051557 -0.07662 0.95631 0.0256 -0.29125 0.99672 0.025804 -0.076697 -0.035398 -0.13208 -0.99061 -0.017824 -0.066508 0.99763 -0.034506 0.25751 -0.96566 -0.070663 0.13183 0.98875 0.070663 -0.13183 -0.98875 0.034506 -0.25751 0.96566 0.017824 0.066508 -0.99763 0.035398 0.13208 0.99061</float_array><technique_common><accessor source="#c5-na" count="128" stride="3"><param name="X" type="float"/><param name="Y" type="float"/><param name="Z" type="float"/></accessor></technique_common></source><vertices id="c5-v"><input semantic="POSITION" source="#c5-p"/><input semantic="NORMAL" source="#c5-n"/></vertices><triangles count="192" material="c5"><input semantic="VERTEX" source="#c5-v" offset="0"/><p>0 1 3 0 3 2 4 6 7 4 7 5 0 4 5 0 5 1 2 3 7 2 7 6 0 2 6 0 6 4 1 5 7 1 7 3 8 9 11 8 11 10 12 14 15 12 15 13 8 12 13 8 13 9 10 11 15 10 15 14 8 10 14 8 14 12 9 13 15 9 15 11 16 17 19 16 19 18 20 22 23 20 23 21 16 20 21 16 21 17 18 19 23 18 23 22 16 18 22 16 22 20 17 21 23 17 23 19 24 25 27 24 27 26 28 30 31 28 31 29 24 28 29 24 29 25 26 27 31 26 31 30 24 26 30 24 30 28 25 29 31 25 31 27 32 33 35 32 35 34 36 38 39 36 39 37 32 36 37 32 37 33 34 35 39 34 39 38 32 34 38 32 38 36 33 37 39 33 39 35 40 41 43 40 43 42 44 46 47 44 47 45 40 44 45 40 45 41 42 43 47 42 47 46 40 42 46 40 46 44 41 45 47 41 47 43 48 49 51 48 51 50 52 54 55 52 55 53 48 52 53 48 53 49 50 51 55 50 55 54 48 50 54 48 54 52 49 53 55 49 55 51 56 57 59 56 59 58 60 62 63 60 63 61 56 60 61 56 61 57 58 59 63 58 63 62 56 58 62 56 62 60 57 61 63 57 63 59 64 65 67 64 67 66 68 70 71 68 71 69 64 68 69 64 69 65 66 67 71 66 71 70 64 66 70 64 70 68 65 69 71 65 71 67 72 73 75 72 75 74 76 78 79 76 79 77 72 76 77 72 77 73 74 75 79 74 79 78 72 74 78 72 78 76 73 77 79 73 79 75 80 81 83 80 83 82 84 86 87 84 87 85 80 84 85 80 85 81 82 83 87 82 87 86 80 82 86 80 86 84 81 85 87 81 87 83 88 89 91 88 91 90 92 94 95 92 95 93 88 92 93 88 93 89 90 91 95 90 95 94 88 90 94 88 94 92 89 93 95 89 95 91 96 97 99 96 99 98 100 102 103 100 103 101 96 100 101 96 101 97 98 99 103 98 103 102 96 98 102 96 102 100 97 101 103 97 103 99 104 105 107 104 107 106 108 110 111 108 111 109 104 108 109 104 109 105 106 107 111 106 111 110 104 106 110 104 110 108 105 109 111 105 111 107 112 113 115 112 115 114 116 118 119 116 119 117 112 116 117 112 117 113 114 115 119 114 119 118 112 114 118 112 118 116 113 117 119 113 119 115 120 121 123 120 123 122 124 126 127 124 127 125 120 124 125 120 125 121 122 123 127 122 127 126 120 122 126 120 126 124 121 125 127 121 127 123</p></triangles></mesh></geometry>
<geometry id="c6-mesh"><mesh><source id="c6-p"><float_array id="c6-pa" count="1008">-4.95 4.445 3.775 -4.95 4.445 4.725 -4.95 4.495 3.775 -4.95 4.495 4.725 -3.85 4.445 3.775 -3.85 4.445 4.725 -3.85 4.495 3.775 -3.85 4.495 4.725 -2.75 4.445 3.775 -2.75 4.445 4.725 -2.75 4.495 3.775 -2.75 4.495 4.725 -1.65 4.445 3.775 -1.65 4.445 4.725 -1.65 4.495 3.775 -1.65 4.495 4.725 -0.55 4.445 3.775 -0.55 4.445 4.725 -0.55 4.495 3.775 -0.55 4.495 4.725 0.55 4.445 3.775 0.55 4.445 4.725 0.55 4.495 3.775 0.55 4.495 4.725 1.65 4.445 3.775 1.65 4.445 4.725 1.65 4.495 3.775 1.65 4.495 4.725 2.75 4.445 3.775 2.75 4.445 4.725 2.75 4.495 3.775 2.75 4.495 4.725 3.85 4.445 3.775 3.85 4.445 4.725 3.85 4.495 3.775 3.85 4.495 4.725 4.95 4.445 3.775 4.95 4.445 4.725 4.95 4.495 3.775 4.95 4.495 4.725 5.695 -3.3583 3.775 5.695 -3.3583 4.725 5.695 -2.3083 3.775 5.695 -2.3083 4.725 5.745 -3.3583 3.775 5.745 -3.3583 4.725 5.745 -2.3083 3.775 5.745 -2.3083 4.725 -5.745 -3.3583 3.775 -5.745 -3.3583 4.725 -5.745 -2.3083 3.775 -5.745 -2.3083 4.725 -5.695 -3.3583 3.775 -5.695 -3.3583 4.725 -5.695 -2.3083 3.775 -5.695 -2.3083 4.725 5.695 -0.525 3.775 5.695 -0.525 4.725 5.695 0.525 3.775 5.695 0.525 4.725 5.745 -0.525 3.775 5.745 -0.525 4.725 5.745 0.525 3.775 5.745 0.525 4.725 -5.745 -0.525 3.775 -5.745 -0.525 4.725 -5.745 0.525 3.775 -5.745 0.525 4.725 -5.695 -0.525 3.775 -5.695 -0.525 4.725 -5.695 0.525 3.775 -5.695 0.525 4.725 5.695 2.3083 3.775 5.695 2.3083 4.725 5.695 3.3583 3.775 5.695 3.3583 4.725 5.745 2.3083 3.775 5.745 2.3083 4.725 5.745 3.3583 3.775 5.745 3.3583 4.725 -5.745 2.3083 3.775 -5.745 2.3083 4.725 -5.745 3.3583 3.775 -5.745 3.3583 4.725 -5.695 2.3083 3.775 -5.695 2.3083 4.725 -5.695 3.3583 3.775 -5.695 3.3583 4.725 -4.95 4.445 7.015 -4.95 4.445 7.965 -4.95 4.495 7.015 -4.95 4.495 7.965 -3.85 4.445 7.015 -3.85 4.445 7.965 -3.85 4.495 7.015 -3.85 4.495 7.965 -4.95 -4.495 7.015 -4.95 -4.495 7.965 -4.95 -4.445 7.015 -4.95 -4.445 7.965 -3.85 -4.495 7.015 -3.85 -4.495 7.965 -3.85 -4.445 7.015 -3.85 -4.445 7.965 -2.75 4.445 7.015 -2.75 4.445 7.965 -2.75 4.495 7.015 -2.75 4.495 7.965 -1.65 4.445 7.015 -1.65 4.445 7.965 -1.65 4.495 7.015 -1.65 4.495 7.965 -2.75 -4.495 7.015 -2.75 -4.495 7.965 -2.75 -4.445 7.015 -2.75 -4.445 7.965 -1.65 -4.495 7.015 -1.65 -4.495 7.965 -1.65 -4.445 7.015 -1.65 -4.445 7.965 -0.55 4.445 7.015 -0.55 4.445 7.965 -0.55 4.495 7.015 -0.55 4.495 7.965 0.55 4.445 7.015 0.55 4.445 7.965 0.55 4.495 7.015 0.55 4.495 7.965 -0.55 -4.495 7.015 -0.55 -4.495 7.965 -0.55 -4.445 7.015 -0.55 -4.445 7.965 0.55 -4.495 7.015 0.55 -4.495 7.965 0.55 -4.445 7.015 0.55 -4.445 7.965 1.65 4.445 7.015 1.65 4.445 7.965 1.65 4.495 7.015 1.65 4.495 7.965 2.75 4.445 7.015 2.75 4.445 7.965 2.75 4.495 7.015 2.75 4.495 7.965 1.65 -4.495 7.015 1.65 -4.495 7.965 1.65 -4.445 7.015 1.65 -4.445 7.965 2.75 -4.495 7.015 2.75 -4.495 7.965 2.75 -4.445 7.015 2.75 -4.445 7.965 3.85 4.445 7.015 3.85 4.445 7.965 3.85 4.495 7.015 3.85 4.495 7.965 4.95 4.445 7.015 4.95 4.445 7.965 4.95 4.495 7.015 4.95 4.495 7.965 3.85 -4.495 7.015 3.85 -4.495 7.965 3.85 -4.445 7.015 3.85 -4.445 7.965 4.95 -4.495 7.015 4.95 -4.495 7.965 4.95 -4.445 7.015 4.95 -4.445 7.965 5.695 -3.3583 7.015 5.695 -3.3583 7.965 5.695 -2.3083 7.015 5.695 -2.3083 7.965 5.745 -3.3583 7.015 5.745 -3.3583 7.965 5.745 -2.3083 7.015 5.745 -2.3083 7.965 -5.745 -3.3583 7.015 -5.745 -3.3583 7.965 -5.745 -2.3083 7.015 -5.745 -2.3083 7.965 -5.695 -3.3583 7.015 -5.695 -3.3583 7.965 -5.695 -2.3083 7.015 -5.695 -2.3083 7.965 -5.745 -0.525 7.015 -5.745 -0.525 7.965 -5.745 0.525 7.015 -5.745 0.525 7.965 -5.695 -0.525 7.015 -5.695 -0.525 7.965 -5.695 0.525 7.015 -5.695 0.525 7.965 5.695 2.3083 7.015 5.695 2.3083 7.965 5.695 3.3583 7.015 5.695 3.3583 7.965 5.745 2.3083 7.015 5.745 2.3083 7.965 5.745 3.3583 7.015 5.745 3.3583 7.965 -5.745 2.3083 7.015 -5.745 2.3083 7.965 -5.745 3.3583 7.015 -5.745 3.3583 7.965 -5.695 2.3083 7.015 -5.695 2.3083 7.965 -5.695 3.3583 7.015 -5.695 3.3583 7.965 -4.95 4.445 10.255 -4.95 4.445 11.205 -4.95 4.495 10.255 -4.95 4.495 11.205 -3.85 4.445 10.255 -3.85 4.445 11.205 -3.85 4.495 10.255 -3.85 4.495 11.205 -4.95 -4.495 10.255 -4.95 -4.495 11.205 -4.95 -4.445 10.255 -4.95 -4.445 11.205 -3.85 -4.495 10.255 -3.85 -4.495 11.205 -3.85 -4.445 10.255 -3.85 -4.445 11.205 -2.75 4.445 10.255 -2.75 4.445 11.205 -2.75 4.495 10.255 -2.75 4.495 11.205 -1.65 4.445 10.255 -1.65 4.445 11.205 -1.65 4.495 10.255 -1.65 4.495 11.205 -2.75 -4.495 10.255 -2.75 -4.495 11.205 -2.75 -4.445 10.255 -2.75 -4.445 11.205 -1.65 -4.495 10.255 -1.65 -4.495 11.205 -1.65 -4.445 10.255 -1.65 -4.445 11.205 -0.55 4.445 10.255 -0.55 4.445 11.205 -0.55 4.495 10.255 -0.55 4.495 11.205 0.55 4.445 10.255 0.55 4.445 11.205 0.55 4.495 10.255 0.55 4.495 11.205 -0.55 -4.495 10.255 -0.55 -4.495 11.205 -0.55 -4.445 10.255 -0.55 -4.445 11.205 0.55 -4.495 10.255 0.55 -4.495 11.205 0.55 -4.445 10.255 0.55 -4.445 11.205 1.65 4.445 10.255 1.65 4.445 11.205 1.65 4.495 10.255 1.65 4.495 11.205 2.75 4.445 10.255 2.75 4.445 11.205 2.75 4.495 10.255 2.75 4.495 11.205 1.65 -4.495 10.255 1.65 -4.495 11.205 1.65 -4.445 10.255 1.65 -4.445 11.205 2.75 -4.495 10.255 2.75 -4.495 11.205 2.75 -4.445 10.255 2.75 -4.445 11.205 3.85 4.445 10.255 3.85 4.445 11.205 3.85 4.495 10.255 3.85 4.495 11.205 4.95 4.445 10.255 4.95 4.445 11.205 4.95 4.495 10.255 4.95 4.495 11.205 3.85 -4.495 10.255 3.85 -4.495 11.205 3.85 -4.445 10.255 3.85 -4.445 11.205 4.95 -4.495 10.255 4.95 -4.495 11.205 4.95 -4.445 10.255 4.95 -4.445 11.205 5.695 -3.3583 10.255 5.695 -3.3583 11.205 5.695 -2.3083 10.255 5.695 -2.3083 11.205 5.745 -3.3583 10.255 5.745 -3.3583 11.205 5.745 -2.3083 10.255 5.745 -2.3083 11.205 -5.745 -3.3583 10.255 -5.745 -3.3583 11.205 -5.745 -2.3083 10.255 -5.745 -2.3083 11.205 -5.695 -3.3583 10.255 -5.695 -3.3583 11.205 -5.695 -2.3083 10.255 -5.695 -2.3083 11.205 5.695 -0.525 10.255 5.695 -0.525 11.205 5.695 0.525 10.255 5.695 0.525 11.205 5.745 -0.525 10.255 5.745 -0.525 11.205 5.745 0.525 10.255 5.745 0.525 11.205 -5.745 -0.525 10.255 -5.745 -0.525 11.205 -5.745 0.525 10.255 -5.745 0.525 11.205 -5.695 -0.525 10.255 -5.695 -0.525 11.205 -5.695 0.525 10.255 -5.695 0.525 11.205 5.695 2.3083 10.255 5.695 2.3083 11.205 5.695 3.3583 10.255 5.695 3.3583 11.205 5.745 2.3083 10.255 5.745 2.3083 11.205 5.745 3.3583 10.255 5.745 3.3583 11.205 -5.745 2.3083 10.255 -5.745 2.3083 11.205 -5.745 3.3583 10.255 -5.745 3.3583 11.205 -5.695 2.3083 10.255 -5.695 2.3083 11.205 -5.695 3.3583 10.255 -5.695 3.3583 11.205</float_array><technique_common><accessor source="#c6-pa" count="336" stride="3"><param name="X" type="float"/><param name="Y" type="float"/><param name="Z" type="float"/></accessor></technique_common></source><source id="c6-n"><float_array id="c6-na" count="1008">-0.045345 -0.99759 -0.052505 -0.045159 -0.99349 0.10458 -0.022714 0.9994 -0.0263 -0.090412 0.99453 0.052344 0.090412 -0.99453 -0.052344 0.022714 -0.9994 0.0263 0.045159 0.99349 -0.10458 0.045345 0.99759 0.052505 -0.045345 -0.99759 -0.052505 -0.045159 -0.99349 0.10458 -0.022714 0.9994 -0.0263 -0.090412 0.99453 0.052344 0.090412 -0.99453 -0.052344 0.022714 -0.9994 0.0263 0.045159 0.99349 -0.10458 0.045345 0.99759 0.052505 -0.045345 -0.99759 -0.052505 -0.045159 -0.99349 0.10458 -0.022714 0.9994 -0.0263 -0.090412 0.99453 0.052344 0.090412 -0.99453 -0.052344 0.022714 -0.9994 0.0263 0.045159 0.99349 -0.10458 0.045345 0.99759 0.052505 -0.045345 -0.99759 -0.052505 -0.045159 -0.99349 0.10458 -0.022714 0.9994 -0.0263 -0.090412 0.99453 0.052344 0.090412 -0.99453 -0.052344 0.022714 -0.9994 0.0263 0.045159 0.99349 -0.10458 0.045345 0.99759 0.052505 -0.045345 -0.99759 -0.052505 -0.045159 -0.99349 0.10458 -0.022714 0.9994 -0.0263 -0.090412 0.99453 0.052344 0.090412 -0.99453 -0.052344 0.022714 -0.9994 0.0263 0.045159 0.99349 -0.10458 0.045345 0.99759 0.052505 -0.99749 -0.0475 -0.0525 -0.99339 -0.047304 0.10457 -0.99413 0.094679 -0.052323 -0.99937 0.023795 0.026299 0.99937 -0.023795 -0.026299 0.99413 -0.094679 0.052323 0.99339 0.047304 -0.10457 0.99749 0.0475 0.0525 -0.99749 -0.0475 -0.0525 -0.99339 -0.047304 0.10457 -0.99413 0.094679 -0.052323 -0.99937 0.023795 0.026299 0.99937 -0.023795 -0.026299 0.99413 -0.094679 0.052323 0.99339 0.047304 -0.10457 0.99749 0.0475 0.0525 -0.99749 -0.0475 -0.0525 -0.99339 -0.047304 0.10457 -0.99413 0.094679 -0.052323 -0.99937 0.023795 0.026299 0.99937 -0.023795 -0.026299 0.99413 -0.094679 0.052323 0.99339 0.047304 -0.10457 0.99749 0.0475 0.0525 -0.99749 -0.0475 -0.0525 -0.99339 -0.047304 0.10457 -0.99413 0.094679 -0.052323 -0.99937 0.023795 0.026299 0.99937 -0.023795 -0.026299 0.99413 -0.094679 0.052323 0.99339 0.047304 -0.10457 0.99749 0.0475 0.0525 -0.99749 -0.0475 -0.0525 -0.99339 -0.047304 0.10457 -0.99413 0.094679 -0.052323 -0.99937 0.023795 0.026299 0.99937 -0.023795 -0.026299 0.99413 -0.094679 0.052323 0.99339 0.047304 -0.10457 0.99749 0.0475 0.0525 -0.99749 -0.0475 -0.0525 -0.99339 -0.047304 0.10457 -0.99413 0.094679 -0.052323 -0.99937 0.023795 0.026299 0.99937 -0.023795 -0.026299 0.99413 -0.094679 0.052323 0.99339 0.047304 -0.10457 0.99749 0.0475 0.0525 -0.045345 -0.99759 -0.052505 -0.045159 -0.99349 0.10458 -0.022714 0.9994 -0.0263 -0.090412 0.99453 0.052344 0.090412 -0.99453 -0.052344 0.022714 -0.9994 0.0263 0.045159 0.99349 -0.10458 0.045345 0.99759 0.052505 -0.045345 -0.99759 -0.052505 -0.045159 -0.99349 0.10458 -0.022714 0.9994 -0.0263 -0.090412 0.99453 0.052344 0.090412 -0.99453 -0.052344 0.022714 -0.9994 0.0263 0.045159 0.99349 -0.10458 0.045345 0.99759 0.052505 -0.045345 -0.99759 -0.052505 -0.045159 -0.99349 0.10458 -0.022714 0.9994 -0.0263 -0.090412 0.99453 0.052344 0.090412 -0.99453 -0.052344 0.022714 -0.9994 0.0263 0.045159 0.99349 -0.10458 0.045345 0.99759 0.052505 -0.045345 -0.99759 -0.052505 -0.045159 -0.99349 0.10458 -0.022714 0.9994 -0.0263 -0.090412 0.99453 0.052344 0.090412 -0.99453 -0.052344 0.022714 -0.9994 0.0263 0.045159 0.99349 -0.10458 0.045345 0.99759 0.052505 -0.045345 -0.99759 -0.052505 -0.045159 -0.99349 0.10458 -0.022714 0.9994 -0.0263 -0.090412 0.99453 0.052344 0.090412 -0.99453 -0.052344 0.022714 -0.9994 0.0263 0.045159 0.99349 -0.10458 0.045345 0.99759 0.052505 -0.045345 -0.99759 -0.052505 -0.045159 -0.99349 0.10458 -0.022714 0.9994 -0.0263 -0.090412 0.99453 0.052344 0.090412 -0.99453 -0.052344 0.022714 -0.9994 0.0263 0.045159 0.99349 -0.10458 0.045345 0.99759 0.052505 -0.045345 -0.99759 -0.052505 -0.045159 -0.99349 0.10458 -0.022714 0.9994 -0.0263 -0.090412 0.99453 0.052344 0.090412 -0.99453 -0.052344 0.022714 -0.9994 0.0263 0.045159 0.99349 -0.10458 0.045345 0.99759 0.052505 -0.045345 -0.99759 -0.052505 -0.045159 -0.99349 0.10458 -0.022714 0.9994 -0.0263 -0.090412 0.99453 0.052344 0.090412 -0.99453 -0.052344 0.022714 -0.9994 0.0263 0.045159 0.99349 -0.10458 0.045345 0.99759 0.052505 -0.045345 -0.99759 -0.052505 -0.045159 -0.99349 0.10458 -0.022714 0.9994 -0.0263 -0.090412 0.99453 0.052344 0.090412 -0.99453 -0.052344 0.022714 -0.9994 0.0263 0.045159 0.99349 -0.10458 0.045345 0.99759 0.052505 -0.045345 -0.99759 -0.052505 -0.045159 -0.99349 0.10458 -0.022714 0.9994 -0.0263 -0.090412 0.99453 0.052344 0.090412 -0.99453 -0.052344 0.022714 -0.9994 0.0263 0.045159 0.99349 -0.10458 0.045345 0.99759 0.052505 -0.99749 -0.0475 -0.0525 -0.99339 -0.047304 0.10457 -0.99413 0.094679 -0.052323 -0.99937 0.023795 0.026299 0.99937 -0.023795 -0.026299 0.99413 -0.094679 0.052323 0.99339 0.047304 -0.10457 0.99749 0.0475 0.0525 -0.99749 -0.0475 -0.0525 -0.99339 -0.047304 0.10457 -0.99413 0.094679 -0.052323 -0.99937 0.023795 0.026299 0.99937 -0.023795 -0.026299 0.99413 -0.094679 0.052323 0.99339 0.047304 -0.10457 0.99749 0.0475 0.0525 -0.99749 -0.0475 -0.0525 -0.99339 -0.047304 0.10457 -0.99413 0.094679 -0.052323 -0.99937 0.023795 0.026299 0.99937 -0.023795 -0.026299 0.99413 -0.094679 0.052323 0.99339 0.047304 -0.10457 0.99749 0.0475 0.0525 -0.99749 -0.0475 -0.0525 -0.99339 -0.047304 0.10457 -0.99413 0.094679 -0.052323 -0.99937 0.023795 0.026299 0.99937 -0.023795 -0.026299 0.99413 -0.094679 0.052323 0.99339 0.047304 -0.10457 0.99749 0.0475 0.0525 -0.99749 -0.0475 -0.0525 -0.99339 -0.047304 0.10457 -0.99413 0.094679 -0.052323 -0.99937 0.023795 0.026299 0.99937 -0.023795 -0.026299 0.99413 -0.094679 0.052323 0.99339 0.047304 -0.10457 0.99749 0.0475 0.0525 -0.045345 -0.99759 -0.052505 -0.045159 -0.99349 0.10458 -0.022714 0.9994 -0.0263 -0.090412 0.99453 0.052344 0.090412 -0.99453 -0.052344 0.022714 -0.9994 0.0263 0.045159 0.99349 -0.10458 0.045345 0.99759 0.052505 -0.045345 -0.99759 -0.052505 -0.045159 -0.99349 0.10458 -0.022714 0.9994 -0.0263 -0.090412 0.99453 0.052344 0.090412 -0.99453 -0.052344 0.022714 -0.9994 0.0263 0.045159 0.99349 -0.10458 0.045345 0.99759 0.052505 -0.045345 -0.99759 -0.052505 -0.045159 -0.99349 0.10458 -0.022714 0.9994 -0.0263 -0.090412 0.99453 0.052344 0.090412 -0.99453 -0.052344 0.022714 -0.9994 0.0263 0.045159 0.99349 -0.10458 0.045345 0.99759 0.052505 -0.045345 -0.99759 -0.052505 -0.045159 -0.99349 0.10458 -0.022714 0.9994 -0.0263 -0.090412 0.99453 0.052344 0.090412 -0.99453 -0.052344 0.022714 -0.9994 0.0263 0.045159 0.99349 -0.10458 0.045345 0.99759 0.052505 -0.045345 -0.99759 -0.052505 -0.045159 -0.99349 0.10458 -0.022714 0.9994 -0.0263 -0.090412 0.99453 0.052344 0.090412 -0.99453 -0.052344 0.022714 -0.9994 0.0263 0.045159 0.99349 -0.10458 0.045345 0.99759 0.052505 -0.045345 -0.99759 -0.052505 -0.045159 -0.99349 0.10458 -0.022714 0.9994 -0.0263 -0.090412 0.99453 0.052344 0.090412 -0.99453 -0.052344 0.022714 -0.9994 0.0263 0.045159 0.99349 -0.10458 0.045345 0.99759 0.052505 -0.045345 -0.99759 -0.052505 -0.045159 -0.99349 0.10458 -0.022714 0.9994 -0.0263 -0.090412 0.99453 0.052344 0.090412 -0.99453 -0.052344 0.022714 -0.9994 0.0263 0.045159 0.99349 -0.10458 0.045345 0.99759 0.052505 -0.045345 -0.99759 -0.052505 -0.045159 -0.99349 0.10458 -0.022714 0.9994 -0.0263 -0.090412 0.99453 0.052344 0.090412 -0.99453 -0.052344 0.022714 -0.9994 0.0263 0.045159 0.99349 -0.10458 0.045345 0.99759 0.052505 -0.045345 -0.99759 -0.052505 -0.045159 -0.99349 0.10458 -0.022714 0.9994 -0.0263 -0.090412 0.99453 0.052344 0.090412 -0.99453 -0.052344 0.022714 -0.9994 0.0263 0.045159 0.99349 -0.10458 0.045345 0.99759 0.052505 -0.045345 -0.99759 -0.052505 -0.045159 -0.99349 0.10458 -0.022714 0.9994 -0.0263 -0.090412 0.99453 0.052344 0.090412 -0.99453 -0.052344 0.022714 -0.9994 0.0263 0.045159 0.99349 -0.10458 0.045345 0.99759 0.052505 -0.99749 -0.0475 -0.0525 -0.99339 -0.047304 0.10457 -0.99413 0.094679 -0.052323 -0.99937 0.023795 0.026299 0.99937 -0.023795 -0.026299 0.99413 -0.094679 0.052323 0.99339 0.047304 -0.10457 0.99749 0.0475 0.0525 -0.99749 -0.0475 -0.0525 -0.99339 -0.047304 0.10457 -0.99413 0.094679 -0.052323 -0.99937 0.023795 0.026299 0.99937 -0.023795 -0.026299 0.99413 -0.094679 0.052323 0.99339 0.047304 -0.10457 0.99749 0.0475 0.0525 -0.99749 -0.0475 -0.0525 -0.99339 -0.047304 0.10457 -0.99413 0.094679 -0.052323 -0.99937 0.023795 0.026299 0.99937 -0.023795 -0.026299 0.99413 -0.094679 0.052323 0.99339 0.047304 -0.10457 0.99749 0.0475 0.0525 -0.99749 -0.0475 -0.0525 -0.99339 -0.047304 0.10457 -0.99413 0.094679 -0.052323 -0.99937 0.023795 0.026299 0.99937 -0.023795 -0.026299 0.99413 -0.094679 0.052323 0.99339 0.047304 -0.10457 0.99749 0.0475 0.0525 -0.99749 -0.0475 -0.0525 -0.99339 -0.047304 0.10457 -0.99413 0.094679 -0.052323 -0.99937 0.023795 0.026299 0.99937 -0.023795 -0.026299 0.99413 -0.094679 0.052323 0.99339 0.047304 -0.10457 0.99749 0.0475 0.0525 -0.99749 -0.0475 -0.0525 -0.99339 -0.047304 0.10457 -0.99413 0.094679 -0.052323 -0.99937 0.023795 0.026299 0.99937 -0.023795 -0.026299 0.99413 -0.094679 0.052323 0.99339 0.047304 -0.10457 0.99749 0.0475 0.0525</float_array><technique_common><accessor source="#c6-na" count="336" stride="3"><param name="X" type="float"/><param name="Y" type="float"/><param name="Z" type="float"/></accessor></technique_common></source><vertices id="c6-v"><input semantic="POSITION" source="#c6-p"/><input semantic="NORMAL" source="#c6-n"/></vertices><triangles count="504" material="c6"><input semantic="VERTEX" source="#c6-v" offset="0"/><p>0 1 3 0 3 2 4 6 7 4 7 5 0 4 5 0 5 1 2 3 7 2 7 6 0 2 6 0 6 4 1 5 7 1 7 3 8 9 11 8 11 10 12 14 15 12 15 13 8 12 13 8 13 9 10 11 15 10 15 14 8 10 14 8 14 12 9 13 15 9 15 11 16 17 19 16 19 18 20 22 23 20 23 21 16 20 21 16 21 17 18 19 23 18 23 22 16 18 22 16 22 20 17 21 23 17 23 19 24 25 27 24 27 26 28 30 31 28 31 29 24 28 29 24 29 25 26 27 31 26 31 30 24 26 30 24 30 28 25 29 31 25 31 27 32 33 35 32 35 34 36 38 39 36 39 37 32 36 37 32 37 33 34 35 39 34 39 38 32 34 38 32 38 36 33 37 39 33 39 35 40 41 43 40 43 42 44 46 47 44 47 45 40 44 45 40 45 41 42 43 47 42 47 46 40 42 46 40 46 44 41 45 47 41 47 43 48 49 51 48 51 50 52 54 55 52 55 53 48 52 53 48 53 49 50 51 55 50 55 54 48 50 54 48 54 52 49 53 55 49 55 51 56 57 59 56 59 58 60 62 63 60 63 61 56 60 61 56 61 57 58 59 63 58 63 62 56 58 62 56 62 60 57 61 63 57 63 59 64 65 67 64 67 66 68 70 71 68 71 69 64 68 69 64 69 65 66 67 71 66 71 70 64 66 70 64 70 68 65 69 71 65 71 67 72 73 75 72 75 74 76 78 79 76 79 77 72 76 77 72 77 73 74 75 79 74 79 78 72 74 78 72 78 76 73 77 79 73 79 75 80 81 83 80 83 82 84 86 87 84 87 85 80 84 85 80 85 81 82 83 87 82 87 86 80 82 86 80 86 84 81 85 87 81 87 83 88 89 91 88 91 90 92 94 95 92 95 93 88 92 93 88 93 89 90 91 95 90 95 94 88 90 94 88 94 92 89 93 95 89 95 91 96 97 99 96 99 98 100 102 103 100 103 101 96 100 101 96 101 97 98 99 103 98 103 102 96 98 102 96 102 100 97 101 103 97 103 99 104 105 107 104 107 106 108 110 111 108 111 109 104 108 109 104 109 105 106 107 111 106 111 110 104 106 110 104 110 108 105 109 111 105 111 107 112 113 115 112 115 114 116 118 119 116 119 117 112 116 117 112 117 113 114 115 119 114 119 118 112 114 118 112 118 116 113 117 119 113 119 115 120 121 123 120 123 122 124 126 127 124 127 125 120 124 125 120 125 121 122 123 127 122 127 126 120 122 126 120 126 124 121 125 127 121 127 123 128 129 131 128 131 130 132 134 135 132 135 133 128 132 133 128 133 129 130 131 135 130 135 134 128 130 134 128 134 132 129 133 135 129 135 131 136 137 139 136 139 138 140 142 143 140 143 141 136 140 141 136 141 137 138 139 143 138 143 142 136 138 142 136 142 140 137 141 143 137 143 139 144 145 147 144 147 146 148 150 151 148 151 149 144 148 149 144 149 145 146 147 151 146 151 150 144 146 150 144 150 148 145 149 151 145 151 147 152 153 155 152 155 154 156 158 159 156 159 157 152 156 157 152 157 153 154 155 159 154 159 158 152 154 158 152 158 156 153 157 159 153 159 155 160 161 163 160 163 162 164 166 167 164 167 165 160 164 165 160 165 161 162 163 167 162 167 166 160 162 166 160 166 164 161 165 167 161 167 163 168 169 171 168 171 170 172 174 175 172 175 173 168 172 173 168 173 169 170 171 175 170 175 174 168 170 174 168 174 172 169 173 175 169 175 171 176 177 179 176 179 178 180 182 183 180 183 181 176 180 181 176 181 177 178 179 183 178 183 182 176 178 182 176 182 180 177 181 183 177 183 179 184 185 187 184 187 186 188 190 191 188 191 189 184 188 189 184 189 185 186 187 191 186 191 190 184 186 190 184 190 188 185 189 191 185 191 187 192 193 195 192 195 194 196 198 199 196 199 197 192 196 197 192 197 193 194 195 199 194 199 198 192 194 198 192 198 196 193 197 199 193 199 195 200 201 203 200 203 202 204 206 207 204 207 205 200 204 205 200 205 201 202 203 207 202 207 206 200 202 206 200 206 204 201 205 207 201 207 203 208 209 211 208 211 210 212 214 215 212 215 213 208 212 213 208 213 209 210 211 215 210 215 214 208 210 214 208 214 212 209 213 215 209 215 211 216 217 219 216 219 218 220 222 223 220 223 221 216 220 221 216 221 217 218 219 223 218 223 222 216 218 222 216 222 220 217 221 223 217 223 219 224 225 227 224 227 226 228 230 231 228 231 229 224 228 229 224 229 225 226 227 231 226 231 230 224 226 230 224 230 228 225 229 231 225 231 227 232 233 235 232 235 234 236 238 239 236 239 237 232 236 237 232 237 233 234 235 239 234 239 238 232 234 238 232 238 236 233 237 239 233 239 235 240 241 243 240 243 242 244 246 247 244 247 245 240 244 245 240 245 241 242 243 247 242 247 246 240 242 246 240 246 244 241 245 247 241 247 243 248 249 251 248 251 250 252 254 255 252 255 253 248 252 253 248 253 249 250 251 255 250 255 254 248 250 254 248 254 252 249 253 255 249 255 251 256 257 259 256 259 258 260 262 263 260 263 261 256 260 261 256 261 257 258 259 263 258 263 262 256 258 262 256 262 260 257 261 263 257 263 259 264 265 267 264 267 266 268 270 271 268 271 269 264 268 269 264 269 265 266 267 271 266 271 270 264 266 270 264 270 268 265 269 271 265 271 267 272 273 275 272 275 274 276 278 279 276 279 277 272 276 277 272 277 273 274 275 279 274 279 278 272 274 278 272 278 276 273 277 279 273 279 275 280 281 283 280 283 282 284 286 287 284 287 285 280 284 285 280 285 281 282 283 287 282 287 286 280 282 286 280 286 284 281 285 287 281 287 283 288 289 291 288 291 290 292 294 295 292 295 293 288 292 293 288 293 289 290 291 295 290 295 294 288 290 294 288 294 292 289 293 295 289 295 291 296 297 299 296 299 298 300 302 303 300 303 301 296 300 301 296 301 297 298 299 303 298 303 302 296 298 302 296 302 300 297 301 303 297 303 299 304 305 307 304 307 306 308 310 311 308 311 309 304 308 309 304 309 305 306 307 311 306 311 310 304 306 310 304 310 308 305 309 311 305 311 307 312 313 315 312 315 314 316 318 319 316 319 317 312 316 317 312 317 313 314 315 319 314 319 318 312 314 318 312 318 316 313 317 319 313 319 315 320 321 323 320 323 322 324 326 327 324 327 325 320 324 325 320 325 321 322 323 327 322 327 326 320 322 326 320 326 324 321 325 327 321 327 323 328 329 331 328 331 330 332 334 335 332 335 333 328 332 333 328 333 329 330 331 335 330 335 334 328 330 334 328 334 332 329 333 335 329 335 331</p></triangles></mesh></geometry>
<geometry id="c7-mesh"><mesh><source id="c7-p"><float_array id="c7-pa" count="792">-5.01 4.46 3.69 -5.01 4.46 3.77 -5.01 4.52 3.69 -5.01 4.52 3.77 -3.79 4.46 3.69 -3.79 4.46 3.77 -3.79 4.52 3.69 -3.79 4.52 3.77 -2.81 4.46 3.69 -2.81 4.46 3.77 -2.81 4.52 3.69 -2.81 4.52 3.77 -1.59 4.46 3.69 -1.59 4.46 3.77 -1.59 4.52 3.69 -1.59 4.52 3.77 -0.61 4.46 3.69 -0.61 4.46 3.77 -0.61 4.52 3.69 -0.61 4.52 3.77 0.61 4.46 3.69 0.61 4.46 3.77 0.61 4.52 3.69 0.61 4.52 3.77 1.59 4.46 3.69 1.59 4.46 3.77 1.59 4.52 3.69 1.59 4.52 3.77 2.81 4.46 3.69 2.81 4.46 3.77 2.81 4.52 3.69 2.81 4.52 3.77 3.79 4.46 3.69 3.79 4.46 3.77 3.79 4.52 3.69 3.79 4.52 3.77 5.01 4.46 3.69 5.01 4.46 3.77 5.01 4.52 3.69 5.01 4.52 3.77 -5.01 4.46 6.93 -5.01 4.46 7.01 -5.01 4.52 6.93 -5.01 4.52 7.01 -3.79 4.46 6.93 -3.79 4.46 7.01 -3.79 4.52 6.93 -3.79 4.52 7.01 -5.01 -4.52 6.93 -5.01 -4.52 7.01 -5.01 -4.46 6.93 -5.01 -4.46 7.01 -3.79 -4.52 6.93 -3.79 -4.52 7.01 -3.79 -4.46 6.93 -3.79 -4.46 7.01 -2.81 4.46 6.93 -2.81 4.46 7.01 -2.81 4.52 6.93 -2.81 4.52 7.01 -1.59 4.46 6.93 -1.59 4.46 7.01 -1.59 4.52 6.93 -1.59 4.52 7.01 -2.81 -4.52 6.93 -2.81 -4.52 7.01 -2.81 -4.46 6.93 -2.81 -4.46 7.01 -1.59 -4.52 6.93 -1.59 -4.52 7.01 -1.59 -4.46 6.93 -1.59 -4.46 7.01 -0.61 4.46 6.93 -0.61 4.46 7.01 -0.61 4.52 6.93 -0.61 4.52 7.01 0.61 4.46 6.93 0.61 4.46 7.01 0.61 4.52 6.93 0.61 4.52 7.01 -0.61 -4.52 6.93 -0.61 -4.52 7.01 -0.61 -4.46 6.93 -0.61 -4.46 7.01 0.61 -4.52 6.93 0.61 -4.52 7.01 0.61 -4.46 6.93 0.61 -4.46 7.01 1.59 4.46 6.93 1.59 4.46 7.01 1.59 4.52 6.93 1.59 4.52 7.01 2.81 4.46 6.93 2.81 4.46 7.01 2.81 4.52 6.93 2.81 4.52 7.01 1.59 -4.52 6.93 1.59 -4.52 7.01 1.59 -4.46 6.93 1.59 -4.46 7.01 2.81 -4.52 6.93 2.81 -4.52 7.01 2.81 -4.46 6.93 2.81 -4.46 7.01 3.79 4.46 6.93 3.79 4.46 7.01 3.79 4.52 6.93 3.79 4.52 7.01 5.01 4.46 6.93 5.01 4.46 7.01 5.01 4.52 6.93 5.01 4.52 7.01 3.79 -4.52 6.93 3.79 -4.52 7.01 3.79 -4.46 6.93 3.79 -4.46 7.01 5.01 -4.52 6.93 5.01 -4.52 7.01 5.01 -4.46 6.93 5.01 -4.46 7.01 -5.01 4.46 10.17 -5.01 4.46 10.25 -5.01 4.52 10.17 -5.01 4.52 10.25 -3.79 4.46 10.17 -3.79 4.46 10.25 -3.79 4.52 10.17 -3.79 4.52 10.25 -5.01 -4.52 10.17 -5.01 -4.52 10.25 -5.01 -4.46 10.17 -5.01 -4.46 10.25 -3.79 -4.52 10.17 -3.79 -4.52 10.25 -3.79 -4.46 10.17 -3.79 -4.46 10.25 -2.81 4.46 10.17 -2.81 4.46 10.25 -2.81 4.52 10.17 -2.81 4.52 10.25 -1.59 4.46 10.17 -1.59 4.46 10.25 -1.59 4.52 10.17 -1.59 4.52 10.25 -2.81 -4.52 10.17 -2.81 -4.52 10.25 -2.81 -4.46 10.17 -2.81 -4.46 10.25 -1.59 -4.52 10.17 -1.59 -4.52 10.25 -1.59 -4.46 10.17 -1.59 -4.46 10.25 -0.61 4.46 10.17 -0.61 4.46 10.25 -0.61 4.52 10.17 -0.61 4.52 10.25 0.61 4.46 10.17 0.61 4.46 10.25 0.61 4.52 10.17 0.61 4.52 10.25 -0.61 -4.52 10.17 -0.61 -4.52 10.25 -0.61 -4.46 10.17 -0.61 -4.46 10.25 0.61 -4.52 10.17 0.61 -4.52 10.25 0.61 -4.46 10.17 0.61 -4.46 10.25 1.59 4.46 10.17 1.59 4.46 10.25 1.59 4.52 10.17 1.59 4.52 10.25 2.81 4.46 10.17 2.81 4.46 10.25 2.81 4.52 10.17 2.81 4.52 10.25 1.59 -4.52 10.17 1.59 -4.52 10.25 1.59 -4.46 10.17 1.59 -4.46 10.25 2.81 -4.52 10.17 2.81 -4.52 10.25 2.81 -4.46 10.17 2.81 -4.46 10.25 3.79 4.46 10.17 3.79 4.46 10.25 3.79 4.52 10.17 3.79 4.52 10.25 5.01 4.46 10.17 5.01 4.46 10.25 5.01 4.52 10.17 5.01 4.52 10.25 3.79 -4.52 10.17 3.79 -4.52 10.25 3.79 -4.46 10.17 3.79 -4.46 10.25 5.01 -4.52 10.17 5.01 -4.52 10.25 5.01 -4.46 10.17 5.01 -4.46 10.25 -4 1.475 12.42 -4 1.475 14.12 -4 2.775 12.42 -4 2.775 14.12 -2.6 1.475 12.42 -2.6 1.475 14.12 -2.6 2.775 12.42 -2.6 2.775 14.12 5.49 -0.87663 0.56596 5.7903 -0.81225 0.57631 5.3768 -0.35948 0.63442 5.6771 -0.29511 0.64477 5.4939 -0.78709 -0.10397 5.7942 -0.72272 -0.093624 5.3807 -0.26995 -0.035508 5.681 -0.20557 -0.025164 5.409 2.1249 0.32103 5.5669 2.2486 0.4767 5.0411 2.345 0.51937 5.199 2.4686 0.67504 5.464 2.6258 -0.13264 5.6219 2.7494 0.023033 5.0961 2.8458 0.065701 5.254 2.9695 0.22137 8.0647 -1.6379 0.67761 8.3037 -1.3808 0.74322 7.8172 -1.2428 0.031083 8.0561 -0.98573 0.096697 8.4505 -1.9155 0.3603 8.6894 -1.6584 0.42592 8.2029 -1.5204 -0.28622 8.4419 -1.2633 -0.22061 -8.1434 -0.18075 0.2936 -7.9483 -0.12905 0.302 -8.1946 0.013235 0.28799 -7.9995 0.064934 0.29639 -8.1279 -0.18613 -0.033986 -7.9328 -0.13444 -0.025592 -8.1791 0.007854 -0.039597 -7.984 0.059552 -0.031203 -5.9677 -4.8934 0.24917 -5.8924 -4.9084 0.15216 -5.8294 -4.5092 0.29746 -5.7542 -4.5241 0.20045 -6.197 -4.7865 0.054753 -6.1218 -4.8014 -0.042256 -6.0588 -4.4022 0.10304 -5.9835 -4.4172 0.0060337 -8.8433 -3.734 0.7313 -8.8415 -3.5264 0.29497 -9.1535 -4.2544 0.48237 -9.1516 -4.0468 0.046042 -8.159 -4.0674 0.57556 -8.1571 -3.8598 0.13923 -8.4691 -4.5878 0.32663 -8.4673 -4.3802 -0.1097 -10.96 -2.0909 0.43546 -10.657 -2.0993 0.34532 -10.834 -1.593 0.8129 -10.531 -1.6014 0.72275 -11.114 -1.626 -0.12635 -10.811 -1.6344 -0.2165 -10.988 -1.1281 0.25108 -10.685 -1.1365 0.16094</float_array><technique_common><accessor source="#c7-pa" count="264" stride="3"><param name="X" type="float"/><param name="Y" type="float"/><param name="Z" type="float"/></accessor></technique_common></source><source id="c7-n"><float_array id="c7-na" count="792">-0.039314 -0.79938 -0.59954 -0.02727 -0.55449 0.83174 -0.023018 0.93608 -0.35103 -0.078446 0.79753 0.59815 0.078446 -0.79753 -0.59815 0.023018 -0.93608 0.35103 0.02727 0.55449 -0.83174 0.039314 0.79938 0.59954 -0.039314 -0.79938 -0.59954 -0.02727 -0.55449 0.83174 -0.023018 0.93608 -0.35103 -0.078446 0.79753 0.59815 0.078446 -0.79753 -0.59815 0.023018 -0.93608 0.35103 0.02727 0.55449 -0.83174 0.039314 0.79938 0.59954 -0.039314 -0.79938 -0.59954 -0.02727 -0.55449 0.83174 -0.023018 0.93608 -0.35103 -0.078446 0.79753 0.59815 0.078446 -0.79753 -0.59815 0.023018 -0.93608 0.35103 0.02727 0.55449 -0.83174 0.039314 0.79938 0.59954 -0.039314 -0.79938 -0.59954 -0.02727 -0.55449 0.83174 -0.023018 0.93608 -0.35103 -0.078446 0.79753 0.59815 0.078446 -0.79753 -0.59815 0.023018 -0.93608 0.35103 0.02727 0.55449 -0.83174 0.039314 0.79938 0.59954 -0.039314 -0.79938 -0.59954 -0.02727 -0.55449 0.83174 -0.023018 0.93608 -0.35103 -0.078446 0.79753 0.59815 0.078446 -0.79753 -0.59815 0.023018 -0.93608 0.35103 0.02727 0.55449 -0.83174 0.039314 0.79938 0.59954 -0.039314 -0.79938 -0.59954 -0.02727 -0.55449 0.83174 -0.023018 0.93608 -0.35103 -0.078446 0.79753 0.59815 0.078446 -0.79753 -0.59815 0.023018 -0.93608 0.35103 0.02727 0.55449 -0.83174 0.039314 0.79938 0.59954 -0.039314 -0.79938 -0.59954 -0.02727 -0.55449 0.83174 -0.023018 0.93608 -0.35103 -0.078446 0.79753 0.59815 0.078446 -0.79753 -0.59815 0.023018 -0.93608 0.35103 0.02727 0.55449 -0.83174 0.039314 0.79938 0.59954 -0.039314 -0.79938 -0.59954 -0.02727 -0.55449 0.83174 -0.023018 0.93608 -0.35103 -0.078446 0.79753 0.59815 0.078446 -0.79753 -0.59815 0.023018 -0.93608 0.35103 0.02727 0.55449 -0.83174 0.039314 0.79938 0.59954 -0.039314 -0.79938 -0.59954 -0.02727 -0.55449 0.83174 -0.023018 0.93608 -0.35103 -0.078446 0.79753 0.59815 0.078446 -0.79753 -0.59815 0.023018 -0.93608 0.35103 0.02727 0.55449 -0.83174 0.039314 0.79938 0.59954 -0.039314 -0.79938 -0.59954 -0.02727 -0.55449 0.83174 -0.023018 0.93608 -0.35103 -0.078446 0.79753 0.59815 0.078446 -0.79753 -0.59815 0.023018 -0.93608 0.35103 0.02727 0.55449 -0.83174 0.039314 0.79938 0.59954 -0.039314 -0.79938 -0.59954 -0.02727 -0.55449 0.83174 -0.023018 0.93608 -0.35103 -0.078446 0.79753 0.59815 0.078446 -0.79753 -0.59815 0.023018 -0.93608 0.35103 0.02727 0.55449 -0.83174 0.039314 0.79938 0.59954 -0.039314 -0.79938 -0.59954 -0.02727 -0.55449 0.83174 -0.023018 0.93608 -0.35103 -0.078446 0.79753 0.59815 0.078446 -0.79753 -0.59815 0.023018 -0.93608 0.35103 0.02727 0.55449 -0.83174 0.039314 0.79938 0.59954 -0.039314 -0.79938 -0.59954 -0.02727 -0.55449 0.83174 -0.023018 0.93608 -0.35103 -0.078446 0.79753 0.59815 0.078446 -0.79753 -0.59815 0.023018 -0.93608 0.35103 0.02727 0.55449 -0.83174 0.039314 0.79938 0.59954 -0.039314 -0.79938 -0.59954 -0.02727 -0.55449 0.83174 -0.023018 0.93608 -0.35103 -0.078446 0.79753 0.59815 0.078446 -0.79753 -0.59815 0.023018 -0.93608 0.35103 0.02727 0.55449 -0.83174 0.039314 0.79938 0.59954 -0.039314 -0.79938 -0.59954 -0.02727 -0.55449 0.83174 -0.023018 0.93608 -0.35103 -0.078446 0.79753 0.59815 0.078446 -0.79753 -0.59815 0.023018 -0.93608 0.35103 0.02727 0.55449 -0.83174 0.039314 0.79938 0.59954 -0.039314 -0.79938 -0.59954 -0.02727 -0.55449 0.83174 -0.023018 0.93608 -0.35103 -0.078446 0.79753 0.59815 0.078446 -0.79753 -0.59815 0.023018 -0.93608 0.35103 0.02727 0.55449 -0.83174 0.039314 0.79938 0.59954 -0.039314 -0.79938 -0.59954 -0.02727 -0.55449 0.83174 -0.023018 0.93608 -0.35103 -0.078446 0.79753 0.59815 0.078446 -0.79753 -0.59815 0.023018 -0.93608 0.35103 0.02727 0.55449 -0.83174 0.039314 0.79938 0.59954 -0.039314 -0.79938 -0.59954 -0.02727 -0.55449 0.83174 -0.023018 0.93608 -0.35103 -0.078446 0.79753 0.59815 0.078446 -0.79753 -0.59815 0.023018 -0.93608 0.35103 0.02727 0.55449 -0.83174 0.039314 0.79938 0.59954 -0.039314 -0.79938 -0.59954 -0.02727 -0.55449 0.83174 -0.023018 0.93608 -0.35103 -0.078446 0.79753 0.59815 0.078446 -0.79753 -0.59815 0.023018 -0.93608 0.35103 0.02727 0.55449 -0.83174 0.039314 0.79938 0.59954 -0.039314 -0.79938 -0.59954 -0.02727 -0.55449 0.83174 -0.023018 0.93608 -0.35103 -0.078446 0.79753 0.59815 0.078446 -0.79753 -0.59815 0.023018 -0.93608 0.35103 0.02727 0.55449 -0.83174 0.039314 0.79938 0.59954 -0.039314 -0.79938 -0.59954 -0.02727 -0.55449 0.83174 -0.023018 0.93608 -0.35103 -0.078446 0.79753 0.59815 0.078446 -0.79753 -0.59815 0.023018 -0.93608 0.35103 0.02727 0.55449 -0.83174 0.039314 0.79938 0.59954 -0.039314 -0.79938 -0.59954 -0.02727 -0.55449 0.83174 -0.023018 0.93608 -0.35103 -0.078446 0.79753 0.59815 0.078446 -0.79753 -0.59815 0.023018 -0.93608 0.35103 0.02727 0.55449 -0.83174 0.039314 0.79938 0.59954 -0.039314 -0.79938 -0.59954 -0.02727 -0.55449 0.83174 -0.023018 0.93608 -0.35103 -0.078446 0.79753 0.59815 0.078446 -0.79753 -0.59815 0.023018 -0.93608 0.35103 0.02727 0.55449 -0.83174 0.039314 0.79938 0.59954 -0.039314 -0.79938 -0.59954 -0.02727 -0.55449 0.83174 -0.023018 0.93608 -0.35103 -0.078446 0.79753 0.59815 0.078446 -0.79753 -0.59815 0.023018 -0.93608 0.35103 0.02727 0.55449 -0.83174 0.039314 0.79938 0.59954 -0.039314 -0.79938 -0.59954 -0.02727 -0.55449 0.83174 -0.023018 0.93608 -0.35103 -0.078446 0.79753 0.59815 0.078446 -0.79753 -0.59815 0.023018 -0.93608 0.35103 0.02727 0.55449 -0.83174 0.039314 0.79938 0.59954 -0.5936 -0.63927 -0.48885 -0.45302 -0.48787 0.74616 -0.39787 0.85694 -0.32765 -0.82775 0.44571 0.34084 0.82775 -0.44571 -0.34084 0.39787 -0.85694 0.32765 0.45302 0.48787 -0.74616 0.5936 0.63927 0.48885 -0.69162 -0.66717 0.27668 0.97355 -0.093414 0.20848 -0.76919 0.53146 0.35482 0.57853 0.44023 0.68666 -0.57853 -0.44023 -0.68666 0.76919 -0.53146 -0.35482 -0.97355 0.093414 -0.20848 0.69162 0.66717 -0.27668 -0.19547 -0.84831 -0.49209 0.77558 0.21239 0.59445 -0.9831 -0.17339 0.05871 0.1048 0.13547 0.98522 -0.1048 -0.13547 -0.98522 0.9831 0.17339 -0.05871 -0.77558 -0.21239 -0.59445 0.19547 0.84831 0.49209 -0.75465 -0.50616 0.41751 0.49268 0.71008 0.50305 -0.92462 0.018675 -0.38044 -0.18872 0.93198 0.3095 0.18872 -0.93198 -0.3095 0.92462 -0.018675 0.38044 -0.49268 -0.71008 -0.50305 0.75465 0.50616 -0.41751 -0.47738 -0.7879 0.389 0.92977 -0.19415 0.31278 -0.64711 0.72937 0.22195 0.34645 0.66474 0.66188 -0.34645 -0.66474 -0.66188 0.64711 -0.72937 -0.22195 -0.92977 0.19415 -0.31278 0.47738 0.7879 -0.389 -0.38715 -0.26083 0.88435 0.67727 -0.31664 -0.66411 -0.10387 0.44948 0.88723 0.97415 -0.076363 -0.21263 -0.97415 0.076363 0.21263 0.10387 -0.44948 -0.88723 -0.67727 0.31664 0.66411 0.38715 0.26083 -0.88435 -0.14551 0.30464 0.94129 -0.085934 0.77109 -0.63091 -0.66226 -0.70728 0.24734 -0.8196 0.21448 -0.53127 0.8196 -0.21448 0.53127 0.66226 0.70728 -0.24734 0.085934 -0.77109 0.63091 0.14551 -0.30464 -0.94129 -0.81101 -0.52384 0.26049 0.90593 -0.33522 -0.25868 -0.45816 0.36501 0.81046 0.8786 -0.12 0.46224 -0.8786 0.12 -0.46224 0.45816 -0.36501 -0.81046 -0.90593 0.33522 0.25868 0.81101 0.52384 -0.26049</float_array><technique_common><accessor source="#c7-na" count="264" stride="3"><param name="X" type="float"/><param name="Y" type="float"/><param name="Z" type="float"/></accessor></technique_common></source><vertices id="c7-v"><input semantic="POSITION" source="#c7-p"/><input semantic="NORMAL" source="#c7-n"/></vertices><triangles count="396" material="c7"><input semantic="VERTEX" source="#c7-v" offset="0"/><p>0 1 3 0 3 2 4 6 7 4 7 5 0 4 5 0 5 1 2 3 7 2 7 6 0 2 6 0 6 4 1 5 7 1 7 3 8 9 11 8 11 10 12 14 15 12 15 13 8 12 13 8 13 9 10 11 15 10 15 14 8 10 14 8 14 12 9 13 15 9 15 11 16 17 19 16 19 18 20 22 23 20 23 21 16 20 21 16 21 17 18 19 23 18 23 22 16 18 22 16 22 20 17 21 23 17 23 19 24 25 27 24 27 26 28 30 31 28 31 29 24 28 29 24 29 25 26 27 31 26 31 30 24 26 30 24 30 28 25 29 31 25 31 27 32 33 35 32 35 34 36 38 39 36 39 37 32 36 37 32 37 33 34 35 39 34 39 38 32 34 38 32 38 36 33 37 39 33 39 35 40 41 43 40 43 42 44 46 47 44 47 45 40 44 45 40 45 41 42 43 47 42 47 46 40 42 46 40 46 44 41 45 47 41 47 43 48 49 51 48 51 50 52 54 55 52 55 53 48 52 53 48 53 49 50 51 55 50 55 54 48 50 54 48 54 52 49 53 55 49 55 51 56 57 59 56 59 58 60 62 63 60 63 61 56 60 61 56 61 57 58 59 63 58 63 62 56 58 62 56 62 60 57 61 63 57 63 59 64 65 67 64 67 66 68 70 71 68 71 69 64 68 69 64 69 65 66 67 71 66 71 70 64 66 70 64 70 68 65 69 71 65 71 67 72 73 75 72 75 74 76 78 79 76 79 77 72 76 77 72 77 73 74 75 79 74 79 78 72 74 78 72 78 76 73 77 79 73 79 75 80 81 83 80 83 82 84 86 87 84 87 85 80 84 85 80 85 81 82 83 87 82 87 86 80 82 86 80 86 84 81 85 87 81 87 83 88 89 91 88 91 90 92 94 95 92 95 93 88 92 93 88 93 89 90 91 95 90 95 94 88 90 94 88 94 92 89 93 95 89 95 91 96 97 99 96 99 98 100 102 103 100 103 101 96 100 101 96 101 97 98 99 103 98 103 102 96 98 102 96 102 100 97 101 103 97 103 99 104 105 107 104 107 106 108 110 111 108 111 109 104 108 109 104 109 105 106 107 111 106 111 110 104 106 110 104 110 108 105 109 111 105 111 107 112 113 115 112 115 114 116 118 119 116 119 117 112 116 117 112 117 113 114 115 119 114 119 118 112 114 118 112 118 116 113 117 119 113 119 115 120 121 123 120 123 122 124 126 127 124 127 125 120 124 125 120 125 121 122 123 127 122 127 126 120 122 126 120 126 124 121 125 127 121 127 123 128 129 131 128 131 130 132 134 135 132 135 133 128 132 133 128 133 129 130 131 135 130 135 134 128 130 134 128 134 132 129 133 135 129 135 131 136 137 139 136 139 138 140 142 143 140 143 141 136 140 141 136 141 137 138 139 143 138 143 142 136 138 142 136 142 140 137 141 143 137 143 139 144 145 147 144 147 146 148 150 151 148 151 149 144 148 149 144 149 145 146 147 151 146 151 150 144 146 150 144 150 148 145 149 151 145 151 147 152 153 155 152 155 154 156 158 159 156 159 157 152 156 157 152 157 153 154 155 159 154 159 158 152 154 158 152 158 156 153 157 159 153 159 155 160 161 163 160 163 162 164 166 167 164 167 165 160 164 165 160 165 161 162 163 167 162 167 166 160 162 166 160 166 164 161 165 167 161 167 163 168 169 171 168 171 170 172 174 175 172 175 173 168 172 173 168 173 169 170 171 175 170 175 174 168 170 174 168 174 172 169 173 175 169 175 171 176 177 179 176 179 178 180 182 183 180 183 181 176 180 181 176 181 177 178 179 183 178 183 182 176 178 182 176 182 180 177 181 183 177 183 179 184 185 187 184 187 186 188 190 191 188 191 189 184 188 189 184 189 185 186 187 191 186 191 190 184 186 190 184 190 188 185 189 191 185 191 187 192 193 195 192 195 194 196 198 199 196 199 197 192 196 197 192 197 193 194 195 199 194 199 198 192 194 198 192 198 196 193 197 199 193 199 195 200 201 203 200 203 202 204 206 207 204 207 205 200 204 205 200 205 201 202 203 207 202 207 206 200 202 206 200 206 204 201 205 207 201 207 203 208 209 211 208 211 210 212 214 215 212 215 213 208 212 213 208 213 209 210 211 215 210 215 214 208 210 214 208 214 212 209 213 215 209 215 211 216 217 219 216 219 218 220 222 223 220 223 221 216 220 221 216 221 217 218 219 223 218 223 222 216 218 222 216 222 220 217 221 223 217 223 219 224 225 227 224 227 226 228 230 231 228 231 229 224 228 229 224 229 225 226 227 231 226 231 230 224 226 230 224 230 228 225 229 231 225 231 227 232 233 235 232 235 234 236 238 239 236 239 237 232 236 237 232 237 233 234 235 239 234 239 238 232 234 238 232 238 236 233 237 239 233 239 235 240 241 243 240 243 242 244 246 247 244 247 245 240 244 245 240 245 241 242 243 247 242 247 246 240 242 246 240 246 244 241 245 247 241 247 243 248 249 251 248 251 250 252 254 255 252 255 253 248 252 253 248 253 249 250 251 255 250 255 254 248 250 254 248 254 252 249 253 255 249 255 251 256 257 259 256 259 258 260 262 263 260 263 261 256 260 261 256 261 257 258 259 263 258 263 262 256 258 262 256 262 260 257 261 263 257 263 259</p></triangles></mesh></geometry>
<geometry id="c8-mesh"><mesh><source id="c8-p"><float_array id="c8-pa" count="216">-1.3052 5.22 3.145 -1.3052 5.22 3.695 -1.3052 5.28 3.145 -1.3052 5.28 3.695 3.9821 5.22 3.145 3.9821 5.22 3.695 3.9821 5.28 3.145 3.9821 5.28 3.695 3.9521 4.25 3.145 3.9521 4.25 3.695 3.9521 5.25 3.145 3.9521 5.25 3.695 4.0121 4.25 3.145 4.0121 4.25 3.695 4.0121 5.25 3.145 4.0121 5.25 3.695 -1.3352 4.25 3.145 -1.3352 4.25 3.695 -1.3352 5.25 3.145 -1.3352 5.25 3.695 -1.2752 4.25 3.145 -1.2752 4.25 3.695 -1.2752 5.25 3.145 -1.2752 5.25 3.695 -2.5659 -5.28 6.385 -2.5659 -5.28 6.935 -2.5659 -5.22 6.385 -2.5659 -5.22 6.935 2.5267 -5.28 6.385 2.5267 -5.28 6.935 2.5267 -5.22 6.385 2.5267 -5.22 6.935 2.4968 -5.25 6.385 2.4968 -5.25 6.935 2.4968 -4.25 6.385 2.4968 -4.25 6.935 2.5568 -5.25 6.385 2.5568 -5.25 6.935 2.5568 -4.25 6.385 2.5568 -4.25 6.935 -2.5959 -5.25 6.385 -2.5959 -5.25 6.935 -2.5959 -4.25 6.385 -2.5959 -4.25 6.935 -2.5359 -5.25 6.385 -2.5359 -5.25 6.935 -2.5359 -4.25 6.385 -2.5359 -4.25 6.935 0.04915 -5.28 9.625 0.04915 -5.28 10.175 0.04915 -5.22 9.625 0.04915 -5.22 10.175 3.9671 -5.28 9.625 3.9671 -5.28 10.175 3.9671 -5.22 9.625 3.9671 -5.22 10.175 3.9371 -5.25 9.625 3.9371 -5.25 10.175 3.9371 -4.25 9.625 3.9371 -4.25 10.175 3.9971 -5.25 9.625 3.9971 -5.25 10.175 3.9971 -4.25 9.625 3.9971 -4.25 10.175 0.0192 -5.25 9.625 0.0192 -5.25 10.175 0.0192 -4.25 9.625 0.0192 -4.25 10.175 0.0792 -5.25 9.625 0.0792 -5.25 10.175 0.0792 -4.25 9.625 0.0792 -4.25 10.175</float_array><technique_common><accessor source="#c8-pa" count="72" stride="3"><param name="X" type="float"/><param name="Y" type="float"/><param name="Z" type="float"/></accessor></technique_common></source><source id="c8-n"><float_array id="c8-na" count="216">-0.01128 -0.99404 -0.10844 -0.011086 -0.97696 0.21315 -0.0056655 0.9985 -0.054464 -0.022556 0.99385 0.10842 0.022556 -0.99385 -0.10842 0.0056655 -0.9985 0.054464 0.011086 0.97696 -0.21315 0.01128 0.99404 0.10844 -0.99234 -0.05954 -0.10826 -0.97534 -0.05852 0.2128 -0.9871 0.11845 -0.10768 -0.99807 0.029942 0.05444 0.99807 -0.029942 -0.05444 0.9871 -0.11845 0.10768 0.97534 0.05852 -0.2128 0.99234 0.05954 0.10826 -0.99234 -0.05954 -0.10826 -0.97534 -0.05852 0.2128 -0.9871 0.11845 -0.10768 -0.99807 0.029942 0.05444 0.99807 -0.029942 -0.05444 0.9871 -0.11845 0.10768 0.97534 0.05852 -0.2128 0.99234 0.05954 0.10826 -0.011711 -0.99403 -0.10844 -0.01151 -0.97695 0.21315 -0.0058819 0.9985 -0.054464 -0.023418 0.99383 0.10842 0.023418 -0.99383 -0.10842 0.0058819 -0.9985 0.054464 0.01151 0.97695 -0.21315 0.011711 0.99403 0.10844 -0.99234 -0.05954 -0.10826 -0.97534 -0.05852 0.2128 -0.9871 0.11845 -0.10768 -0.99807 0.029942 0.05444 0.99807 -0.029942 -0.05444 0.9871 -0.11845 0.10768 0.97534 0.05852 -0.2128 0.99234 0.05954 0.10826 -0.99234 -0.05954 -0.10826 -0.97534 -0.05852 0.2128 -0.9871 0.11845 -0.10768 -0.99807 0.029942 0.05444 0.99807 -0.029942 -0.05444 0.9871 -0.11845 0.10768 0.97534 0.05852 -0.2128 0.99234 0.05954 0.10826 -0.015222 -0.99399 -0.10843 -0.014961 -0.97691 0.21314 -0.0076456 0.99849 -0.054463 -0.030434 0.99364 0.1084 0.030434 -0.99364 -0.1084 0.0076456 -0.99849 0.054463 0.014961 0.97691 -0.21314 0.015222 0.99399 0.10843 -0.99234 -0.05954 -0.10826 -0.97534 -0.05852 0.2128 -0.9871 0.11845 -0.10768 -0.99807 0.029942 0.05444 0.99807 -0.029942 -0.05444 0.9871 -0.11845 0.10768 0.97534 0.05852 -0.2128 0.99234 0.05954 0.10826 -0.99234 -0.05954 -0.10826 -0.97534 -0.05852 0.2128 -0.9871 0.11845 -0.10768 -0.99807 0.029942 0.05444 0.99807 -0.029942 -0.05444 0.9871 -0.11845 0.10768 0.97534 0.05852 -0.2128 0.99234 0.05954 0.10826</float_array><technique_common><accessor source="#c8-na" count="72" stride="3"><param name="X" type="float"/><param name="Y" type="float"/><param name="Z" type="float"/></accessor></technique_common></source><vertices id="c8-v"><input semantic="POSITION" source="#c8-p"/><input semantic="NORMAL" source="#c8-n"/></vertices><triangles count="108" material="c8"><input semantic="VERTEX" source="#c8-v" offset="0"/><p>0 1 3 0 3 2 4 6 7 4 7 5 0 4 5 0 5 1 2 3 7 2 7 6 0 2 6 0 6 4 1 5 7 1 7 3 8 9 11 8 11 10 12 14 15 12 15 13 8 12 13 8 13 9 10 11 15 10 15 14 8 10 14 8 14 12 9 13 15 9 15 11 16 17 19 16 19 18 20 22 23 20 23 21 16 20 21 16 21 17 18 19 23 18 23 22 16 18 22 16 22 20 17 21 23 17 23 19 24 25 27 24 27 26 28 30 31 28 31 29 24 28 29 24 29 25 26 27 31 26 31 30 24 26 30 24 30 28 25 29 31 25 31 27 32 33 35 32 35 34 36 38 39 36 39 37 32 36 37 32 37 33 34 35 39 34 39 38 32 34 38 32 38 36 33 37 39 33 39 35 40 41 43 40 43 42 44 46 47 44 47 45 40 44 45 40 45 41 42 43 47 42 47 46 40 42 46 40 46 44 41 45 47 41 47 43 48 49 51 48 51 50 52 54 55 52 55 53 48 52 53 48 53 49 50 51 55 50 55 54 48 50 54 48 54 52 49 53 55 49 55 51 56 57 59 56 59 58 60 62 63 60 63 61 56 60 61 56 61 57 58 59 63 58 63 62 56 58 62 56 62 60 57 61 63 57 63 59 64 65 67 64 67 66 68 70 71 68 71 69 64 68 69 64 69 65 66 67 71 66 71 70 64 66 70 64 70 68 65 69 71 65 71 67</p></triangles></mesh></geometry>
<geometry id="c9-mesh"><mesh><source id="c9-p"><float_array id="c9-pa" count="90">-3.12 -1.7 12.47 -3.1596 -1.5264 12.47 -3.2706 -1.3873 12.47 -3.431 -1.31 12.47 -3.609 -1.31 12.47 -3.7694 -1.3873 12.47 -3.8804 -1.5264 12.47 -3.92 -1.7 12.47 -3.8804 -1.8736 12.47 -3.7694 -2.0127 12.47 -3.609 -2.09 12.47 -3.431 -2.09 12.47 -3.2706 -2.0127 12.47 -3.1596 -1.8736 12.47 -3.12 -1.7 13.37 -3.1596 -1.5264 13.37 -3.2706 -1.3873 13.37 -3.431 -1.31 13.37 -3.609 -1.31 13.37 -3.7694 -1.3873 13.37 -3.8804 -1.5264 13.37 -3.92 -1.7 13.37 -3.8804 -1.8736 13.37 -3.7694 -2.0127 13.37 -3.609 -2.09 13.37 -3.431 -2.09 13.37 -3.2706 -2.0127 13.37 -3.1596 -1.8736 13.37 -3.52 -1.7 12.47 -3.52 -1.7 13.37</float_array><technique_common><accessor source="#c9-pa" count="30" stride="3"><param name="X" type="float"/><param name="Y" type="float"/><param name="Z" type="float"/></accessor></technique_common></source><source id="c9-n"><float_array id="c9-na" count="90">0.95626 0.072753 -0.28334 0.82999 0.48045 -0.28334 0.53934 0.79299 -0.28334 0.14186 0.94847 -0.28334 -0.28372 0.91609 -0.28334 -0.6531 0.70227 -0.28334 -0.89312 0.34936 -0.28334 -0.95626 -0.072753 -0.28334 -0.82999 -0.48045 -0.28334 -0.53934 -0.79299 -0.28334 -0.14186 -0.94847 -0.28334 0.28372 -0.91609 -0.28334 0.6531 -0.70227 -0.28334 0.89312 -0.34936 -0.28334 0.95626 -0.072753 0.28334 0.89312 0.34936 0.28334 0.6531 0.70227 0.28334 0.28372 0.91609 0.28334 -0.14186 0.94847 0.28334 -0.53934 0.79299 0.28334 -0.82999 0.48045 0.28334 -0.95626 0.072753 0.28334 -0.89312 -0.34936 0.28334 -0.6531 -0.70227 0.28334 -0.28372 -0.91609 0.28334 0.14186 -0.94847 0.28334 0.53934 -0.79299 0.28334 0.82999 -0.48045 0.28334 0 0 -1 0 0 1</float_array><technique_common><accessor source="#c9-na" count="30" stride="3"><param name="X" type="float"/><param name="Y" type="float"/><param name="Z" type="float"/></accessor></technique_common></source><vertices id="c9-v"><input semantic="POSITION" source="#c9-p"/><input semantic="NORMAL" source="#c9-n"/></vertices><triangles count="56" material="c9"><input semantic="VERTEX" source="#c9-v" offset="0"/><p>0 1 15 0 15 14 28 1 0 29 14 15 1 2 16 1 16 15 28 2 1 29 15 16 2 3 17 2 17 16 28 3 2 29 16 17 3 4 18 3 18 17 28 4 3 29 17 18 4 5 19 4 19 18 28 5 4 29 18 19 5 6 20 5 20 19 28 6 5 29 19 20 6 7 21 6 21 20 28 7 6 29 20 21 7 8 22 7 22 21 28 8 7 29 21 22 8 9 23 8 23 22 28 9 8 29 22 23 9 10 24 9 24 23 28 10 9 29 23 24 10 11 25 10 25 24 28 11 10 29 24 25 11 12 26 11 26 25 28 12 11 29 25 26 12 13 27 12 27 26 28 13 12 29 26 27 13 0 14 13 14 27 28 0 13 29 27 14</p></triangles></mesh></geometry>
<geometry id="c10-mesh"><mesh><source id="c10-p"><float_array id="c10-pa" count="144">9.6366 -0.44017 -0.033297 9.6879 -0.42203 0.32428 7.1014 -0.60998 0.33953 7.1527 -0.59184 0.69711 9.4515 2.0986 -0.13551 9.5028 2.1168 0.22207 6.9163 1.9288 0.23732 6.9676 1.947 0.5949 7.0455 -0.9103 0.67494 7.0493 -0.94404 0.99544 6.2865 0.73316 0.85684 6.2902 0.69942 1.1773 8.9626 -0.032621 0.74486 8.9663 -0.06636 1.0654 8.2035 1.6108 0.92676 8.2073 1.5771 1.2473 9.9154 -2.9305 0 9.9154 -2.9305 0.22 5.3425 -1.1544 0 5.3425 -1.1544 0.22 11.969 2.3568 0 11.969 2.3568 0.22 7.3962 4.1329 0 7.3962 4.1329 0.22 11.155 -2.4091 0 11.155 -2.4091 0.22 4.911 -1.9326 0 4.911 -1.9326 0.22 11.603 3.4686 0 11.603 3.4686 0.22 5.3596 3.9451 0 5.3596 3.9451 0.22 -6.3861 -2.4396 0.9107 -6.4456 -2.4611 1.3553 -6.7014 -2.6798 0.85689 -6.7609 -2.7013 1.3015 -6.8149 -1.8701 0.88089 -6.8744 -1.8916 1.3255 -7.1302 -2.1103 0.82708 -7.1897 -2.1318 1.2717 -6.2598 -5.8767 0 -6.2598 -5.8767 0.22 -10.692 -5.9032 0 -10.692 -5.9032 0.22 -6.2918 -0.53579 0 -6.2918 -0.53579 0.22 -10.724 -0.56231 0 -10.724 -0.56231 0.22</float_array><technique_common><accessor source="#c10-pa" count="48" stride="3"><param name="X" type="float"/><param name="Y" type="float"/><param name="Z" type="float"/></accessor></technique_common></source><source id="c10-n"><float_array id="c10-na" count="144">0.0071889 -0.17879 -0.98386 0.21563 -0.015855 0.97635 -0.39081 -0.20053 -0.89837 0.022509 -0.23082 0.97274 -0.022509 0.23082 -0.97274 0.39081 0.20053 0.89837 -0.21563 0.015855 -0.97635 -0.0071889 0.17879 0.98386 -0.074573 -0.11577 -0.99047 -0.020668 -0.215 0.97639 -0.2783 0.33694 -0.89945 -0.32052 -0.067691 0.94482 0.32052 0.067691 -0.94482 0.2783 -0.33694 0.89945 0.020668 0.215 -0.97639 0.074573 0.11577 0.99047 0.027712 -0.0523 -0.99825 0.013874 -0.026184 0.99956 -0.097187 -0.0036637 -0.99526 -0.06961 -0.055849 0.99601 0.06961 0.055849 -0.99601 0.097187 0.0036637 0.99526 -0.013874 0.026184 -0.99956 -0.027712 0.0523 0.99825 0.032149 -0.039834 -0.99869 0.01609 -0.019937 0.99967 -0.072674 -0.031765 -0.99685 -0.040574 -0.071509 0.99661 0.040574 0.071509 -0.99661 0.072674 0.031765 0.99685 -0.01609 0.019937 -0.99967 -0.032149 0.039834 0.99869 0.85629 0.13479 -0.4986 0.41974 0.031953 0.90708 -0.49627 -0.71054 -0.49885 -0.13306 -0.88066 0.45468 0.13306 0.88066 -0.45468 0.49627 0.71054 0.49885 -0.41974 -0.031953 -0.90708 -0.85629 -0.13479 0.4986 0.049773 -0.040808 -0.99793 0.024925 -0.020436 0.99948 -0.098447 -0.041545 -0.99427 -0.048912 -0.082297 0.99541 0.048912 0.082297 -0.99541 0.098447 0.041545 0.99427 -0.024925 0.020436 -0.99948 -0.049773 0.040808 0.99793</float_array><technique_common><accessor source="#c10-na" count="48" stride="3"><param name="X" type="float"/><param name="Y" type="float"/><param name="Z" type="float"/></accessor></technique_common></source><vertices id="c10-v"><input semantic="POSITION" source="#c10-p"/><input semantic="NORMAL" source="#c10-n"/></vertices><triangles count="72" material="c10"><input semantic="VERTEX" source="#c10-v" offset="0"/><p>0 1 3 0 3 2 4 6 7 4 7 5 0 4 5 0 5 1 2 3 7 2 7 6 0 2 6 0 6 4 1 5 7 1 7 3 8 9 11 8 11 10 12 14 15 12 15 13 8 12 13 8 13 9 10 11 15 10 15 14 8 10 14 8 14 12 9 13 15 9 15 11 16 17 19 16 19 18 20 22 23 20 23 21 16 20 21 16 21 17 18 19 23 18 23 22 16 18 22 16 22 20 17 21 23 17 23 19 24 25 27 24 27 26 28 30 31 28 31 29 24 28 29 24 29 25 26 27 31 26 31 30 24 26 30 24 30 28 25 29 31 25 31 27 32 33 35 32 35 34 36 38 39 36 39 37 32 36 37 32 37 33 34 35 39 34 39 38 32 34 38 32 38 36 33 37 39 33 39 35 40 41 43 40 43 42 44 46 47 44 47 45 40 44 45 40 45 41 42 43 47 42 47 46 40 42 46 40 46 44 41 45 47 41 47 43</p></triangles></mesh></geometry>
<geometry id="c11-mesh"><mesh><source id="c11-p"><float_array id="c11-pa" count="192">7.452 -1.0234 0.41251 7.4262 -0.99838 0.69049 5.2581 0.53492 0.068196 5.2322 0.55995 0.34618 9.815 2.2861 0.33422 9.7891 2.3111 0.6122 7.621 3.8444 -0.010093 7.5952 3.8694 0.26789 8.3041 0.011964 0.92246 8.3277 -0.011294 1.2467 7.0142 -0.54579 0.97636 7.0378 -0.56905 1.3006 7.8766 1.0107 1.0252 7.9002 0.98739 1.3494 6.5867 0.45289 1.0791 6.6103 0.42964 1.4033 10.647 -1.6306 0 10.647 -1.6306 0.22 6.3378 -3.9696 0 6.3378 -3.9696 0.22 7.4876 4.1896 0 7.4876 4.1896 0.22 3.1786 1.8506 0 3.1786 1.8506 0.22 9.0788 -3.1405 0 9.0788 -3.1405 0.22 3.9536 -0.71586 0 3.9536 -0.71586 0.22 11.8 2.6107 0 11.8 2.6107 0.22 6.6744 5.0353 0 6.6744 5.0353 0.22 -5.4163 -0.45467 0 -5.4163 -0.45467 0.22 -6.2281 -4.2886 0 -6.2281 -4.2886 0.22 -10.267 0.57256 0 -10.267 0.57256 0.22 -11.079 -3.2613 0 -11.079 -3.2613 0.22 -4.6719 -0.61066 0 -4.6719 -0.61066 0.22 -5.7294 -5.8048 0 -5.7294 -5.8048 0.22 -10.11 0.49659 0 -10.11 0.49659 0.22 -11.168 -4.6975 0 -11.168 -4.6975 0.22 -8.5244 -4.6131 0 -8.5244 -4.6131 0.22 -8.9914 -0.35531 0 -8.9914 -0.35531 0.22 -3.5486 -4.0673 0 -3.5486 -4.0673 0.22 -4.0156 0.19047 0 -4.0156 0.19047 0.22 -4.689 -1.4335 0.65786 -4.2698 -1.6326 0.37383 -4.2357 -0.75982 0.85445 -3.8165 -0.95897 0.57042 -4.9429 -1.0812 0.036184 -4.5237 -1.2804 -0.24785 -4.4896 -0.40758 0.23277 -4.0704 -0.60673 -0.051263</float_array><technique_common><accessor source="#c11-pa" count="64" stride="3"><param name="X" type="float"/><param name="Y" type="float"/><param name="Z" type="float"/></accessor></technique_common></source><source id="c11-n"><float_array id="c11-na" count="192">0.13469 -0.20316 -0.96984 -0.070321 0.031527 0.99703 -0.1123 -0.026076 -0.99333 -0.25213 0.035959 0.96703 0.25213 -0.035959 -0.96703 0.1123 0.026076 0.99333 0.070321 -0.031527 -0.99703 -0.13469 0.20316 0.96984 0.24051 -0.10297 -0.96517 0.23308 -0.15927 0.95933 -0.3332 -0.33783 -0.88025 0.079081 -0.59778 0.79775 -0.079081 0.59778 -0.79775 0.3332 0.33783 0.88025 -0.23308 0.15927 -0.95933 -0.24051 0.10297 0.96517 0.055199 -0.0077793 -0.99845 0.027631 -0.0038942 0.99961 -0.062738 -0.071681 -0.99545 -0.0077155 -0.079545 0.9968 0.0077155 0.079545 -0.9968 0.062738 0.071681 0.99545 -0.027631 0.0038942 -0.99961 -0.055199 0.0077793 0.99845 0.02026 -0.047786 -0.99865 0.01014 -0.023917 0.99966 -0.084633 0.0019228 -0.99641 -0.064448 -0.045777 0.99687 0.064448 0.045777 -0.99687 0.084633 -0.0019228 0.99641 -0.01014 0.023917 -0.99966 -0.02026 0.047786 0.99865 0.054894 0.045613 -0.99745 0.0275 0.02285 0.99936 0.02 -0.11817 -0.99279 0.074769 -0.072902 0.99453 -0.074769 0.072902 -0.99453 -0.02 0.11817 0.99279 -0.0275 -0.02285 -0.99936 -0.054894 -0.045613 0.99745 0.047048 0.032707 -0.99836 0.023553 0.016373 0.99959 0.02219 -0.088873 -0.9958 0.069133 -0.056263 0.99602 -0.069133 0.056263 -0.99602 -0.02219 0.088873 0.9958 -0.023553 -0.016373 -0.99959 -0.047048 -0.032707 0.99836 -0.038002 -0.055721 -0.99772 -0.019033 -0.027908 0.99943 -0.05455 0.096718 -0.99382 -0.0925 0.041259 0.99486 0.0925 -0.041259 -0.99486 0.05455 -0.096718 0.99382 0.019033 0.027908 -0.99943 0.038002 0.055721 0.99772 -0.6345 -0.35367 0.68726 0.64241 -0.71569 -0.27405 0.098528 0.60439 0.79057 0.85953 -0.27186 0.43278 -0.85953 0.27186 -0.43278 -0.098528 -0.60439 -0.79057 -0.64241 0.71569 0.27405 0.6345 0.35367 -0.68726</float_array><technique_common><accessor source="#c11-na" count="64" stride="3"><param name="X" type="float"/><param name="Y" type="float"/><param name="Z" type="float"/></accessor></technique_common></source><vertices id="c11-v"><input semantic="POSITION" source="#c11-p"/><input semantic="NORMAL" source="#c11-n"/></vertices><triangles count="96" material="c11"><input semantic="VERTEX" source="#c11-v" offset="0"/><p>0 1 3 0 3 2 4 6 7 4 7 5 0 4 5 0 5 1 2 3 7 2 7 6 0 2 6 0 6 4 1 5 7 1 7 3 8 9 11 8 11 10 12 14 15 12 15 13 8 12 13 8 13 9 10 11 15 10 15 14 8 10 14 8 14 12 9 13 15 9 15 11 16 17 19 16 19 18 20 22 23 20 23 21 16 20 21 16 21 17 18 19 23 18 23 22 16 18 22 16 22 20 17 21 23 17 23 19 24 25 27 24 27 26 28 30 31 28 31 29 24 28 29 24 29 25 26 27 31 26 31 30 24 26 30 24 30 28 25 29 31 25 31 27 32 33 35 32 35 34 36 38 39 36 39 37 32 36 37 32 37 33 34 35 39 34 39 38 32 34 38 32 38 36 33 37 39 33 39 35 40 41 43 40 43 42 44 46 47 44 47 45 40 44 45 40 45 41 42 43 47 42 47 46 40 42 46 40 46 44 41 45 47 41 47 43 48 49 51 48 51 50 52 54 55 52 55 53 48 52 53 48 53 49 50 51 55 50 55 54 48 50 54 48 54 52 49 53 55 49 55 51 56 57 59 56 59 58 60 62 63 60 63 61 56 60 61 56 61 57 58 59 63 58 63 62 56 58 62 56 62 60 57 61 63 57 63 59</p></triangles></mesh></geometry>
<geometry id="c12-mesh"><mesh><source id="c12-p"><float_array id="c12-pa" count="240">8.6347 0.004283 0.37177 8.6744 -0.0057026 0.78876 6.4857 0.11233 0.57925 6.5255 0.10235 0.99624 8.7747 2.6915 0.42276 8.8145 2.6815 0.83975 6.6258 2.7995 0.63024 6.6655 2.7895 1.0472 9.8903 -1.2305 0.2454 10.025 -1.3898 0.30541 10.011 -1.1524 0.18197 10.146 -1.3117 0.24198 9.844 -1.3653 -0.008776 9.9784 -1.5246 0.051229 9.9649 -1.2872 -0.072208 10.099 -1.4465 -0.012203 7.2143 2.907 0.25789 7.2739 2.7923 0.10702 7.7155 2.9259 0.44149 7.7751 2.8112 0.29063 7.2839 3.2378 0.033775 7.3435 3.1231 -0.11709 7.7851 3.2567 0.21738 7.8447 3.142 0.066508 5.3391 0.28514 0.11281 5.5905 0.27959 0.18831 5.2281 0.5957 0.50523 5.4795 0.59015 0.58073 5.4351 0.68605 -0.17733 5.6865 0.6805 -0.10183 5.3241 0.99661 0.21509 5.5755 0.99106 0.29059 4.4566 1.839 -0.0037454 4.6567 1.7487 0.032514 4.4214 1.8965 0.33409 4.6215 1.8062 0.37035 4.6283 2.2016 -0.047546 4.8284 2.1113 -0.011287 4.5931 2.2591 0.29029 4.7932 2.1688 0.32655 7.677 3.684 0.27653 7.8527 3.7625 0.31575 7.6553 3.8151 0.11194 7.831 3.8935 0.15116 7.8102 3.4769 0.094037 7.9859 3.5553 0.13326 7.7885 3.6079 -0.070554 7.9642 3.6864 -0.031327 11.739 0.87168 1.0925 11.822 1.5157 0.57721 11.225 0.60907 0.68093 11.309 1.2531 0.16566 12.386 0.38852 0.59354 12.469 1.0325 0.078268 11.872 0.12591 0.18199 11.956 0.76992 -0.33328 8.772 -1.7901 0.022908 8.7201 -1.7584 0.28793 8.5797 -2.1542 0.028714 8.5278 -2.1226 0.29373 8.5048 -1.65 -0.046134 8.4529 -1.6184 0.21889 8.3125 -2.0142 -0.040329 8.2606 -1.9825 0.22469 -7.3403 -3.467 0.13516 -7.2789 -3.4665 0.52405 -9.3492 -2.4104 0.45068 -9.2879 -2.4099 0.83958 -6.4167 -1.6669 -0.012576 -6.3554 -1.6664 0.37632 -8.4257 -0.61027 0.30295 -8.3643 -0.60981 0.69184 -9.2073 -4.0336 0.58086 -9.0667 -3.92 0.53434 -9.4397 -3.9435 0.098458 -9.2992 -3.83 0.051934 -8.9406 -4.4478 0.37507 -8.8001 -4.3343 0.32854 -9.1731 -4.3578 -0.10734 -9.0325 -4.2442 -0.15386</float_array><technique_common><accessor source="#c12-pa" count="80" stride="3"><param name="X" type="float"/><param name="Y" type="float"/><param name="Z" type="float"/></accessor></technique_common></source><source id="c12-n"><float_array id="c12-na" count="240">0.087058 -0.13713 -0.98672 0.18576 -0.10559 0.97691 -0.45065 -0.10356 -0.88668 -0.10704 -0.30516 0.94627 0.10704 0.30516 -0.94627 0.45065 0.10356 0.88668 -0.18576 0.10559 -0.97691 -0.087058 0.13713 0.98672 -0.83997 0.21182 0.49958 0.11729 -0.71215 0.69216 0.53455 0.80904 -0.24434 0.84689 0.28253 0.45051 -0.84689 -0.28253 -0.45051 -0.53455 -0.80904 0.24434 -0.11729 0.71215 -0.69216 0.83997 -0.21182 -0.49958 -0.62444 0.14038 0.76835 0.079632 -0.74925 -0.65748 0.2346 0.15254 0.96005 0.33193 -0.94126 -0.062135 -0.33193 0.94126 0.062135 -0.2346 -0.15254 -0.96005 -0.079632 0.74925 0.65748 0.62444 -0.14038 -0.76835 -0.76368 -0.56807 -0.30674 0.90492 -0.36018 0.2267 -0.8392 0.14938 0.5229 0.42308 -0.35198 0.83493 -0.42308 0.35198 -0.83493 0.8392 -0.14938 -0.5229 -0.90492 0.36018 -0.2267 0.76368 0.56807 0.30674 -0.8138 -0.15019 -0.5614 0.75016 -0.65136 -0.11396 -0.73426 0.073302 0.6749 0.22435 -0.79435 0.56452 -0.22435 0.79435 -0.56452 0.73426 -0.073302 -0.6749 -0.75016 0.65136 0.11396 0.8138 0.15019 0.5614 -0.71485 -0.35931 0.59991 0.69962 0.28592 0.65481 -0.61883 0.53717 -0.57315 0.12944 0.98326 0.12827 -0.12944 -0.98326 -0.12827 0.61883 -0.53717 0.57315 -0.69962 -0.28592 -0.65481 0.71485 0.35931 -0.59991 0.085796 0.057286 0.99466 0.18348 0.98212 -0.042191 -0.88914 -0.44581 -0.10341 -0.83229 0.52942 -0.16437 0.83229 -0.52942 0.16437 0.88914 0.44581 0.10341 -0.18348 -0.98212 0.042191 -0.085796 -0.057286 -0.99466 0.84646 0.046946 -0.53038 0.30021 0.18352 0.93605 0.17752 -0.89672 -0.40544 0.47863 -0.59357 0.64699 -0.47863 0.59357 -0.64699 -0.17752 0.89672 0.40544 -0.30021 -0.18352 -0.93605 -0.84646 -0.046946 0.53038 -0.090517 -0.2445 -0.96541 0.18532 -0.12352 0.97488 -0.50724 -0.013917 -0.86169 -0.15792 -0.24308 0.95707 0.15792 0.24308 -0.95707 0.50724 0.013917 0.86169 -0.18532 0.12352 -0.97488 0.090517 0.2445 0.96541 -0.701 -0.3542 0.61898 0.71828 0.69518 -0.028475 -0.96772 -0.17699 -0.17941 0.20281 0.95302 -0.22499 -0.20281 -0.95302 0.22499 0.96772 0.17699 0.17941 -0.71828 -0.69518 0.028475 0.701 0.3542 -0.61898</float_array><technique_common><accessor source="#c12-na" count="80" stride="3"><param name="X" type="float"/><param name="Y" type="float"/><param name="Z" type="float"/></accessor></technique_common></source><vertices id="c12-v"><input semantic="POSITION" source="#c12-p"/><input semantic="NORMAL" source="#c12-n"/></vertices><triangles count="120" material="c12"><input semantic="VERTEX" source="#c12-v" offset="0"/><p>0 1 3 0 3 2 4 6 7 4 7 5 0 4 5 0 5 1 2 3 7 2 7 6 0 2 6 0 6 4 1 5 7 1 7 3 8 9 11 8 11 10 12 14 15 12 15 13 8 12 13 8 13 9 10 11 15 10 15 14 8 10 14 8 14 12 9 13 15 9 15 11 16 17 19 16 19 18 20 22 23 20 23 21 16 20 21 16 21 17 18 19 23 18 23 22 16 18 22 16 22 20 17 21 23 17 23 19 24 25 27 24 27 26 28 30 31 28 31 29 24 28 29 24 29 25 26 27 31 26 31 30 24 26 30 24 30 28 25 29 31 25 31 27 32 33 35 32 35 34 36 38 39 36 39 37 32 36 37 32 37 33 34 35 39 34 39 38 32 34 38 32 38 36 33 37 39 33 39 35 40 41 43 40 43 42 44 46 47 44 47 45 40 44 45 40 45 41 42 43 47 42 47 46 40 42 46 40 46 44 41 45 47 41 47 43 48 49 51 48 51 50 52 54 55 52 55 53 48 52 53 48 53 49 50 51 55 50 55 54 48 50 54 48 54 52 49 53 55 49 55 51 56 57 59 56 59 58 60 62 63 60 63 61 56 60 61 56 61 57 58 59 63 58 63 62 56 58 62 56 62 60 57 61 63 57 63 59 64 65 67 64 67 66 68 70 71 68 71 69 64 68 69 64 69 65 66 67 71 66 71 70 64 66 70 64 70 68 65 69 71 65 71 67 72 73 75 72 75 74 76 78 79 76 79 77 72 76 77 72 77 73 74 75 79 74 79 78 72 74 78 72 78 76 73 77 79 73 79 75</p></triangles></mesh></geometry>
</library_geometries><library_visual_scenes><visual_scene id="s" name="s">
<node id="c0-n" name="c0"><instance_geometry url="#c0-mesh"><bind_material><technique_common><instance_material symbol="c0" target="#c0-mat"/></technique_common></bind_material></instance_geometry></node>
<node id="c1-n" name="c1"><instance_geometry url="#c1-mesh"><bind_material><technique_common><instance_material symbol="c1" target="#c1-mat"/></technique_common></bind_material></instance_geometry></node>
<node id="c2-n" name="c2"><instance_geometry url="#c2-mesh"><bind_material><technique_common><instance_material symbol="c2" target="#c2-mat"/></technique_common></bind_material></instance_geometry></node>
<node id="c3-n" name="c3"><instance_geometry url="#c3-mesh"><bind_material><technique_common><instance_material symbol="c3" target="#c3-mat"/></technique_common></bind_material></instance_geometry></node>
<node id="c4-n" name="c4"><instance_geometry url="#c4-mesh"><bind_material><technique_common><instance_material symbol="c4" target="#c4-mat"/></technique_common></bind_material></instance_geometry></node>
<node id="c5-n" name="c5"><instance_geometry url="#c5-mesh"><bind_material><technique_common><instance_material symbol="c5" target="#c5-mat"/></technique_common></bind_material></instance_geometry></node>
<node id="c6-n" name="c6"><instance_geometry url="#c6-mesh"><bind_material><technique_common><instance_material symbol="c6" target="#c6-mat"/></technique_common></bind_material></instance_geometry></node>
<node id="c7-n" name="c7"><instance_geometry url="#c7-mesh"><bind_material><technique_common><instance_material symbol="c7" target="#c7-mat"/></technique_common></bind_material></instance_geometry></node>
<node id="c8-n" name="c8"><instance_geometry url="#c8-mesh"><bind_material><technique_common><instance_material symbol="c8" target="#c8-mat"/></technique_common></bind_material></instance_geometry></node>
<node id="c9-n" name="c9"><instance_geometry url="#c9-mesh"><bind_material><technique_common><instance_material symbol="c9" target="#c9-mat"/></technique_common></bind_material></instance_geometry></node>
<node id="c10-n" name="c10"><instance_geometry url="#c10-mesh"><bind_material><technique_common><instance_material symbol="c10" target="#c10-mat"/></technique_common></bind_material></instance_geometry></node>
<node id="c11-n" name="c11"><instance_geometry url="#c11-mesh"><bind_material><technique_common><instance_material symbol="c11" target="#c11-mat"/></technique_common></bind_material></instance_geometry></node>
<node id="c12-n" name="c12"><instance_geometry url="#c12-mesh"><bind_material><technique_common><instance_material symbol="c12" target="#c12-mat"/></technique_common></bind_material></instance_geometry></node>
</visual_scene></library_visual_scenes><scene><instance_visual_scene url="#s"/></scene></COLLADA>