<?xml version="1.0" encoding="utf-8"?>
<COLLADA xmlns="http://www.collada.org/2005/11/COLLADASchema" version="1.4.1">
<asset><unit name="meter" meter="1"/><up_axis>Z_UP</up_axis></asset>
<library_effects>
<effect id="c0-fx"><profile_COMMON><technique sid="t"><lambert><diffuse><color>0.12 0.125 0.135 1.0</color></diffuse><ambient><color>0.0600 0.0625 0.0675 1.0</color></ambient></lambert></technique></profile_COMMON></effect>
<effect id="c1-fx"><profile_COMMON><technique sid="t"><lambert><diffuse><color>0.325 0.335 0.35 1.0</color></diffuse><ambient><color>0.1625 0.1675 0.1750 1.0</color></ambient></lambert></technique></profile_COMMON></effect>
<effect id="c2-fx"><profile_COMMON><technique sid="t"><lambert><diffuse><color>0.78 0.79 0.805 1.0</color></diffuse><ambient><color>0.3900 0.3950 0.4025 1.0</color></ambient></lambert></technique></profile_COMMON></effect>
<effect id="c3-fx"><profile_COMMON><technique sid="t"><lambert><diffuse><color>0.945 0.949 0.957 1.0</color></diffuse><ambient><color>0.4725 0.4745 0.4785 1.0</color></ambient></lambert></technique></profile_COMMON></effect>
<effect id="c4-fx"><profile_COMMON><technique sid="t"><lambert><diffuse><color>0.905 0.91 0.915 1.0</color></diffuse><ambient><color>0.4525 0.4550 0.4575 1.0</color></ambient></lambert></technique></profile_COMMON></effect>
<effect id="c5-fx"><profile_COMMON><technique sid="t"><lambert><diffuse><color>0.78 0.11 0.09 1.0</color></diffuse><ambient><color>0.3900 0.0550 0.0450 1.0</color></ambient></lambert></technique></profile_COMMON></effect>
<effect id="c6-fx"><profile_COMMON><technique sid="t"><lambert><diffuse><color>0.96 0.62 0.12 1.0</color></diffuse><ambient><color>0.4800 0.3100 0.0600 1.0</color></ambient></lambert></technique></profile_COMMON></effect>
<effect id="c7-fx"><profile_COMMON><technique sid="t"><lambert><diffuse><color>0.145 0.185 0.225 0.92</color></diffuse><ambient><color>0.0725 0.0925 0.1125 0.92</color></ambient></lambert></technique></profile_COMMON></effect>
<effect id="c8-fx"><profile_COMMON><technique sid="t"><lambert><diffuse><color>0.23 0.29 0.34 0.88</color></diffuse><ambient><color>0.1150 0.1450 0.1700 0.88</color></ambient></lambert></technique></profile_COMMON></effect>
<effect id="c9-fx"><profile_COMMON><technique sid="t"><lambert><diffuse><color>0.82 0.835 0.855 1.0</color></diffuse><ambient><color>0.4100 0.4175 0.4275 1.0</color></ambient></lambert></technique></profile_COMMON></effect>
<effect id="c10-fx"><profile_COMMON><technique sid="t"><lambert><diffuse><color>0.96 0.955 0.87 1.0</color></diffuse><ambient><color>0.4800 0.4775 0.4350 1.0</color></ambient></lambert></technique></profile_COMMON></effect>
<effect id="c11-fx"><profile_COMMON><technique sid="t"><lambert><diffuse><color>0.945 0.435 0.075 1.0</color></diffuse><ambient><color>0.4725 0.2175 0.0375 1.0</color></ambient></lambert></technique></profile_COMMON></effect>
<effect id="c12-fx"><profile_COMMON><technique sid="t"><lambert><diffuse><color>0.075 0.31 0.64 1.0</color></diffuse><ambient><color>0.0375 0.1550 0.3200 1.0</color></ambient></lambert></technique></profile_COMMON></effect>
<effect id="c13-fx"><profile_COMMON><technique sid="t"><lambert><diffuse><color>0.18 0.36 0.93 1.0</color></diffuse><ambient><color>0.0900 0.1800 0.4650 1.0</color></ambient></lambert></technique></profile_COMMON></effect>
<effect id="c14-fx"><profile_COMMON><technique sid="t"><lambert><diffuse><color>0.9 0.13 0.13 1.0</color></diffuse><ambient><color>0.4500 0.0650 0.0650 1.0</color></ambient></lambert></technique></profile_COMMON></effect>
<effect id="c15-fx"><profile_COMMON><technique sid="t"><lambert><diffuse><color>0.545 0.56 0.585 1.0</color></diffuse><ambient><color>0.2725 0.2800 0.2925 1.0</color></ambient></lambert></technique></profile_COMMON></effect>
<effect id="c16-fx"><profile_COMMON><technique sid="t"><lambert><diffuse><color>0.68 0.695 0.715 1.0</color></diffuse><ambient><color>0.3400 0.3475 0.3575 1.0</color></ambient></lambert></technique></profile_COMMON></effect>
<effect id="c17-fx"><profile_COMMON><technique sid="t"><lambert><diffuse><color>0.075 0.11 0.29 1.0</color></diffuse><ambient><color>0.0375 0.0550 0.1450 1.0</color></ambient></lambert></technique></profile_COMMON></effect>
<effect id="c18-fx"><profile_COMMON><technique sid="t"><lambert><diffuse><color>0.18 0.33 0.25 1.0</color></diffuse><ambient><color>0.0900 0.1650 0.1250 1.0</color></ambient></lambert></technique></profile_COMMON></effect>
<effect id="c19-fx"><profile_COMMON><technique sid="t"><lambert><diffuse><color>0.72 0.43 0.22 1.0</color></diffuse><ambient><color>0.3600 0.2150 0.1100 1.0</color></ambient></lambert></technique></profile_COMMON></effect>
<effect id="c20-fx"><profile_COMMON><technique sid="t"><lambert><diffuse><color>0.085 0.085 0.092 1.0</color></diffuse><ambient><color>0.0425 0.0425 0.0460 1.0</color></ambient></lambert></technique></profile_COMMON></effect>
<effect id="c21-fx"><profile_COMMON><technique sid="t"><lambert><diffuse><color>0.72 0.735 0.755 1.0</color></diffuse><ambient><color>0.3600 0.3675 0.3775 1.0</color></ambient></lambert></technique></profile_COMMON></effect>
<effect id="c22-fx"><profile_COMMON><technique sid="t"><lambert><diffuse><color>0.38 0.39 0.4 1.0</color></diffuse><ambient><color>0.1900 0.1950 0.2000 1.0</color></ambient></lambert></technique></profile_COMMON></effect>
<effect id="c23-fx"><profile_COMMON><technique sid="t"><lambert><diffuse><color>0.76 0.775 0.795 1.0</color></diffuse><ambient><color>0.3800 0.3875 0.3975 1.0</color></ambient></lambert></technique></profile_COMMON></effect>
<effect id="c24-fx"><profile_COMMON><technique sid="t"><lambert><diffuse><color>0.1 0.1 0.11 1.0</color></diffuse><ambient><color>0.0500 0.0500 0.0550 1.0</color></ambient></lambert></technique></profile_COMMON></effect>
<effect id="c25-fx"><profile_COMMON><technique sid="t"><lambert><diffuse><color>0.56 0.575 0.6 1.0</color></diffuse><ambient><color>0.2800 0.2875 0.3000 1.0</color></ambient></lambert></technique></profile_COMMON></effect>
</library_effects><library_materials>
<material id="c0-mat" name="c0"><instance_effect url="#c0-fx"/></material>
<material id="c1-mat" name="c1"><instance_effect url="#c1-fx"/></material>
<material id="c2-mat" name="c2"><instance_effect url="#c2-fx"/></material>
<material id="c3-mat" name="c3"><instance_effect url="#c3-fx"/></material>
<material id="c4-mat" name="c4"><instance_effect url="#c4-fx"/></material>
<material id="c5-mat" name="c5"><instance_effect url="#c5-fx"/></material>
<material id="c6-mat" name="c6"><instance_effect url="#c6-fx"/></material>
<material id="c7-mat" name="c7"><instance_effect url="#c7-fx"/></material>
<material id="c8-mat" name="c8"><instance_effect url="#c8-fx"/></material>
<material id="c9-mat" name="c9"><instance_effect url="#c9-fx"/></material>
<material id="c10-mat" name="c10"><instance_effect url="#c10-fx"/></material>
<material id="c11-mat" name="c11"><instance_effect url="#c11-fx"/></material>
<material id="c12-mat" name="c12"><instance_effect url="#c12-fx"/></material>
<material id="c13-mat" name="c13"><instance_effect url="#c13-fx"/></material>
<material id="c14-mat" name="c14"><instance_effect url="#c14-fx"/></material>
<material id="c15-mat" name="c15"><instance_effect url="#c15-fx"/></material>
<material id="c16-mat" name="c16"><instance_effect url="#c16-fx"/></material>
<material id="c17-mat" name="c17"><instance_effect url="#c17-fx"/></material>
<material id="c18-mat" name="c18"><instance_effect url="#c18-fx"/></material>
<material id="c19-mat" name="c19"><instance_effect url="#c19-fx"/></material>
<material id="c20-mat" name="c20"><instance_effect url="#c20-fx"/></material>
<material id="c21-mat" name="c21"><instance_effect url="#c21-fx"/></material>
<material id="c22-mat" name="c22"><instance_effect url="#c22-fx"/></material>
<material id="c23-mat" name="c23"><instance_effect url="#c23-fx"/></material>
<material id="c24-mat" name="c24"><instance_effect url="#c24-fx"/></material>
<material id="c25-mat" name="c25"><instance_effect url="#c25-fx"/></material>
</library_materials><library_geometries>
<geometry id="c0-mesh"><mesh><source id="c0-p"><float_array id="c0-pa" count="1536">-2.525 0.44 -0.21 -2.525 0.44 -0.07 -2.525 0.6 -0.21 -2.525 0.6 -0.07 2.525 0.44 -0.21 2.525 0.44 -0.07 2.525 0.6 -0.21 2.525 0.6 -0.07 -2.525 -0.6 -0.21 -2.525 -0.6 -0.07 -2.525 -0.44 -0.21 -2.525 -0.44 -0.07 2.525 -0.6 -0.21 2.525 -0.6 -0.07 2.525 -0.44 -0.21 2.525 -0.44 -0.07 1.58 -0.6 -0.2 1.58 -0.6 -0.08 1.58 0.6 -0.2 1.58 0.6 -0.08 1.72 -0.6 -0.2 1.72 -0.6 -0.08 1.72 0.6 -0.2 1.72 0.6 -0.08 -1.72 -0.6 -0.2 -1.72 -0.6 -0.08 -1.72 0.6 -0.2 -1.72 0.6 -0.08 -1.58 -0.6 -0.2 -1.58 -0.6 -0.08 -1.58 0.6 -0.2 -1.58 0.6 -0.08 -2.705 -0.02 0.14 -2.705 -0.02 1.24 -2.705 0.02 0.14 -2.705 0.02 1.24 -2.675 -0.02 0.14 -2.675 -0.02 1.24 -2.675 0.02 0.14 -2.675 0.02 1.24 2.0511 0.2814 0.72 2.0583 0.28324 0.74907 2.0437 0.31047 0.72 2.0509 0.3123 0.74907 2.3891 0.3677 0.63093 2.3963 0.36953 0.66 2.3817 0.39676 0.63093 2.3889 0.3986 0.66 2.0437 -0.27047 0.72 2.0509 -0.2723 0.74907 2.0511 -0.2414 0.72 2.0583 -0.24324 0.74907 2.3817 -0.35676 0.63093 2.3889 -0.3586 0.66 2.3891 -0.3277 0.63093 2.3963 -0.32953 0.66 2.61 -0.66 0.27 2.61 -0.66 0.57 2.61 0.66 0.27 2.61 0.66 0.57 2.71 -0.66 0.27 2.71 -0.66 0.57 2.71 0.66 0.27 2.71 0.66 0.57 2.71 -0.55 0 2.71 -0.55 0.16 2.71 0.55 0 2.71 0.55 0.16 2.79 -0.55 0 2.79 -0.55 0.16 2.79 0.55 0 2.79 0.55 0.16 2.58 -0.9 -0.16 2.58 -0.9 -0.04 2.58 0.9 -0.16 2.58 0.9 -0.04 2.74 -0.9 -0.16 2.74 -0.9 -0.04 2.74 0.9 -0.16 2.74 0.9 -0.04 0.64 0.965 0.605 0.64 0.965 0.655 0.64 1.015 0.605 0.64 1.015 0.655 0.8 0.965 0.605 0.8 0.965 0.655 0.8 1.015 0.605 0.8 1.015 0.655 0.75 0.92 -0.09 0.75 0.92 -0.03 0.75 1.08 -0.09 0.75 1.08 -0.03 1.35 0.92 -0.09 1.35 0.92 -0.03 1.35 1.08 -0.09 1.35 1.08 -0.03 2.045 1.14 1.02 2.0425 1.14 1.0308 2.0356 1.14 1.0395 2.0256 1.14 1.0444 2.0144 1.14 1.0444 2.0044 1.14 1.0395 1.9975 1.14 1.0308 1.995 1.14 1.02 1.9975 1.14 1.0092 2.0044 1.14 1.0005 2.0144 1.14 0.99563 2.0256 1.14 0.99563 2.0356 1.14 1.0005 2.0425 1.14 1.0092 2.045 0.98 1.02 2.0425 0.98 1.0308 2.0356 0.98 1.0395 2.0256 0.98 1.0444 2.0144 0.98 1.0444 2.0044 0.98 1.0395 1.9975 0.98 1.0308 1.995 0.98 1.02 1.9975 0.98 1.0092 2.0044 0.98 1.0005 2.0144 0.98 0.99563 2.0256 0.98 0.99563 2.0356 0.98 1.0005 2.0425 0.98 1.0092 2.02 1.14 1.02 2.02 0.98 1.02 0.64 -1.015 0.605 0.64 -1.015 0.655 0.64 -0.965 0.605 0.64 -0.965 0.655 0.8 -1.015 0.605 0.8 -1.015 0.655 0.8 -0.965 0.605 0.8 -0.965 0.655 0.75 -1.08 -0.09 0.75 -1.08 -0.03 0.75 -0.92 -0.09 0.75 -0.92 -0.03 1.35 -1.08 -0.09 1.35 -1.08 -0.03 1.35 -0.92 -0.09 1.35 -0.92 -0.03 2.045 -0.98 1.02 2.0425 -0.98 1.0308 2.0356 -0.98 1.0395 2.0256 -0.98 1.0444 2.0144 -0.98 1.0444 2.0044 -0.98 1.0395 1.9975 -0.98 1.0308 1.995 -0.98 1.02 1.9975 -0.98 1.0092 2.0044 -0.98 1.0005 2.0144 -0.98 0.99563 2.0256 -0.98 0.99563 2.0356 -0.98 1.0005 2.0425 -0.98 1.0092 2.045 -1.14 1.02 2.0425 -1.14 1.0308 2.0356 -1.14 1.0395 2.0256 -1.14 1.0444 2.0144 -1.14 1.0444 2.0044 -1.14 1.0395 1.9975 -1.14 1.0308 1.995 -1.14 1.02 1.9975 -1.14 1.0092 2.0044 -1.14 1.0005 2.0144 -1.14 0.99563 2.0256 -1.14 0.99563 2.0356 -1.14 1.0005 2.0425 -1.14 1.0092 2.02 -0.98 1.02 2.02 -1.14 1.02 1.47 -0.65 1.33 1.47 -0.65 1.39 1.47 0.65 1.33 1.47 0.65 1.39 1.63 -0.65 1.33 1.63 -0.65 1.39 1.63 0.65 1.33 1.63 0.65 1.39 -0.045 0.36 1.48 -0.045 0.36 1.78 -0.045 0.88 1.48 -0.045 0.88 1.78 -0.015 0.36 1.48 -0.015 0.36 1.78 -0.015 0.88 1.48 -0.015 0.88 1.78 -2.9 0.62 0.645 -2.905 0.64169 0.645 -2.9188 0.65909 0.645 -2.9389 0.66875 0.645 -2.9611 0.66875 0.645 -2.9812 0.65909 0.645 -2.995 0.64169 0.645 -3 0.62 0.645 -2.995 0.59831 0.645 -2.9812 0.58091 0.645 -2.9611 0.57125 0.645 -2.9389 0.57125 0.645 -2.9188 0.58091 0.645 -2.905 0.59831 0.645 -2.9 0.62 1.195 -2.905 0.64169 1.195 -2.9188 0.65909 1.195 -2.9389 0.66875 1.195 -2.9611 0.66875 1.195 -2.9812 0.65909 1.195 -2.995 0.64169 1.195 -3 0.62 1.195 -2.995 0.59831 1.195 -2.9812 0.58091 1.195 -2.9611 0.57125 1.195 -2.9389 0.57125 1.195 -2.9188 0.58091 1.195 -2.905 0.59831 1.195 -2.95 0.62 0.645 -2.95 0.62 1.195 -3.08 -0.86 0.26 -3.08 -0.86 0.66 -3.08 -0.34 0.26 -3.08 -0.34 0.66 -2.36 -0.86 0.26 -2.36 -0.86 0.66 -2.36 -0.34 0.26 -2.36 -0.34 0.66 2 0.973 -0.14 1.9653 0.973 0.011859 1.8682 0.973 0.13364 1.7279 0.973 0.20122 1.5721 0.973 0.20122 1.4318 0.973 0.13364 1.3347 0.973 0.011859 1.3 0.973 -0.14 1.3347 0.973 -0.29186 1.4318 0.973 -0.41364 1.5721 0.973 -0.48122 1.7279 0.973 -0.48122 1.8682 0.973 -0.41364 1.9653 0.973 -0.29186 2 0.953 -0.14 1.9653 0.953 0.011859 1.8682 0.953 0.13364 1.7279 0.953 0.20122 1.5721 0.953 0.20122 1.4318 0.953 0.13364 1.3347 0.953 0.011859 1.3 0.953 -0.14 1.3347 0.953 -0.29186 1.4318 0.953 -0.41364 1.5721 0.953 -0.48122 1.7279 0.953 -0.48122 1.8682 0.953 -0.41364 1.9653 0.953 -0.29186 1.65 0.973 -0.14 1.65 0.953 -0.14 2 0.767 -0.14 1.9653 0.767 0.011859 1.8682 0.767 0.13364 1.7279 0.767 0.20122 1.5721 0.767 0.20122 1.4318 0.767 0.13364 1.3347 0.767 0.011859 1.3 0.767 -0.14 1.3347 0.767 -0.29186 1.4318 0.767 -0.41364 1.5721 0.767 -0.48122 1.7279 0.767 -0.48122 1.8682 0.767 -0.41364 1.9653 0.767 -0.29186 2 0.747 -0.14 1.9653 0.747 0.011859 1.8682 0.747 0.13364 1.7279 0.747 0.20122 1.5721 0.747 0.20122 1.4318 0.747 0.13364 1.3347 0.747 0.011859 1.3 0.747 -0.14 1.3347 0.747 -0.29186 1.4318 0.747 -0.41364 1.5721 0.747 -0.48122 1.7279 0.747 -0.48122 1.8682 0.747 -0.41364 1.9653 0.747 -0.29186 1.65 0.767 -0.14 1.65 0.747 -0.14 2 -0.747 -0.14 1.9653 -0.747 0.011859 1.8682 -0.747 0.13364 1.7279 -0.747 0.20122 1.5721 -0.747 0.20122 1.4318 -0.747 0.13364 1.3347 -0.747 0.011859 1.3 -0.747 -0.14 1.3347 -0.747 -0.29186 1.4318 -0.747 -0.41364 1.5721 -0.747 -0.48122 1.7279 -0.747 -0.48122 1.8682 -0.747 -0.41364 1.9653 -0.747 -0.29186 2 -0.767 -0.14 1.9653 -0.767 0.011859 1.8682 -0.767 0.13364 1.7279 -0.767 0.20122 1.5721 -0.767 0.20122 1.4318 -0.767 0.13364 1.3347 -0.767 0.011859 1.3 -0.767 -0.14 1.3347 -0.767 -0.29186 1.4318 -0.767 -0.41364 1.5721 -0.767 -0.48122 1.7279 -0.767 -0.48122 1.8682 -0.767 -0.41364 1.9653 -0.767 -0.29186 1.65 -0.747 -0.14 1.65 -0.767 -0.14 2 -0.953 -0.14 1.9653 -0.953 0.011859 1.8682 -0.953 0.13364 1.7279 -0.953 0.20122 1.5721 -0.953 0.20122 1.4318 -0.953 0.13364 1.3347 -0.953 0.011859 1.3 -0.953 -0.14 1.3347 -0.953 -0.29186 1.4318 -0.953 -0.41364 1.5721 -0.953 -0.48122 1.7279 -0.953 -0.48122 1.8682 -0.953 -0.41364 1.9653 -0.953 -0.29186 2 -0.973 -0.14 1.9653 -0.973 0.011859 1.8682 -0.973 0.13364 1.7279 -0.973 0.20122 1.5721 -0.973 0.20122 1.4318 -0.973 0.13364 1.3347 -0.973 0.011859 1.3 -0.973 -0.14 1.3347 -0.973 -0.29186 1.4318 -0.973 -0.41364 1.5721 -0.973 -0.48122 1.7279 -0.973 -0.48122 1.8682 -0.973 -0.41364 1.9653 -0.973 -0.29186 1.65 -0.953 -0.14 1.65 -0.973 -0.14 -1.3 1.003 -0.14 -1.3347 1.003 0.011859 -1.4318 1.003 0.13364 -1.5721 1.003 0.20122 -1.7279 1.003 0.20122 -1.8682 1.003 0.13364 -1.9653 1.003 0.011859 -2 1.003 -0.14 -1.9653 1.003 -0.29186 -1.8682 1.003 -0.41364 -1.7279 1.003 -0.48122 -1.5721 1.003 -0.48122 -1.4318 1.003 -0.41364 -1.3347 1.003 -0.29186 -1.3 0.983 -0.14 -1.3347 0.983 0.011859 -1.4318 0.983 0.13364 -1.5721 0.983 0.20122 -1.7279 0.983 0.20122 -1.8682 0.983 0.13364 -1.9653 0.983 0.011859 -2 0.983 -0.14 -1.9653 0.983 -0.29186 -1.8682 0.983 -0.41364 -1.7279 0.983 -0.48122 -1.5721 0.983 -0.48122 -1.4318 0.983 -0.41364 -1.3347 0.983 -0.29186 -1.65 1.003 -0.14 -1.65 0.983 -0.14 -1.3 0.737 -0.14 -1.3347 0.737 0.011859 -1.4318 0.737 0.13364 -1.5721 0.737 0.20122 -1.7279 0.737 0.20122 -1.8682 0.737 0.13364 -1.9653 0.737 0.011859 -2 0.737 -0.14 -1.9653 0.737 -0.29186 -1.8682 0.737 -0.41364 -1.7279 0.737 -0.48122 -1.5721 0.737 -0.48122 -1.4318 0.737 -0.41364 -1.3347 0.737 -0.29186 -1.3 0.717 -0.14 -1.3347 0.717 0.011859 -1.4318 0.717 0.13364 -1.5721 0.717 0.20122 -1.7279 0.717 0.20122 -1.8682 0.717 0.13364 -1.9653 0.717 0.011859 -2 0.717 -0.14 -1.9653 0.717 -0.29186 -1.8682 0.717 -0.41364 -1.7279 0.717 -0.48122 -1.5721 0.717 -0.48122 -1.4318 0.717 -0.41364 -1.3347 0.717 -0.29186 -1.65 0.737 -0.14 -1.65 0.717 -0.14 -1.3 -0.717 -0.14 -1.3347 -0.717 0.011859 -1.4318 -0.717 0.13364 -1.5721 -0.717 0.20122 -1.7279 -0.717 0.20122 -1.8682 -0.717 0.13364 -1.9653 -0.717 0.011859 -2 -0.717 -0.14 -1.9653 -0.717 -0.29186 -1.8682 -0.717 -0.41364 -1.7279 -0.717 -0.48122 -1.5721 -0.717 -0.48122 -1.4318 -0.717 -0.41364 -1.3347 -0.717 -0.29186 -1.3 -0.737 -0.14 -1.3347 -0.737 0.011859 -1.4318 -0.737 0.13364 -1.5721 -0.737 0.20122 -1.7279 -0.737 0.20122 -1.8682 -0.737 0.13364 -1.9653 -0.737 0.011859 -2 -0.737 -0.14 -1.9653 -0.737 -0.29186 -1.8682 -0.737 -0.41364 -1.7279 -0.737 -0.48122 -1.5721 -0.737 -0.48122 -1.4318 -0.737 -0.41364 -1.3347 -0.737 -0.29186 -1.65 -0.717 -0.14 -1.65 -0.737 -0.14 -1.3 -0.983 -0.14 -1.3347 -0.983 0.011859 -1.4318 -0.983 0.13364 -1.5721 -0.983 0.20122 -1.7279 -0.983 0.20122 -1.8682 -0.983 0.13364 -1.9653 -0.983 0.011859 -2 -0.983 -0.14 -1.9653 -0.983 -0.29186 -1.8682 -0.983 -0.41364 -1.7279 -0.983 -0.48122 -1.5721 -0.983 -0.48122 -1.4318 -0.983 -0.41364 -1.3347 -0.983 -0.29186 -1.3 -1.003 -0.14 -1.3347 -1.003 0.011859 -1.4318 -1.003 0.13364 -1.5721 -1.003 0.20122 -1.7279 -1.003 0.20122 -1.8682 -1.003 0.13364 -1.9653 -1.003 0.011859 -2 -1.003 -0.14 -1.9653 -1.003 -0.29186 -1.8682 -1.003 -0.41364 -1.7279 -1.003 -0.48122 -1.5721 -1.003 -0.48122 -1.4318 -1.003 -0.41364 -1.3347 -1.003 -0.29186 -1.65 -0.983 -0.14 -1.65 -1.003 -0.14 -2.28 -0.15 0.04 -2.28 -0.15 0.26 -2.28 0.15 0.04 -2.28 0.15 0.26 -2.04 -0.15 0.04 -2.04 -0.15 0.26 -2.04 0.15 0.04 -2.04 0.15 0.26 -2.18 0 2.45 -2.2038 0.10413 2.45 -2.2704 0.18764 2.45 -2.3666 0.23398 2.45 -2.4734 0.23398 2.45 -2.5696 0.18764 2.45 -2.6362 0.10413 2.45 -2.66 2.9392e-17 2.45 -2.6362 -0.10413 2.45 -2.5696 -0.18764 2.45 -2.4734 -0.23398 2.45 -2.3666 -0.23398 2.45 -2.2704 -0.18764 2.45 -2.2038 -0.10413 2.45 -2.18 0 2.65 -2.2038 0.10413 2.65 -2.2704 0.18764 2.65 -2.3666 0.23398 2.65 -2.4734 0.23398 2.65 -2.5696 0.18764 2.65 -2.6362 0.10413 2.65 -2.66 2.9392e-17 2.65 -2.6362 -0.10413 2.65 -2.5696 -0.18764 2.65 -2.4734 -0.23398 2.65 -2.3666 -0.23398 2.65 -2.2704 -0.18764 2.65 -2.2038 -0.10413 2.65 -2.42 0 2.45 -2.42 0 2.65 -0.62 -0.68 1.8 -0.62 -0.68 1.94 -0.62 -0.52 1.8 -0.62 -0.52 1.94 -0.48 -0.68 1.8 -0.48 -0.68 1.94 -0.48 -0.52 1.8 -0.48 -0.52 1.94</float_array><technique_common><accessor source="#c0-pa" count="512" stride="3"><param name="X" type="float"/><param name="Y" type="float"/><param name="Z" type="float"/></accessor></technique_common></source><source id="c0-n"><float_array id="c0-na" count="1536">-0.020859 -0.65836 -0.75241 -0.012698 -0.40079 0.91608 -0.013753 0.86816 -0.49609 -0.041691 0.65793 0.75192 0.041691 -0.65793 -0.75192 0.013753 -0.86816 0.49609 0.012698 0.40079 -0.91608 0.020859 0.65836 0.75241 -0.020859 -0.65836 -0.75241 -0.012698 -0.40079 0.91608 -0.013753 0.86816 -0.49609 -0.041691 0.65793 0.75192 0.041691 -0.65793 -0.75192 0.013753 -0.86816 0.49609 0.012698 0.40079 -0.91608 0.020859 0.65836 0.75241 -0.64892 -0.075708 -0.75708 -0.3935 -0.045909 0.91818 -0.64342 0.15013 -0.75065 -0.86268 0.050323 0.50323 0.86268 -0.050323 -0.50323 0.64342 -0.15013 0.75065 0.3935 0.045909 -0.91818 0.64892 0.075708 0.75708 -0.64892 -0.075708 -0.75708 -0.3935 -0.045909 0.91818 -0.64342 0.15013 -0.75065 -0.86268 0.050323 0.50323 0.86268 -0.050323 -0.50323 0.64342 -0.15013 0.75065 0.3935 0.045909 -0.91818 0.64892 0.075708 0.75708 -0.79981 -0.59986 -0.021813 -0.79924 -0.59943 0.043595 -0.55464 0.83196 -0.015126 -0.93625 0.35109 0.012767 0.93625 -0.35109 -0.012767 0.55464 -0.83196 0.015126 0.79924 0.59943 -0.043595 0.79981 0.59986 0.021813 -0.049794 -0.74125 -0.66939 0.28986 -0.38723 0.87523 -0.36322 0.82974 -0.4238 -0.11528 0.69534 0.70937 0.11528 -0.69534 -0.70937 0.36322 -0.82974 0.4238 -0.28986 0.38723 -0.87523 0.049794 0.74125 0.66939 -0.39907 -0.62663 -0.66939 0.068729 -0.47879 0.87523 0.07904 0.9023 -0.4238 0.2322 0.66549 0.70937 -0.2322 -0.66549 -0.70937 -0.07904 -0.9023 0.4238 -0.068729 0.47879 -0.87523 0.39907 0.62663 0.66939 -0.94624 -0.071685 -0.31541 -0.8304 -0.062909 0.5536 -0.93903 0.14228 -0.31301 -0.98571 0.037337 0.16428 0.98571 -0.037337 -0.16428 0.93903 -0.14228 0.31301 0.8304 0.062909 -0.5536 0.94624 0.071685 0.31541 -0.89254 -0.064912 -0.44627 -0.70617 -0.051358 0.70617 -0.88695 0.12901 -0.44348 -0.96954 0.035256 0.24238 0.96954 -0.035256 -0.24238 0.88695 -0.12901 0.44348 0.70617 0.051358 -0.70617 0.89254 0.064912 0.44627 -0.59915 -0.053258 -0.79886 -0.35095 -0.031196 0.93587 -0.59662 0.10606 -0.79549 -0.83148 0.036955 0.55432 0.83148 -0.036955 -0.55432 0.59662 -0.10606 0.79549 0.35095 0.031196 -0.93587 0.59915 0.053258 0.79886 -0.21577 -0.69045 -0.69045 -0.13841 -0.44291 0.88582 -0.13841 0.88582 -0.44291 -0.40423 0.64676 0.64676 0.40423 -0.64676 -0.64676 0.13841 -0.88582 0.44291 0.13841 0.44291 -0.88582 0.21577 0.69045 0.69045 -0.093225 -0.34959 -0.93225 -0.049084 -0.18407 0.98169 -0.079745 0.59809 -0.79745 -0.18407 0.34512 0.92033 0.18407 -0.34512 -0.92033 0.079745 -0.59809 0.79745 0.049084 0.18407 -0.98169 0.093225 0.34959 0.93225 0.99178 0.10331 0.075456 0.86083 0.10331 0.4983 0.55937 0.10331 0.82245 0.14713 0.10331 0.98371 -0.29426 0.10331 0.95013 -0.67736 0.10331 0.72836 -0.9263 0.10331 0.36234 -0.99178 0.10331 -0.075456 -0.86083 0.10331 -0.4983 -0.55937 0.10331 -0.82245 -0.14713 0.10331 -0.98371 0.29426 0.10331 -0.95013 0.67736 0.10331 -0.72836 0.9263 0.10331 -0.36233 0.99178 -0.10331 -0.075456 0.9263 -0.10331 0.36233 0.67736 -0.10331 0.72836 0.29426 -0.10331 0.95013 -0.14713 -0.10331 0.98371 -0.55937 -0.10331 0.82245 -0.86083 -0.10331 0.4983 -0.99178 -0.10331 0.075456 -0.9263 -0.10331 -0.36234 -0.67736 -0.10331 -0.72836 -0.29426 -0.10331 -0.95013 0.14713 -0.10331 -0.98371 0.55937 -0.10331 -0.82245 0.86083 -0.10331 -0.4983 2.9142e-21 1 3.6732e-06 -2.9142e-21 -1 -3.6732e-06 -0.21577 -0.69045 -0.69045 -0.13841 -0.44291 0.88582 -0.13841 0.88582 -0.44291 -0.40423 0.64676 0.64676 0.40423 -0.64676 -0.64676 0.13841 -0.88582 0.44291 0.13841 0.44291 -0.88582 0.21577 0.69045 0.69045 -0.093225 -0.34959 -0.93225 -0.049084 -0.18407 0.98169 -0.079745 0.59809 -0.79745 -0.18407 0.34512 0.92033 0.18407 -0.34512 -0.92033 0.079745 -0.59809 0.79745 0.049084 0.18407 -0.98169 0.093225 0.34959 0.93225 0.99178 0.10331 0.075456 0.86083 0.10331 0.4983 0.55937 0.10331 0.82245 0.14713 0.10331 0.98371 -0.29426 0.10331 0.95013 -0.67736 0.10331 0.72836 -0.9263 0.10331 0.36234 -0.99178 0.10331 -0.075456 -0.86083 0.10331 -0.4983 -0.55937 0.10331 -0.82245 -0.14713 0.10331 -0.98371 0.29426 0.10331 -0.95013 0.67736 0.10331 -0.72836 0.9263 0.10331 -0.36233 0.99178 -0.10331 -0.075456 0.9263 -0.10331 0.36233 0.67736 -0.10331 0.72836 0.29426 -0.10331 0.95013 -0.14713 -0.10331 0.98371 -0.55937 -0.10331 0.82245 -0.86083 -0.10331 0.4983 -0.99178 -0.10331 0.075456 -0.9263 -0.10331 -0.36234 -0.67736 -0.10331 -0.72836 -0.29426 -0.10331 -0.95013 0.14713 -0.10331 -0.98371 0.55937 -0.10331 -0.82245 0.86083 -0.10331 -0.4983 2.9142e-21 1 3.6732e-06 -2.9142e-21 -1 -3.6732e-06 -0.3508 -0.043175 -0.93546 -0.18424 -0.022676 0.98262 -0.34982 0.086109 -0.93285 -0.59959 0.036898 0.79946 0.59959 -0.036898 -0.79946 0.34982 -0.086109 0.93285 0.18424 0.022676 -0.98262 0.3508 0.043175 0.93546 -0.9934 -0.057312 -0.09934 -0.97902 -0.056482 0.1958 -0.98854 0.11406 -0.098854 -0.99834 0.028798 0.049917 0.99834 -0.028798 -0.049917 0.98854 -0.11406 0.098854 0.97902 0.056482 -0.1958 0.9934 0.057312 0.09934 0.9953 0.075724 -0.060321 0.86388 0.50007 -0.060321 0.56136 0.82537 -0.060321 0.14765 0.9872 -0.060321 -0.2953 0.9535 -0.060321 -0.67976 0.73095 -0.060321 -0.92959 0.36362 -0.060321 -0.9953 -0.075724 -0.060321 -0.86388 -0.50007 -0.060321 -0.56136 -0.82537 -0.060321 -0.14765 -0.9872 -0.060321 0.2953 -0.9535 -0.060321 0.67976 -0.73095 -0.060321 0.92959 -0.36362 -0.060321 0.9953 -0.075724 0.060321 0.92959 0.36362 0.060321 0.67976 0.73095 0.060321 0.2953 0.9535 0.060321 -0.14765 0.9872 0.060321 -0.56136 0.82537 0.060321 -0.86388 0.50007 0.060321 -0.9953 0.075724 0.060321 -0.92959 -0.36362 0.060321 -0.67976 -0.73095 0.060321 -0.2953 -0.9535 0.060321 0.14765 -0.9872 0.060321 0.56136 -0.82537 0.060321 0.86388 -0.50007 0.060321 0 0 -1 0 0 1 -0.403 -0.55801 -0.72541 -0.25097 -0.34749 0.90347 -0.28978 0.80247 -0.5216 -0.66092 0.45756 0.59483 0.66092 -0.45756 -0.59483 0.28978 -0.80247 0.5216 0.25097 0.34749 -0.90347 0.403 0.55801 0.72541 0.085399 0.99633 0.0065009 0.074123 0.99633 0.042911 0.048166 0.99633 0.070823 0.012669 0.99633 0.084708 -0.025338 0.99633 0.081816 -0.058325 0.99633 0.062721 -0.079761 0.99633 0.031203 -0.085399 0.99633 -0.0064936 -0.074123 0.99633 -0.042904 -0.048166 0.99633 -0.070815 -0.012669 0.99633 -0.0847 0.025338 0.99633 -0.081809 0.058325 0.99633 -0.062713 0.079761 0.99633 -0.031196 0.085399 -0.99633 -0.0065009 0.079761 -0.99633 0.031196 0.058325 -0.99633 0.062713 0.025338 -0.99633 0.081809 -0.012669 -0.99633 0.0847 -0.048166 -0.99633 0.070815 -0.074123 -0.99633 0.042904 -0.085399 -0.99633 0.0064936 -0.079761 -0.99633 -0.031203 -0.058325 -0.99633 -0.062721 -0.025338 -0.99633 -0.081816 0.012669 -0.99633 -0.084708 0.048166 -0.99633 -0.070823 0.074123 -0.99633 -0.042911 -2.4297e-22 1 3.6732e-06 2.3491e-23 -1 -3.6732e-06 0.085399 0.99633 0.0065009 0.074123 0.99633 0.042911 0.048166 0.99633 0.070823 0.012669 0.99633 0.084708 -0.025338 0.99633 0.081816 -0.058325 0.99633 0.062721 -0.079761 0.99633 0.031203 -0.085399 0.99633 -0.0064936 -0.074123 0.99633 -0.042904 -0.048166 0.99633 -0.070815 -0.012669 0.99633 -0.0847 0.025338 0.99633 -0.081809 0.058325 0.99633 -0.062713 0.079761 0.99633 -0.031196 0.085399 -0.99633 -0.0065009 0.079761 -0.99633 0.031196 0.058325 -0.99633 0.062713 0.025338 -0.99633 0.081809 -0.012669 -0.99633 0.0847 -0.048166 -0.99633 0.070815 -0.074123 -0.99633 0.042904 -0.085399 -0.99633 0.0064936 -0.079761 -0.99633 -0.031203 -0.058325 -0.99633 -0.062721 -0.025338 -0.99633 -0.081816 0.012669 -0.99633 -0.084708 0.048166 -0.99633 -0.070823 0.074123 -0.99633 -0.042911 -2.4297e-22 1 3.6732e-06 2.3491e-23 -1 -3.6732e-06 0.085399 0.99633 0.0065009 0.074123 0.99633 0.042911 0.048166 0.99633 0.070823 0.012669 0.99633 0.084708 -0.025338 0.99633 0.081816 -0.058325 0.99633 0.062721 -0.079761 0.99633 0.031203 -0.085399 0.99633 -0.0064936 -0.074123 0.99633 -0.042904 -0.048166 0.99633 -0.070815 -0.012669 0.99633 -0.0847 0.025338 0.99633 -0.081809 0.058325 0.99633 -0.062713 0.079761 0.99633 -0.031196 0.085399 -0.99633 -0.0065009 0.079761 -0.99633 0.031196 0.058325 -0.99633 0.062713 0.025338 -0.99633 0.081809 -0.012669 -0.99633 0.0847 -0.048166 -0.99633 0.070815 -0.074123 -0.99633 0.042904 -0.085399 -0.99633 0.0064936 -0.079761 -0.99633 -0.031203 -0.058325 -0.99633 -0.062721 -0.025338 -0.99633 -0.081816 0.012669 -0.99633 -0.084708 0.048166 -0.99633 -0.070823 0.074123 -0.99633 -0.042911 -2.4297e-22 1 3.6732e-06 2.3491e-23 -1 -3.6732e-06 0.085399 0.99633 0.0065009 0.074123 0.99633 0.042911 0.048166 0.99633 0.070823 0.012669 0.99633 0.084708 -0.025338 0.99633 0.081816 -0.058325 0.99633 0.062721 -0.079761 0.99633 0.031203 -0.085399 0.99633 -0.0064936 -0.074123 0.99633 -0.042904 -0.048166 0.99633 -0.070815 -0.012669 0.99633 -0.0847 0.025338 0.99633 -0.081809 0.058325 0.99633 -0.062713 0.079761 0.99633 -0.031196 0.085399 -0.99633 -0.0065009 0.079761 -0.99633 0.031196 0.058325 -0.99633 0.062713 0.025338 -0.99633 0.081809 -0.012669 -0.99633 0.0847 -0.048166 -0.99633 0.070815 -0.074123 -0.99633 0.042904 -0.085399 -0.99633 0.0064936 -0.079761 -0.99633 -0.031203 -0.058325 -0.99633 -0.062721 -0.025338 -0.99633 -0.081816 0.012669 -0.99633 -0.084708 0.048166 -0.99633 -0.070823 0.074123 -0.99633 -0.042911 -2.4297e-22 1 3.6732e-06 2.3491e-23 -1 -3.6732e-06 0.085399 0.99633 0.0065009 0.074123 0.99633 0.042911 0.048166 0.99633 0.070823 0.012669 0.99633 0.084708 -0.025338 0.99633 0.081816 -0.058325 0.99633 0.062721 -0.079761 0.99633 0.031203 -0.085399 0.99633 -0.0064936 -0.074123 0.99633 -0.042904 -0.048166 0.99633 -0.070815 -0.012669 0.99633 -0.0847 0.025338 0.99633 -0.081809 0.058325 0.99633 -0.062713 0.079761 0.99633 -0.031196 0.085399 -0.99633 -0.0065009 0.079761 -0.99633 0.031196 0.058325 -0.99633 0.062713 0.025338 -0.99633 0.081809 -0.012669 -0.99633 0.0847 -0.048166 -0.99633 0.070815 -0.074123 -0.99633 0.042904 -0.085399 -0.99633 0.0064936 -0.079761 -0.99633 -0.031203 -0.058325 -0.99633 -0.062721 -0.025338 -0.99633 -0.081816 0.012669 -0.99633 -0.084708 0.048166 -0.99633 -0.070823 0.074123 -0.99633 -0.042911 -2.4297e-22 1 3.6732e-06 2.3491e-23 -1 -3.6732e-06 0.085399 0.99633 0.0065009 0.074123 0.99633 0.042911 0.048166 0.99633 0.070823 0.012669 0.99633 0.084708 -0.025338 0.99633 0.081816 -0.058325 0.99633 0.062721 -0.079761 0.99633 0.031203 -0.085399 0.99633 -0.0064936 -0.074123 0.99633 -0.042904 -0.048166 0.99633 -0.070815 -0.012669 0.99633 -0.0847 0.025338 0.99633 -0.081809 0.058325 0.99633 -0.062713 0.079761 0.99633 -0.031196 0.085399 -0.99633 -0.0065009 0.079761 -0.99633 0.031196 0.058325 -0.99633 0.062713 0.025338 -0.99633 0.081809 -0.012669 -0.99633 0.0847 -0.048166 -0.99633 0.070815 -0.074123 -0.99633 0.042904 -0.085399 -0.99633 0.0064936 -0.079761 -0.99633 -0.031203 -0.058325 -0.99633 -0.062721 -0.025338 -0.99633 -0.081816 0.012669 -0.99633 -0.084708 0.048166 -0.99633 -0.070823 0.074123 -0.99633 -0.042911 -2.4297e-22 1 3.6732e-06 2.3491e-23 -1 -3.6732e-06 0.085399 0.99633 0.0065009 0.074123 0.99633 0.042911 0.048166 0.99633 0.070823 0.012669 0.99633 0.084708 -0.025338 0.99633 0.081816 -0.058325 0.99633 0.062721 -0.079761 0.99633 0.031203 -0.085399 0.99633 -0.0064936 -0.074123 0.99633 -0.042904 -0.048166 0.99633 -0.070815 -0.012669 0.99633 -0.0847 0.025338 0.99633 -0.081809 0.058325 0.99633 -0.062713 0.079761 0.99633 -0.031196 0.085399 -0.99633 -0.0065009 0.079761 -0.99633 0.031196 0.058325 -0.99633 0.062713 0.025338 -0.99633 0.081809 -0.012669 -0.99633 0.0847 -0.048166 -0.99633 0.070815 -0.074123 -0.99633 0.042904 -0.085399 -0.99633 0.0064936 -0.079761 -0.99633 -0.031203 -0.058325 -0.99633 -0.062721 -0.025338 -0.99633 -0.081816 0.012669 -0.99633 -0.084708 0.048166 -0.99633 -0.070823 0.074123 -0.99633 -0.042911 -2.4297e-22 1 3.6732e-06 2.3491e-23 -1 -3.6732e-06 0.085399 0.99633 0.0065009 0.074123 0.99633 0.042911 0.048166 0.99633 0.070823 0.012669 0.99633 0.084708 -0.025338 0.99633 0.081816 -0.058325 0.99633 0.062721 -0.079761 0.99633 0.031203 -0.085399 0.99633 -0.0064936 -0.074123 0.99633 -0.042904 -0.048166 0.99633 -0.070815 -0.012669 0.99633 -0.0847 0.025338 0.99633 -0.081809 0.058325 0.99633 -0.062713 0.079761 0.99633 -0.031196 0.085399 -0.99633 -0.0065009 0.079761 -0.99633 0.031196 0.058325 -0.99633 0.062713 0.025338 -0.99633 0.081809 -0.012669 -0.99633 0.0847 -0.048166 -0.99633 0.070815 -0.074123 -0.99633 0.042904 -0.085399 -0.99633 0.0064936 -0.079761 -0.99633 -0.031203 -0.058325 -0.99633 -0.062721 -0.025338 -0.99633 -0.081816 0.012669 -0.99633 -0.084708 0.048166 -0.99633 -0.070823 0.074123 -0.99633 -0.042911 -2.4297e-22 1 3.6732e-06 -1.2081e-23 -1 -3.6732e-06 -0.59443 -0.47554 -0.64847 -0.39527 -0.31622 0.86242 -0.45883 0.73412 -0.50054 -0.82831 0.33132 0.45181 0.82831 -0.33132 -0.45181 0.45883 -0.73412 0.50054 0.39527 0.31622 -0.86242 0.59443 0.47554 0.64847 0.77949 0.059305 -0.6236 0.67657 0.39164 -0.6236 0.43964 0.64641 -0.6236 0.11564 0.77315 -0.6236 -0.23127 0.74675 -0.6236 -0.53237 0.57246 -0.6236 -0.72803 0.28478 -0.6236 -0.77949 -0.059305 -0.6236 -0.67657 -0.39164 -0.6236 -0.43964 -0.64641 -0.6236 -0.11564 -0.77315 -0.6236 0.23127 -0.74675 -0.6236 0.53237 -0.57246 -0.6236 0.72803 -0.28478 -0.6236 0.77949 -0.059305 0.6236 0.72803 0.28478 0.6236 0.53237 0.57246 0.6236 0.23127 0.74675 0.6236 -0.11564 0.77315 0.6236 -0.43964 0.64641 0.6236 -0.67657 0.39164 0.6236 -0.77949 0.059305 0.6236 -0.72803 -0.28478 0.6236 -0.53237 -0.57246 0.6236 -0.23127 -0.74675 0.6236 0.11564 -0.77315 0.6236 0.43964 -0.64641 0.6236 0.67657 -0.39164 0.6236 0 0 -1 0 0 1 -0.60132 -0.52615 -0.60132 -0.41646 -0.36441 0.83293 -0.44444 0.77778 -0.44444 -0.83293 0.36441 0.41646 0.83293 -0.36441 -0.41646 0.44444 -0.77778 0.44444 0.41646 0.36441 -0.83293 0.60132 0.52615 0.60132</float_array><technique_common><accessor source="#c0-na" count="512" stride="3"><param name="X" type="float"/><param name="Y" type="float"/><param name="Z" type="float"/></accessor></technique_common></source><vertices id="c0-v"><input semantic="POSITION" source="#c0-p"/><input semantic="NORMAL" source="#c0-n"/></vertices><triangles count="900" material="c0"><input semantic="VERTEX" source="#c0-v" offset="0"/><p>0 1 3 0 3 2 4 6 7 4 7 5 0 4 5 0 5 1 2 3 7 2 7 6 0 2 6 0 6 4 1 5 7 1 7 3 8 9 11 8 11 10 12 14 15 12 15 13 8 12 13 8 13 9 10 11 15 10 15 14 8 10 14 8 14 12 9 13 15 9 15 11 16 17 19 16 19 18 20 22 23 20 23 21 16 20 21 16 21 17 18 19 23 18 23 22 16 18 22 16 22 20 17 21 23 17 23 19 24 25 27 24 27 26 28 30 31 28 31 29 24 28 29 24 29 25 26 27 31 26 31 30 24 26 30 24 30 28 25 29 31 25 31 27 32 33 35 32 35 34 36 38 39 36 39 37 32 36 37 32 37 33 34 35 39 34 39 38 32 34 38 32 38 36 33 37 39 33 39 35 40 41 43 40 43 42 44 46 47 44 47 45 40 44 45 40 45 41 42 43 47 42 47 46 40 42 46 40 46 44 41 45 47 41 47 43 48 49 51 48 51 50 52 54 55 52 55 53 48 52 53 48 53 49 50 51 55 50 55 54 48 50 54 48 54 52 49 53 55 49 55 51 56 57 59 56 59 58 60 62 63 60 63 61 56 60 61 56 61 57 58 59 63 58 63 62 56 58 62 56 62 60 57 61 63 57 63 59 64 65 67 64 67 66 68 70 71 68 71 69 64 68 69 64 69 65 66 67 71 66 71 70 64 66 70 64 70 68 65 69 71 65 71 67 72 73 75 72 75 74 76 78 79 76 79 77 72 76 77 72 77 73 74 75 79 74 79 78 72 74 78 72 78 76 73 77 79 73 79 75 80 81 83 80 83 82 84 86 87 84 87 85 80 84 85 80 85 81 82 83 87 82 87 86 80 82 86 80 86 84 81 85 87 81 87 83 88 89 91 88 91 90 92 94 95 92 95 93 88 92 93 88 93 89 90 91 95 90 95 94 88 90 94 88 94 92 89 93 95 89 95 91 96 97 111 96 111 110 124 97 96 125 110 111 97 98 112 97 112 111 124 98 97 125 111 112 98 99 113 98 113 112 124 99 98 125 112 113 99 100 114 99 114 113 124 100 99 125 113 114 100 101 115 100 115 114 124 101 100 125 114 115 101 102 116 101 116 115 124 102 101 125 115 116 102 103 117 102 117 116 124 103 102 125 116 117 103 104 118 103 118 117 124 104 103 125 117 118 104 105 119 104 119 118 124 105 104 125 118 119 105 106 120 105 120 119 124 106 105 125 119 120 106 107 121 106 121 120 124 107 106 125 120 121 107 108 122 107 122 121 124 108 107 125 121 122 108 109 123 108 123 122 124 109 108 125 122 123 109 96 110 109 110 123 124 96 109 125 123 110 126 127 129 126 129 128 130 132 133 130 133 131 126 130 131 126 131 127 128 129 133 128 133 132 126 128 132 126 132 130 127 131 133 127 133 129 134 135 137 134 137 136 138 140 141 138 141 139 134 138 139 134 139 135 136 137 141 136 141 140 134 136 140 134 140 138 135 139 141 135 141 137 142 143 157 142 157 156 170 143 142 171 156 157 143 144 158 143 158 157 170 144 143 171 157 158 144 145 159 144 159 158 170 145 144 171 158 159 145 146 160 145 160 159 170 146 145 171 159 160 146 147 161 146 161 160 170 147 146 171 160 161 147 148 162 147 162 161 170 148 147 171 161 162 148 149 163 148 163 162 170 149 148 171 162 163 149 150 164 149 164 163 170 150 149 171 163 164 150 151 165 150 165 164 170 151 150 171 164 165 151 152 166 151 166 165 170 152 151 171 165 166 152 153 167 152 167 166 170 153 152 171 166 167 153 154 168 153 168 167 170 154 153 171 167 168 154 155 169 154 169 168 170 155 154 171 168 169 155 142 156 155 156 169 170 142 155 171 169 156 172 173 175 172 175 174 176 178 179 176 179 177 172 176 177 172 177 173 174 175 179 174 179 178 172 174 178 172 178 176 173 177 179 173 179 175 180 181 183 180 183 182 184 186 187 184 187 185 180 184 185 180 185 181 182 183 187 182 187 186 180 182 186 180 186 184 181 185 187 181 187 183 188 189 203 188 203 202 216 189 188 217 202 203 189 190 204 189 204 203 216 190 189 217 203 204 190 191 205 190 205 204 216 191 190 217 204 205 191 192 206 191 206 205 216 192 191 217 205 206 192 193 207 192 207 206 216 193 192 217 206 207 193 194 208 193 208 207 216 194 193 217 207 208 194 195 209 194 209 208 216 195 194 217 208 209 195 196 210 195 210 209 216 196 195 217 209 210 196 197 211 196 211 210 216 197 196 217 210 211 197 198 212 197 212 211 216 198 197 217 211 212 198 199 213 198 213 212 216 199 198 217 212 213 199 200 214 199 214 213 216 200 199 217 213 214 200 201 215 200 215 214 216 201 200 217 214 215 201 188 202 201 202 215 216 188 201 217 215 202 218 219 221 218 221 220 222 224 225 222 225 223 218 222 223 218 223 219 220 221 225 220 225 224 218 220 224 218 224 222 219 223 225 219 225 221 226 227 241 226 241 240 254 227 226 255 240 241 227 228 242 227 242 241 254 228 227 255 241 242 228 229 243 228 243 242 254 229 228 255 242 243 229 230 244 229 244 243 254 230 229 255 243 244 230 231 245 230 245 244 254 231 230 255 244 245 231 232 246 231 246 245 254 232 231 255 245 246 232 233 247 232 247 246 254 233 232 255 246 247 233 234 248 233 248 247 254 234 233 255 247 248 234 235 249 234 249 248 254 235 234 255 248 249 235 236 250 235 250 249 254 236 235 255 249 250 236 237 251 236 251 250 254 237 236 255 250 251 237 238 252 237 252 251 254 238 237 255 251 252 238 239 253 238 253 252 254 239 238 255 252 253 239 226 240 239 240 253 254 226 239 255 253 240 256 257 271 256 271 270 284 257 256 285 270 271 257 258 272 257 272 271 284 258 257 285 271 272 258 259 273 258 273 272 284 259 258 285 272 273 259 260 274 259 274 273 284 260 259 285 273 274 260 261 275 260 275 274 284 261 260 285 274 275 261 262 276 261 276 275 284 262 261 285 275 276 262 263 277 262 277 276 284 263 262 285 276 277 263 264 278 263 278 277 284 264 263 285 277 278 264 265 279 264 279 278 284 265 264 285 278 279 265 266 280 265 280 279 284 266 265 285 279 280 266 267 281 266 281 280 284 267 266 285 280 281 267 268 282 267 282 281 284 268 267 285 281 282 268 269 283 268 283 282 284 269 268 285 282 283 269 256 270 269 270 283 284 256 269 285 283 270 286 287 301 286 301 300 314 287 286 315 300 301 287 288 302 287 302 301 314 288 287 315 301 302 288 289 303 288 303 302 314 289 288 315 302 303 289 290 304 289 304 303 314 290 289 315 303 304 290 291 305 290 305 304 314 291 290 315 304 305 291 292 306 291 306 305 314 292 291 315 305 306 292 293 307 292 307 306 314 293 292 315 306 307 293 294 308 293 308 307 314 294 293 315 307 308 294 295 309 294 309 308 314 295 294 315 308 309 295 296 310 295 310 309 314 296 295 315 309 310 296 297 311 296 311 310 314 297 296 315 310 311 297 298 312 297 312 311 314 298 297 315 311 312 298 299 313 298 313 312 314 299 298 315 312 313 299 286 300 299 300 313 314 286 299 315 313 300 316 317 331 316 331 330 344 317 316 345 330 331 317 318 332 317 332 331 344 318 317 345 331 332 318 319 333 318 333 332 344 319 318 345 332 333 319 320 334 319 334 333 344 320 319 345 333 334 320 321 335 320 335 334 344 321 320 345 334 335 321 322 336 321 336 335 344 322 321 345 335 336 322 323 337 322 337 336 344 323 322 345 336 337 323 324 338 323 338 337 344 324 323 345 337 338 324 325 339 324 339 338 344 325 324 345 338 339 325 326 340 325 340 339 344 326 325 345 339 340 326 327 341 326 341 340 344 327 326 345 340 341 327 328 342 327 342 341 344 328 327 345 341 342 328 329 343 328 343 342 344 329 328 345 342 343 329 316 330 329 330 343 344 316 329 345 343 330 346 347 361 346 361 360 374 347 346 375 360 361 347 348 362 347 362 361 374 348 347 375 361 362 348 349 363 348 363 362 374 349 348 375 362 363 349 350 364 349 364 363 374 350 349 375 363 364 350 351 365 350 365 364 374 351 350 375 364 365 351 352 366 351 366 365 374 352 351 375 365 366 352 353 367 352 367 366 374 353 352 375 366 367 353 354 368 353 368 367 374 354 353 375 367 368 354 355 369 354 369 368 374 355 354 375 368 369 355 356 370 355 370 369 374 356 355 375 369 370 356 357 371 356 371 370 374 357 356 375 370 371 357 358 372 357 372 371 374 358 357 375 371 372 358 359 373 358 373 372 374 359 358 375 372 373 359 346 360 359 360 373 374 346 359 375 373 360 376 377 391 376 391 390 404 377 376 405 390 391 377 378 392 377 392 391 404 378 377 405 391 392 378 379 393 378 393 392 404 379 378 405 392 393 379 380 394 379 394 393 404 380 379 405 393 394 380 381 395 380 395 394 404 381 380 405 394 395 381 382 396 381 396 395 404 382 381 405 395 396 382 383 397 382 397 396 404 383 382 405 396 397 383 384 398 383 398 397 404 384 383 405 397 398 384 385 399 384 399 398 404 385 384 405 398 399 385 386 400 385 400 399 404 386 385 405 399 400 386 387 401 386 401 400 404 387 386 405 400 401 387 388 402 387 402 401 404 388 387 405 401 402 388 389 403 388 403 402 404 389 388 405 402 403 389 376 390 389 390 403 404 376 389 405 403 390 406 407 421 406 421 420 434 407 406 435 420 421 407 408 422 407 422 421 434 408 407 435 421 422 408 409 423 408 423 422 434 409 408 435 422 423 409 410 424 409 424 423 434 410 409 435 423 424 410 411 425 410 425 424 434 411 410 435 424 425 411 412 426 411 426 425 434 412 411 435 425 426 412 413 427 412 427 426 434 413 412 435 426 427 413 414 428 413 428 427 434 414 413 435 427 428 414 415 429 414 429 428 434 415 414 435 428 429 415 416 430 415 430 429 434 416 415 435 429 430 416 417 431 416 431 430 434 417 416 435 430 431 417 418 432 417 432 431 434 418 417 435 431 432 418 419 433 418 433 432 434 419 418 435 432 433 419 406 420 419 420 433 434 406 419 435 433 420 436 437 451 436 451 450 464 437 436 465 450 451 437 438 452 437 452 451 464 438 437 465 451 452 438 439 453 438 453 452 464 439 438 465 452 453 439 440 454 439 454 453 464 440 439 465 453 454 440 441 455 440 455 454 464 441 440 465 454 455 441 442 456 441 456 455 464 442 441 465 455 456 442 443 457 442 457 456 464 443 442 465 456 457 443 444 458 443 458 457 464 444 443 465 457 458 444 445 459 444 459 458 464 445 444 465 458 459 445 446 460 445 460 459 464 446 445 465 459 460 446 447 461 446 461 460 464 447 446 465 460 461 447 448 462 447 462 461 464 448 447 465 461 462 448 449 463 448 463 462 464 449 448 465 462 463 449 436 450 449 450 463 464 436 449 465 463 450 466 467 469 466 469 468 470 472 473 470 473 471 466 470 471 466 471 467 468 469 473 468 473 472 466 468 472 466 472 470 467 471 473 467 473 469 474 475 489 474 489 488 502 475 474 503 488 489 475 476 490 475 490 489 502 476 475 503 489 490 476 477 491 476 491 490 502 477 476 503 490 491 477 478 492 477 492 491 502 478 477 503 491 492 478 479 493 478 493 492 502 479 478 503 492 493 479 480 494 479 494 493 502 480 479 503 493 494 480 481 495 480 495 494 502 481 480 503 494 495 481 482 496 481 496 495 502 482 481 503 495 496 482 483 497 482 497 496 502 483 482 503 496 497 483 484 498 483 498 497 502 484 483 503 497 498 484 485 499 484 499 498 502 485 484 503 498 499 485 486 500 485 500 499 502 486 485 503 499 500 486 487 501 486 501 500 502 487 486 503 500 501 487 474 488 487 488 501 502 474 487 503 501 488 504 505 507 504 507 506 508 510 511 508 511 509 504 508 509 504 509 505 506 507 511 506 511 510 504 506 510 504 510 508 505 509 511 505 511 507</p></triangles></mesh></geometry>
<geometry id="c1-mesh"><mesh><source id="c1-p"><float_array id="c1-pa" count="708">-2.65 -0.97 -0.08 -2.65 -0.97 0.14 -2.65 0.97 -0.08 -2.65 0.97 0.14 2.45 -0.97 -0.08 2.45 -0.97 0.14 2.45 0.97 -0.08 2.45 0.97 0.14 -2.82 -0.96 -0.05 -2.82 -0.96 0.21 -2.82 0.96 -0.05 -2.82 0.96 0.21 -2.62 -0.96 -0.05 -2.62 -0.96 0.21 -2.62 0.96 -0.05 -2.62 0.96 0.21 2.51 -0.97 -0.05 2.51 -0.97 0.29 2.51 0.97 -0.05 2.51 0.97 0.29 2.77 -0.97 -0.05 2.77 -0.97 0.29 2.77 0.97 -0.05 2.77 0.97 0.29 -2.5 0.965 0.31 -2.5 0.965 0.41 -2.5 1.005 0.31 -2.5 1.005 0.41 1.8 0.965 0.31 1.8 0.965 0.41 1.8 1.005 0.31 1.8 1.005 0.41 -2.5 -1.005 0.31 -2.5 -1.005 0.41 -2.5 -0.965 0.31 -2.5 -0.965 0.41 1.8 -1.005 0.31 1.8 -1.005 0.41 1.8 -0.965 0.31 1.8 -0.965 0.41 2.12 1.005 -0.14 2.0735 1.005 0.063925 1.943 1.005 0.22746 1.7546 1.005 0.31822 1.5454 1.005 0.31822 1.357 1.005 0.22746 1.2265 1.005 0.063925 1.18 1.005 -0.14 1.2265 1.005 -0.34393 1.357 1.005 -0.50746 1.5454 1.005 -0.59822 1.7546 1.005 -0.59822 1.943 1.005 -0.50746 2.0735 1.005 -0.34393 2.12 0.955 -0.14 2.0735 0.955 0.063925 1.943 0.955 0.22746 1.7546 0.955 0.31822 1.5454 0.955 0.31822 1.357 0.955 0.22746 1.2265 0.955 0.063925 1.18 0.955 -0.14 1.2265 0.955 -0.34393 1.357 0.955 -0.50746 1.5454 0.955 -0.59822 1.7546 0.955 -0.59822 1.943 0.955 -0.50746 2.0735 0.955 -0.34393 1.65 1.005 -0.14 1.65 0.955 -0.14 -1.18 1.005 -0.14 -1.2265 1.005 0.063925 -1.357 1.005 0.22746 -1.5454 1.005 0.31822 -1.7546 1.005 0.31822 -1.943 1.005 0.22746 -2.0735 1.005 0.063925 -2.12 1.005 -0.14 -2.0735 1.005 -0.34393 -1.943 1.005 -0.50746 -1.7546 1.005 -0.59822 -1.5454 1.005 -0.59822 -1.357 1.005 -0.50746 -1.2265 1.005 -0.34393 -1.18 0.955 -0.14 -1.2265 0.955 0.063925 -1.357 0.955 0.22746 -1.5454 0.955 0.31822 -1.7546 0.955 0.31822 -1.943 0.955 0.22746 -2.0735 0.955 0.063925 -2.12 0.955 -0.14 -2.0735 0.955 -0.34393 -1.943 0.955 -0.50746 -1.7546 0.955 -0.59822 -1.5454 0.955 -0.59822 -1.357 0.955 -0.50746 -1.2265 0.955 -0.34393 -1.65 1.005 -0.14 -1.65 0.955 -0.14 1.9745 1.1193 0.88 1.9745 1.1193 1.12 1.9662 1.1888 0.88 1.9662 1.1888 1.12 2.0738 1.1312 0.88 2.0738 1.1312 1.12 2.0655 1.2007 0.88 2.0655 1.2007 1.12 2.12 -0.955 -0.14 2.0735 -0.955 0.063925 1.943 -0.955 0.22746 1.7546 -0.955 0.31822 1.5454 -0.955 0.31822 1.357 -0.955 0.22746 1.2265 -0.955 0.063925 1.18 -0.955 -0.14 1.2265 -0.955 -0.34393 1.357 -0.955 -0.50746 1.5454 -0.955 -0.59822 1.7546 -0.955 -0.59822 1.943 -0.955 -0.50746 2.0735 -0.955 -0.34393 2.12 -1.005 -0.14 2.0735 -1.005 0.063925 1.943 -1.005 0.22746 1.7546 -1.005 0.31822 1.5454 -1.005 0.31822 1.357 -1.005 0.22746 1.2265 -1.005 0.063925 1.18 -1.005 -0.14 1.2265 -1.005 -0.34393 1.357 -1.005 -0.50746 1.5454 -1.005 -0.59822 1.7546 -1.005 -0.59822 1.943 -1.005 -0.50746 2.0735 -1.005 -0.34393 1.65 -0.955 -0.14 1.65 -1.005 -0.14 -1.18 -0.955 -0.14 -1.2265 -0.955 0.063925 -1.357 -0.955 0.22746 -1.5454 -0.955 0.31822 -1.7546 -0.955 0.31822 -1.943 -0.955 0.22746 -2.0735 -0.955 0.063925 -2.12 -0.955 -0.14 -2.0735 -0.955 -0.34393 -1.943 -0.955 -0.50746 -1.7546 -0.955 -0.59822 -1.5454 -0.955 -0.59822 -1.357 -0.955 -0.50746 -1.2265 -0.955 -0.34393 -1.18 -1.005 -0.14 -1.2265 -1.005 0.063925 -1.357 -1.005 0.22746 -1.5454 -1.005 0.31822 -1.7546 -1.005 0.31822 -1.943 -1.005 0.22746 -2.0735 -1.005 0.063925 -2.12 -1.005 -0.14 -2.0735 -1.005 -0.34393 -1.943 -1.005 -0.50746 -1.7546 -1.005 -0.59822 -1.5454 -1.005 -0.59822 -1.357 -1.005 -0.50746 -1.2265 -1.005 -0.34393 -1.65 -0.955 -0.14 -1.65 -1.005 -0.14 1.9662 -1.1888 0.88 1.9662 -1.1888 1.12 1.9745 -1.1193 0.88 1.9745 -1.1193 1.12 2.0655 -1.2007 0.88 2.0655 -1.2007 1.12 2.0738 -1.1312 0.88 2.0738 -1.1312 1.12 -2.03 1.46 -0.17 -2.0419 1.5121 -0.17 -2.0752 1.5538 -0.17 -2.1233 1.577 -0.17 -2.1767 1.577 -0.17 -2.2248 1.5538 -0.17 -2.2581 1.5121 -0.17 -2.27 1.46 -0.17 -2.2581 1.4079 -0.17 -2.2248 1.3662 -0.17 -2.1767 1.343 -0.17 -2.1233 1.343 -0.17 -2.0752 1.3662 -0.17 -2.0419 1.4079 -0.17 -2.03 1.46 -0.11 -2.0419 1.5121 -0.11 -2.0752 1.5538 -0.11 -2.1233 1.577 -0.11 -2.1767 1.577 -0.11 -2.2248 1.5538 -0.11 -2.2581 1.5121 -0.11 -2.27 1.46 -0.11 -2.2581 1.4079 -0.11 -2.2248 1.3662 -0.11 -2.1767 1.343 -0.11 -2.1233 1.343 -0.11 -2.0752 1.3662 -0.11 -2.0419 1.4079 -0.11 -2.15 1.46 -0.17 -2.15 1.46 -0.11 -2.03 -1.46 -0.17 -2.0419 -1.4079 -0.17 -2.0752 -1.3662 -0.17 -2.1233 -1.343 -0.17 -2.1767 -1.343 -0.17 -2.2248 -1.3662 -0.17 -2.2581 -1.4079 -0.17 -2.27 -1.46 -0.17 -2.2581 -1.5121 -0.17 -2.2248 -1.5538 -0.17 -2.1767 -1.577 -0.17 -2.1233 -1.577 -0.17 -2.0752 -1.5538 -0.17 -2.0419 -1.5121 -0.17 -2.03 -1.46 -0.11 -2.0419 -1.4079 -0.11 -2.0752 -1.3662 -0.11 -2.1233 -1.343 -0.11 -2.1767 -1.343 -0.11 -2.2248 -1.3662 -0.11 -2.2581 -1.4079 -0.11 -2.27 -1.46 -0.11 -2.2581 -1.5121 -0.11 -2.2248 -1.5538 -0.11 -2.1767 -1.577 -0.11 -2.1233 -1.577 -0.11 -2.0752 -1.5538 -0.11 -2.0419 -1.5121 -0.11 -2.15 -1.46 -0.17 -2.15 -1.46 -0.11</float_array><technique_common><accessor source="#c1-pa" count="236" stride="3"><param name="X" type="float"/><param name="Y" type="float"/><param name="Z" type="float"/></accessor></technique_common></source><source id="c1-n"><float_array id="c1-na" count="708">-0.042823 -0.11258 -0.99272 -0.021529 -0.056597 0.99816 -0.042032 0.22099 -0.97437 -0.085412 0.11227 0.99 0.085412 -0.11227 -0.99 0.042032 -0.22099 0.97437 0.021529 0.056597 -0.99816 0.042823 0.11258 0.99272 -0.78994 -0.082285 -0.60764 -0.54411 -0.056678 0.8371 -0.78203 0.16292 -0.60156 -0.93224 0.048554 0.35856 0.93224 -0.048554 -0.35856 0.78203 -0.16292 0.60156 0.54411 0.056678 -0.8371 0.78994 0.082285 0.60764 -0.78989 -0.10586 -0.60404 -0.54578 -0.073146 0.83473 -0.77694 0.20825 -0.59413 -0.93223 0.062469 0.35644 0.93223 -0.062469 -0.35644 0.77694 -0.20825 0.59413 0.54578 0.073146 -0.83473 0.78989 0.10586 0.60404 -0.0086367 -0.92844 -0.37138 -0.0072637 -0.78085 0.62468 -0.0045608 0.98057 -0.19611 -0.017271 0.92834 0.37134 0.017271 -0.92834 -0.37134 0.0045608 -0.98057 0.19611 0.0072637 0.78085 -0.62468 0.0086367 0.92844 0.37138 -0.0086367 -0.92844 -0.37138 -0.0072637 -0.78085 0.62468 -0.0045608 0.98057 -0.19611 -0.017271 0.92834 0.37134 0.017271 -0.92834 -0.37134 0.0045608 -0.98057 0.19611 0.0072637 0.78085 -0.62468 0.0086367 0.92844 0.37138 0.15757 0.98744 0.011992 0.13676 0.98743 0.079171 0.08887 0.98743 0.13067 0.023375 0.98743 0.15629 -0.04675 0.98743 0.15095 -0.10762 0.98743 0.11572 -0.14717 0.98743 0.05757 -0.15757 0.98744 -0.011984 -0.13676 0.98744 -0.079164 -0.08887 0.98744 -0.13066 -0.023375 0.98744 -0.15628 0.04675 0.98744 -0.15095 0.10762 0.98744 -0.11571 0.14717 0.98744 -0.057562 0.15757 -0.98744 -0.011992 0.14717 -0.98744 0.057562 0.10762 -0.98744 0.11571 0.04675 -0.98744 0.15095 -0.023375 -0.98744 0.15628 -0.08887 -0.98744 0.13066 -0.13676 -0.98744 0.079164 -0.15757 -0.98744 0.011984 -0.14717 -0.98743 -0.05757 -0.10762 -0.98743 -0.11572 -0.04675 -0.98743 -0.15095 0.023375 -0.98743 -0.15629 0.08887 -0.98743 -0.13067 0.13676 -0.98743 -0.079171 -1.693e-23 1 3.6732e-06 -1.8034e-22 -1 -3.6732e-06 0.15757 0.98744 0.011992 0.13676 0.98743 0.079171 0.08887 0.98743 0.13067 0.023375 0.98743 0.15629 -0.04675 0.98743 0.15095 -0.10762 0.98743 0.11572 -0.14717 0.98743 0.05757 -0.15757 0.98744 -0.011984 -0.13676 0.98744 -0.079164 -0.08887 0.98744 -0.13066 -0.023375 0.98744 -0.15628 0.04675 0.98744 -0.15095 0.10762 0.98744 -0.11571 0.14717 0.98744 -0.057562 0.15757 -0.98744 -0.011992 0.14717 -0.98744 0.057562 0.10762 -0.98744 0.11571 0.04675 -0.98744 0.15095 -0.023375 -0.98744 0.15628 -0.08887 -0.98744 0.13066 -0.13676 -0.98744 0.079164 -0.15757 -0.98744 0.011984 -0.14717 -0.98743 -0.05757 -0.10762 -0.98743 -0.11572 -0.04675 -0.98743 -0.15095 0.023375 -0.98743 -0.15629 0.08887 -0.98743 -0.13067 0.13676 -0.98743 -0.079171 -1.693e-23 1 3.6732e-06 -1.8034e-22 -1 -3.6732e-06 -0.45836 -0.85784 -0.2324 -0.42521 -0.79579 0.43118 -0.43685 0.88914 -0.13636 -0.86512 0.4729 0.16714 0.86512 -0.4729 -0.16714 0.43685 -0.88914 0.13636 0.42521 0.79579 -0.43118 0.45836 0.85784 0.2324 0.15757 0.98744 0.011992 0.13676 0.98743 0.079171 0.08887 0.98743 0.13067 0.023375 0.98743 0.15629 -0.04675 0.98743 0.15095 -0.10762 0.98743 0.11572 -0.14717 0.98743 0.05757 -0.15757 0.98744 -0.011984 -0.13676 0.98744 -0.079164 -0.08887 0.98744 -0.13066 -0.023375 0.98744 -0.15628 0.04675 0.98744 -0.15095 0.10762 0.98744 -0.11571 0.14717 0.98744 -0.057562 0.15757 -0.98744 -0.011992 0.14717 -0.98744 0.057562 0.10762 -0.98744 0.11571 0.04675 -0.98744 0.15095 -0.023375 -0.98744 0.15628 -0.08887 -0.98744 0.13066 -0.13676 -0.98744 0.079164 -0.15757 -0.98744 0.011984 -0.14717 -0.98743 -0.05757 -0.10762 -0.98743 -0.11572 -0.04675 -0.98743 -0.15095 0.023375 -0.98743 -0.15629 0.08887 -0.98743 -0.13067 0.13676 -0.98743 -0.079171 2.2524e-23 1 3.6732e-06 -1.4088e-22 -1 -3.6732e-06 0.15757 0.98744 0.011992 0.13676 0.98743 0.079171 0.08887 0.98743 0.13067 0.023375 0.98743 0.15629 -0.04675 0.98743 0.15095 -0.10762 0.98743 0.11572 -0.14717 0.98743 0.05757 -0.15757 0.98744 -0.011984 -0.13676 0.98744 -0.079164 -0.08887 0.98744 -0.13066 -0.023375 0.98744 -0.15628 0.04675 0.98744 -0.15095 0.10762 0.98744 -0.11571 0.14717 0.98744 -0.057562 0.15757 -0.98744 -0.011992 0.14717 -0.98744 0.057562 0.10762 -0.98744 0.11571 0.04675 -0.98744 0.15095 -0.023375 -0.98744 0.15628 -0.08887 -0.98744 0.13066 -0.13676 -0.98744 0.079164 -0.15757 -0.98744 0.011984 -0.14717 -0.98743 -0.05757 -0.10762 -0.98743 -0.11572 -0.04675 -0.98743 -0.15095 0.023375 -0.98743 -0.15629 0.08887 -0.98743 -0.13067 0.13676 -0.98743 -0.079171 2.2524e-23 1 3.6732e-06 -1.4088e-22 -1 -3.6732e-06 -0.64914 -0.7243 -0.2324 -0.60218 -0.67191 0.43118 -0.21298 0.9675 -0.13636 -0.72791 0.66498 0.16714 0.72791 -0.66498 -0.16714 0.21298 -0.9675 0.13636 0.60218 0.67191 -0.43118 0.64914 0.7243 0.2324 0.59938 0.045601 -0.79917 0.52023 0.30114 -0.79917 0.33805 0.49704 -0.79917 0.088916 0.5945 -0.79917 -0.17783 0.5742 -0.79917 -0.40936 0.44018 -0.79917 -0.5598 0.21897 -0.79917 -0.59938 -0.045601 -0.79917 -0.52023 -0.30114 -0.79917 -0.33805 -0.49704 -0.79917 -0.088916 -0.5945 -0.79917 0.17783 -0.5742 -0.79917 0.40936 -0.44018 -0.79917 0.5598 -0.21897 -0.79917 0.59938 -0.045601 0.79917 0.5598 0.21897 0.79917 0.40936 0.44018 0.79917 0.17783 0.5742 0.79917 -0.088916 0.5945 0.79917 -0.33805 0.49704 0.79917 -0.52023 0.30114 0.79917 -0.59938 0.045601 0.79917 -0.5598 -0.21897 0.79917 -0.40936 -0.44018 0.79917 -0.17783 -0.5742 0.79917 0.088916 -0.5945 0.79917 0.33805 -0.49704 0.79917 0.52023 -0.30114 0.79917 0 0 -1 0 0 1 0.59938 0.045601 -0.79917 0.52023 0.30114 -0.79917 0.33805 0.49704 -0.79917 0.088916 0.5945 -0.79917 -0.17783 0.5742 -0.79917 -0.40936 0.44018 -0.79917 -0.5598 0.21897 -0.79917 -0.59938 -0.045601 -0.79917 -0.52023 -0.30114 -0.79917 -0.33805 -0.49704 -0.79917 -0.088916 -0.5945 -0.79917 0.17783 -0.5742 -0.79917 0.40936 -0.44018 -0.79917 0.5598 -0.21897 -0.79917 0.59938 -0.045601 0.79917 0.5598 0.21897 0.79917 0.40936 0.44018 0.79917 0.17783 0.5742 0.79917 -0.088916 0.5945 0.79917 -0.33805 0.49704 0.79917 -0.52023 0.30114 0.79917 -0.59938 0.045601 0.79917 -0.5598 -0.21897 0.79917 -0.40936 -0.44018 0.79917 -0.17783 -0.5742 0.79917 0.088916 -0.5945 0.79917 0.33805 -0.49704 0.79917 0.52023 -0.30114 0.79917 0 0 -1 0 0 1</float_array><technique_common><accessor source="#c1-na" count="236" stride="3"><param name="X" type="float"/><param name="Y" type="float"/><param name="Z" type="float"/></accessor></technique_common></source><vertices id="c1-v"><input semantic="POSITION" source="#c1-p"/><input semantic="NORMAL" source="#c1-n"/></vertices><triangles count="420" material="c1"><input semantic="VERTEX" source="#c1-v" offset="0"/><p>0 1 3 0 3 2 4 6 7 4 7 5 0 4 5 0 5 1 2 3 7 2 7 6 0 2 6 0 6 4 1 5 7 1 7 3 8 9 11 8 11 10 12 14 15 12 15 13 8 12 13 8 13 9 10 11 15 10 15 14 8 10 14 8 14 12 9 13 15 9 15 11 16 17 19 16 19 18 20 22 23 20 23 21 16 20 21 16 21 17 18 19 23 18 23 22 16 18 22 16 22 20 17 21 23 17 23 19 24 25 27 24 27 26 28 30 31 28 31 29 24 28 29 24 29 25 26 27 31 26 31 30 24 26 30 24 30 28 25 29 31 25 31 27 32 33 35 32 35 34 36 38 39 36 39 37 32 36 37 32 37 33 34 35 39 34 39 38 32 34 38 32 38 36 33 37 39 33 39 35 40 41 55 40 55 54 68 41 40 69 54 55 41 42 56 41 56 55 68 42 41 69 55 56 42 43 57 42 57 56 68 43 42 69 56 57 43 44 58 43 58 57 68 44 43 69 57 58 44 45 59 44 59 58 68 45 44 69 58 59 45 46 60 45 60 59 68 46 45 69 59 60 46 47 61 46 61 60 68 47 46 69 60 61 47 48 62 47 62 61 68 48 47 69 61 62 48 49 63 48 63 62 68 49 48 69 62 63 49 50 64 49 64 63 68 50 49 69 63 64 50 51 65 50 65 64 68 51 50 69 64 65 51 52 66 51 66 65 68 52 51 69 65 66 52 53 67 52 67 66 68 53 52 69 66 67 53 40 54 53 54 67 68 40 53 69 67 54 70 71 85 70 85 84 98 71 70 99 84 85 71 72 86 71 86 85 98 72 71 99 85 86 72 73 87 72 87 86 98 73 72 99 86 87 73 74 88 73 88 87 98 74 73 99 87 88 74 75 89 74 89 88 98 75 74 99 88 89 75 76 90 75 90 89 98 76 75 99 89 90 76 77 91 76 91 90 98 77 76 99 90 91 77 78 92 77 92 91 98 78 77 99 91 92 78 79 93 78 93 92 98 79 78 99 92 93 79 80 94 79 94 93 98 80 79 99 93 94 80 81 95 80 95 94 98 81 80 99 94 95 81 82 96 81 96 95 98 82 81 99 95 96 82 83 97 82 97 96 98 83 82 99 96 97 83 70 84 83 84 97 98 70 83 99 97 84 100 101 103 100 103 102 104 106 107 104 107 105 100 104 105 100 105 101 102 103 107 102 107 106 100 102 106 100 106 104 101 105 107 101 107 103 108 109 123 108 123 122 136 109 108 137 122 123 109 110 124 109 124 123 136 110 109 137 123 124 110 111 125 110 125 124 136 111 110 137 124 125 111 112 126 111 126 125 136 112 111 137 125 126 112 113 127 112 127 126 136 113 112 137 126 127 113 114 128 113 128 127 136 114 113 137 127 128 114 115 129 114 129 128 136 115 114 137 128 129 115 116 130 115 130 129 136 116 115 137 129 130 116 117 131 116 131 130 136 117 116 137 130 131 117 118 132 117 132 131 136 118 117 137 131 132 118 119 133 118 133 132 136 119 118 137 132 133 119 120 134 119 134 133 136 120 119 137 133 134 120 121 135 120 135 134 136 121 120 137 134 135 121 108 122 121 122 135 136 108 121 137 135 122 138 139 153 138 153 152 166 139 138 167 152 153 139 140 154 139 154 153 166 140 139 167 153 154 140 141 155 140 155 154 166 141 140 167 154 155 141 142 156 141 156 155 166 142 141 167 155 156 142 143 157 142 157 156 166 143 142 167 156 157 143 144 158 143 158 157 166 144 143 167 157 158 144 145 159 144 159 158 166 145 144 167 158 159 145 146 160 145 160 159 166 146 145 167 159 160 146 147 161 146 161 160 166 147 146 167 160 161 147 148 162 147 162 161 166 148 147 167 161 162 148 149 163 148 163 162 166 149 148 167 162 163 149 150 164 149 164 163 166 150 149 167 163 164 150 151 165 150 165 164 166 151 150 167 164 165 151 138 152 151 152 165 166 138 151 167 165 152 168 169 171 168 171 170 172 174 175 172 175 173 168 172 173 168 173 169 170 171 175 170 175 174 168 170 174 168 174 172 169 173 175 169 175 171 176 177 191 176 191 190 204 177 176 205 190 191 177 178 192 177 192 191 204 178 177 205 191 192 178 179 193 178 193 192 204 179 178 205 192 193 179 180 194 179 194 193 204 180 179 205 193 194 180 181 195 180 195 194 204 181 180 205 194 195 181 182 196 181 196 195 204 182 181 205 195 196 182 183 197 182 197 196 204 183 182 205 196 197 183 184 198 183 198 197 204 184 183 205 197 198 184 185 199 184 199 198 204 185 184 205 198 199 185 186 200 185 200 199 204 186 185 205 199 200 186 187 201 186 201 200 204 187 186 205 200 201 187 188 202 187 202 201 204 188 187 205 201 202 188 189 203 188 203 202 204 189 188 205 202 203 189 176 190 189 190 203 204 176 189 205 203 190 206 207 221 206 221 220 234 207 206 235 220 221 207 208 222 207 222 221 234 208 207 235 221 222 208 209 223 208 223 222 234 209 208 235 222 223 209 210 224 209 224 223 234 210 209 235 223 224 210 211 225 210 225 224 234 211 210 235 224 225 211 212 226 211 226 225 234 212 211 235 225 226 212 213 227 212 227 226 234 213 212 235 226 227 213 214 228 213 228 227 234 214 213 235 227 228 214 215 229 214 229 228 234 215 214 235 228 229 215 216 230 215 230 229 234 216 215 235 229 230 216 217 231 216 231 230 234 217 216 235 230 231 217 218 232 217 232 231 234 218 217 235 231 232 218 219 233 218 233 232 234 219 218 235 232 233 219 206 220 219 220 233 234 206 219 235 233 220</p></triangles></mesh></geometry>
<geometry id="c2-mesh"><mesh><source id="c2-p"><float_array id="c2-pa" count="192">-2.5 -0.9 0.09 -2.5 -0.9 0.19 -2.5 0.9 0.09 -2.5 0.9 0.19 2.1 -0.9 0.09 2.1 -0.9 0.19 2.1 0.9 0.09 2.1 0.9 0.19 -2.66 -0.96 0.12 -2.66 -0.96 0.2 -2.66 0.96 0.12 -2.66 0.96 0.2 0.56 -0.96 0.12 0.56 -0.96 0.2 0.56 0.96 0.12 0.56 0.96 0.2 0.505 -0.95 0.12 0.505 -0.95 1.26 0.505 0.95 0.12 0.505 0.95 1.26 0.575 -0.95 0.12 0.575 -0.95 1.26 0.575 0.95 0.12 0.575 0.95 1.26 0.575 -0.93 0.14 0.575 -0.93 0.22 0.575 0.93 0.14 0.575 0.93 0.22 2.325 -0.93 0.14 2.325 -0.93 0.22 2.325 0.93 0.14 2.325 0.93 0.22 0.005 0.97 0.175 0.005 0.97 1.125 0.005 1 0.175 0.005 1 1.125 0.035 0.97 0.175 0.035 0.97 1.125 0.035 1 0.175 0.035 1 1.125 0.005 -1 0.175 0.005 -1 1.125 0.005 -0.97 0.175 0.005 -0.97 1.125 0.035 -1 0.175 0.035 -1 1.125 0.035 -0.97 0.175 0.035 -0.97 1.125 -1.21 -1.005 0.32 -1.21 -1.005 0.52 -1.21 -0.975 0.32 -1.21 -0.975 0.52 -0.99 -1.005 0.32 -0.99 -1.005 0.52 -0.99 -0.975 0.32 -0.99 -0.975 0.52 -0.56 0.31 1.42 -0.56 0.31 1.84 -0.56 0.93 1.42 -0.56 0.93 1.84 -0.04 0.31 1.42 -0.04 0.31 1.84 -0.04 0.93 1.42 -0.04 0.93 1.84</float_array><technique_common><accessor source="#c2-pa" count="64" stride="3"><param name="X" type="float"/><param name="Y" type="float"/><param name="Z" type="float"/></accessor></technique_common></source><source id="c2-n"><float_array id="c2-na" count="192">-0.021701 -0.055457 -0.99823 -0.010865 -0.027765 0.99956 -0.021601 0.11041 -0.99365 -0.04337 0.055418 0.99752 0.04337 -0.055418 -0.99752 0.021601 -0.11041 0.99365 0.010865 0.027765 -0.99956 0.021701 0.055457 0.99823 -0.024816 -0.041618 -0.99883 -0.012419 -0.020827 0.99971 -0.024751 0.08302 -0.99624 -0.049585 0.041579 0.9979 0.049585 -0.041579 -0.9979 0.024751 -0.08302 0.99624 0.012419 0.020827 -0.99971 0.024816 0.041618 0.99883 -0.99745 -0.036748 -0.061247 -0.99188 -0.036543 0.12181 -0.99543 0.073348 -0.061123 -0.99936 0.018409 0.030682 0.99936 -0.018409 -0.030682 0.99543 -0.073348 0.061123 0.99188 0.036543 -0.12181 0.99745 0.036748 0.061247 -0.045625 -0.042926 -0.99804 -0.022846 -0.021495 0.99951 -0.045499 0.085616 -0.99529 -0.090965 0.042793 0.99493 0.090965 -0.042793 -0.99493 0.045499 -0.085616 0.99529 0.022846 0.021495 -0.99951 0.045625 0.042926 0.99804 -0.70693 -0.70693 -0.022324 -0.7064 -0.7064 0.044615 -0.44717 0.89434 -0.014121 -0.89434 0.44717 0.014121 0.89434 -0.44717 -0.014121 0.44717 -0.89434 0.014121 0.7064 0.7064 -0.044615 0.70693 0.70693 0.022324 -0.70693 -0.70693 -0.022324 -0.7064 -0.7064 0.044615 -0.44717 0.89434 -0.014121 -0.89434 0.44717 0.014121 0.89434 -0.44717 -0.014121 0.44717 -0.89434 0.014121 0.7064 0.7064 -0.044615 0.70693 0.70693 0.022324 -0.13365 -0.98006 -0.14701 -0.12951 -0.94976 0.28493 -0.067834 0.9949 -0.074618 -0.2604 0.95482 0.14322 0.2604 -0.95482 -0.14322 0.067834 -0.9949 0.074618 0.12951 0.94976 -0.28493 0.13365 0.98006 0.14701 -0.55587 -0.46622 -0.68822 -0.35726 -0.29964 0.88464 -0.43247 0.72544 -0.53544 -0.80088 0.33585 0.49578 0.80088 -0.33585 -0.49578 0.43247 -0.72544 0.53544 0.35726 0.29964 -0.88464 0.55587 0.46622 0.68822</float_array><technique_common><accessor source="#c2-na" count="64" stride="3"><param name="X" type="float"/><param name="Y" type="float"/><param name="Z" type="float"/></accessor></technique_common></source><vertices id="c2-v"><input semantic="POSITION" source="#c2-p"/><input semantic="NORMAL" source="#c2-n"/></vertices><triangles count="96" material="c2"><input semantic="VERTEX" source="#c2-v" offset="0"/><p>0 1 3 0 3 2 4 6 7 4 7 5 0 4 5 0 5 1 2 3 7 2 7 6 0 2 6 0 6 4 1 5 7 1 7 3 8 9 11 8 11 10 12 14 15 12 15 13 8 12 13 8 13 9 10 11 15 10 15 14 8 10 14 8 14 12 9 13 15 9 15 11 16 17 19 16 19 18 20 22 23 20 23 21 16 20 21 16 21 17 18 19 23 18 23 22 16 18 22 16 22 20 17 21 23 17 23 19 24 25 27 24 27 26 28 30 31 28 31 29 24 28 29 24 29 25 26 27 31 26 31 30 24 26 30 24 30 28 25 29 31 25 31 27 32 33 35 32 35 34 36 38 39 36 39 37 32 36 37 32 37 33 34 35 39 34 39 38 32 34 38 32 38 36 33 37 39 33 39 35 40 41 43 40 43 42 44 46 47 44 47 45 40 44 45 40 45 41 42 43 47 42 47 46 40 42 46 40 46 44 41 45 47 41 47 43 48 49 51 48 51 50 52 54 55 52 55 53 48 52 53 48 53 49 50 51 55 50 55 54 48 50 54 48 54 52 49 53 55 49 55 51 56 57 59 56 59 58 60 62 63 60 63 61 56 60 61 56 61 57 58 59 63 58 63 62 56 58 62 56 62 60 57 61 63 57 63 59</p></triangles></mesh></geometry>
<geometry id="c3-mesh"><mesh><source id="c3-p"><float_array id="c3-pa" count="384">-2.66 0.93 0.12 -2.66 0.93 1.26 -2.66 0.99 0.12 -2.66 0.99 1.26 0.56 0.93 0.12 0.56 0.93 1.26 0.56 0.99 0.12 0.56 0.99 1.26 -2.66 -0.99 0.12 -2.66 -0.99 1.26 -2.66 -0.93 0.12 -2.66 -0.93 1.26 0.56 -0.99 0.12 0.56 -0.99 1.26 0.56 -0.93 0.12 0.56 -0.93 1.26 -2.68 -0.93 1.255 -2.68 -0.93 1.325 -2.68 0.93 1.255 -2.68 0.93 1.325 0.58 -0.93 1.255 0.58 -0.93 1.325 0.58 0.93 1.255 0.58 0.93 1.325 -2.68 0.91216 1.1184 -2.68 0.82841 1.2178 -2.68 1.0116 1.2022 -2.68 0.92784 1.3016 0.58 0.91216 1.1184 0.58 0.82841 1.2178 0.58 1.0116 1.2022 0.58 0.92784 1.3016 -2.68 -1.0116 1.2022 -2.68 -0.92784 1.3016 -2.68 -0.91216 1.1184 -2.68 -0.82841 1.2178 0.58 -1.0116 1.2022 0.58 -0.92784 1.3016 0.58 -0.91216 1.1184 0.58 -0.82841 1.2178 -2.695 0.01 0.13 -2.695 0.01 1.25 -2.695 0.93 0.13 -2.695 0.93 1.25 -2.625 0.01 0.13 -2.625 0.01 1.25 -2.625 0.93 0.13 -2.625 0.93 1.25 -2.695 -0.93 0.13 -2.695 -0.93 1.25 -2.695 -0.01 0.13 -2.695 -0.01 1.25 -2.625 -0.93 0.13 -2.625 -0.93 1.25 -2.625 -0.01 0.13 -2.625 -0.01 1.25 0.59 0.93 0.2 0.59 0.93 0.9 0.59 0.99 0.2 0.59 0.99 0.9 2.31 0.93 0.2 2.31 0.93 0.9 2.31 0.99 0.2 2.31 0.99 0.9 0.59 -0.99 0.2 0.59 -0.99 0.9 0.59 -0.93 0.2 0.59 -0.93 0.9 2.31 -0.99 0.2 2.31 -0.99 0.9 2.31 -0.93 0.2 2.31 -0.93 0.9 0.5 -0.9 1.255 0.5 -0.9 1.325 0.5 0.9 1.255 0.5 0.9 1.325 1.8 -0.9 1.255 1.8 -0.9 1.325 1.8 0.9 1.255 1.8 0.9 1.325 1.4201 0.875 0.68571 1.946 0.875 1.2617 1.4201 0.965 0.68571 1.946 0.965 1.2617 1.494 0.875 0.61828 2.0199 0.875 1.1943 1.494 0.965 0.61828 2.0199 0.965 1.1943 1.4201 -0.965 0.68571 1.946 -0.965 1.2617 1.4201 -0.875 0.68571 1.946 -0.875 1.2617 1.494 -0.965 0.61828 2.0199 -0.965 1.1943 1.494 -0.875 0.61828 2.0199 -0.875 1.1943 0.555 0.915 0.56 0.555 0.915 1.28 0.555 0.985 0.56 0.555 0.985 1.28 0.645 0.915 0.56 0.645 0.915 1.28 0.645 0.985 0.56 0.645 0.985 1.28 0.555 -0.985 0.56 0.555 -0.985 1.28 0.555 -0.915 0.56 0.555 -0.915 1.28 0.645 -0.985 0.56 0.645 -0.985 1.28 0.645 -0.915 0.56 0.645 -0.915 1.28 2.0272 -0.92 0.65748 2.0451 -0.92 0.74569 2.0272 0.92 0.65748 2.0451 0.92 0.74569 2.6349 -0.92 0.53431 2.6528 -0.92 0.62252 2.6349 0.92 0.53431 2.6528 0.92 0.62252 2.5325 -0.92 0.37946 2.5685 -0.92 0.6773 2.5325 0.92 0.37946 2.5685 0.92 0.6773 2.6715 -0.92 0.3627 2.7075 -0.92 0.66054 2.6715 0.92 0.3627 2.7075 0.92 0.66054</float_array><technique_common><accessor source="#c3-pa" count="128" stride="3"><param name="X" type="float"/><param name="Y" type="float"/><param name="Z" type="float"/></accessor></technique_common></source><source id="c3-n"><float_array id="c3-na" count="384">-0.018605 -0.99844 -0.05255 -0.018528 -0.99433 0.10467 -0.0093131 0.99961 -0.026306 -0.03719 0.99793 0.052522 0.03719 -0.99793 -0.052522 0.0093131 -0.99961 0.026306 0.018528 0.99433 -0.10467 0.018605 0.99844 0.05255 -0.018605 -0.99844 -0.05255 -0.018528 -0.99433 0.10467 -0.0093131 0.99961 -0.026306 -0.03719 0.99793 0.052522 0.03719 -0.99793 -0.052522 0.0093131 -0.99961 0.026306 0.018528 0.99433 -0.10467 0.018605 0.99844 0.05255 -0.021452 -0.037599 -0.99906 -0.010734 -0.018813 0.99977 -0.021407 0.075039 -0.99695 -0.042875 0.037573 0.99837 0.042875 -0.037573 -0.99837 0.021407 -0.075039 0.99695 0.010734 0.018813 -0.99977 0.021452 0.037599 0.99906 -0.028186 -0.085261 -0.99596 -0.017831 -0.91811 0.39593 -0.017831 0.97204 0.23412 -0.056306 0.085159 0.99478 0.056306 -0.085159 -0.99478 0.017831 -0.97204 -0.23412 0.017831 0.91811 -0.39593 0.028186 0.085261 0.99596 -0.028186 -0.99596 -0.085261 -0.017831 0.23412 0.97204 -0.017831 0.39593 -0.91811 -0.056306 0.99478 0.085159 0.056306 -0.99478 -0.085159 0.017831 -0.39593 0.91811 0.017831 -0.23412 -0.97204 0.028186 0.99596 0.085261 -0.99519 -0.075721 -0.062199 -0.98946 -0.075285 0.12368 -0.98674 0.15016 -0.061671 -0.99879 0.037997 0.031212 0.99879 -0.037997 -0.031212 0.98674 -0.15016 0.061671 0.98946 0.075285 -0.12368 0.99519 0.075721 0.062199 -0.99519 -0.075721 -0.062199 -0.98946 -0.075285 0.12368 -0.98674 0.15016 -0.061671 -0.99879 0.037997 0.031212 0.99879 -0.037997 -0.031212 0.98674 -0.15016 0.061671 0.98946 0.075285 -0.12368 0.99519 0.075721 0.062199 -0.034735 -0.99575 -0.08535 -0.034362 -0.98504 0.16886 -0.017423 0.99893 -0.042811 -0.069345 0.99395 0.085196 0.069345 -0.99395 -0.085196 0.017423 -0.99893 0.042811 0.034362 0.98504 -0.16886 0.034735 0.99575 0.08535 -0.034735 -0.99575 -0.08535 -0.034362 -0.98504 0.16886 -0.017423 0.99893 -0.042811 -0.069345 0.99395 0.085196 0.069345 -0.99395 -0.085196 0.017423 -0.99893 0.042811 0.034362 0.98504 -0.16886 0.034735 0.99575 0.08535 -0.053728 -0.038803 -0.9978 -0.026908 -0.019434 0.99945 -0.053607 0.077432 -0.99556 -0.10699 0.038636 0.99351 0.10699 -0.038636 -0.99351 0.053607 -0.077432 0.99556 0.026908 0.019434 -0.99945 0.053728 0.038803 0.9978 -0.54982 -0.74058 0.38632 -0.3729 -0.73259 0.56943 -0.33805 0.91066 0.23752 -0.6068 0.48488 0.62983 0.6068 -0.48488 -0.62983 0.33805 -0.91066 -0.23752 0.3729 0.73259 -0.56943 0.54982 0.74058 -0.38632 -0.54982 -0.74058 0.38632 -0.3729 -0.73259 0.56943 -0.33805 0.91066 0.23752 -0.6068 0.48488 0.62983 0.6068 -0.48488 -0.62983 0.33805 -0.91066 -0.23752 0.3729 0.73259 -0.56943 0.54982 0.74058 -0.38632 -0.61214 -0.78704 -0.076518 -0.60683 -0.78022 0.15171 -0.36207 0.93105 -0.045259 -0.84002 0.54001 0.052501 0.84002 -0.54001 -0.052501 0.36207 -0.93105 0.045259 0.60683 0.78022 -0.15171 0.61214 0.78704 0.076518 -0.61214 -0.78704 -0.076518 -0.60683 -0.78022 0.15171 -0.36207 0.93105 -0.045259 -0.84002 0.54001 0.052501 0.84002 -0.54001 -0.052501 0.36207 -0.93105 0.045259 0.60683 0.78022 -0.15171 0.61214 0.78704 0.076518 -0.33701 -0.048349 -0.94026 0.12716 -0.024385 0.99158 -0.33583 0.096361 -0.93698 -0.08237 0.046922 0.9955 0.08237 -0.046922 -0.9955 0.33583 -0.096361 0.93698 -0.12716 0.024385 -0.99158 0.33701 0.048349 0.94026 -0.94804 -0.068785 -0.31063 -0.64312 -0.055538 0.76375 -0.94138 0.1366 -0.30844 -0.93899 0.037023 0.34194 0.93899 -0.037023 -0.34194 0.94138 -0.1366 0.30844 0.64312 0.055538 -0.76375 0.94804 0.068785 0.31063</float_array><technique_common><accessor source="#c3-na" count="128" stride="3"><param name="X" type="float"/><param name="Y" type="float"/><param name="Z" type="float"/></accessor></technique_common></source><vertices id="c3-v"><input semantic="POSITION" source="#c3-p"/><input semantic="NORMAL" source="#c3-n"/></vertices><triangles count="192" material="c3"><input semantic="VERTEX" source="#c3-v" offset="0"/><p>0 1 3 0 3 2 4 6 7 4 7 5 0 4 5 0 5 1 2 3 7 2 7 6 0 2 6 0 6 4 1 5 7 1 7 3 8 9 11 8 11 10 12 14 15 12 15 13 8 12 13 8 13 9 10 11 15 10 15 14 8 10 14 8 14 12 9 13 15 9 15 11 16 17 19 16 19 18 20 22 23 20 23 21 16 20 21 16 21 17 18 19 23 18 23 22 16 18 22 16 22 20 17 21 23 17 23 19 24 25 27 24 27 26 28 30 31 28 31 29 24 28 29 24 29 25 26 27 31 26 31 30 24 26 30 24 30 28 25 29 31 25 31 27 32 33 35 32 35 34 36 38 39 36 39 37 32 36 37 32 37 33 34 35 39 34 39 38 32 34 38 32 38 36 33 37 39 33 39 35 40 41 43 40 43 42 44 46 47 44 47 45 40 44 45 40 45 41 42 43 47 42 47 46 40 42 46 40 46 44 41 45 47 41 47 43 48 49 51 48 51 50 52 54 55 52 55 53 48 52 53 48 53 49 50 51 55 50 55 54 48 50 54 48 54 52 49 53 55 49 55 51 56 57 59 56 59 58 60 62 63 60 63 61 56 60 61 56 61 57 58 59 63 58 63 62 56 58 62 56 62 60 57 61 63 57 63 59 64 65 67 64 67 66 68 70 71 68 71 69 64 68 69 64 69 65 66 67 71 66 71 70 64 66 70 64 70 68 65 69 71 65 71 67 72 73 75 72 75 74 76 78 79 76 79 77 72 76 77 72 77 73 74 75 79 74 79 78 72 74 78 72 78 76 73 77 79 73 79 75 80 81 83 80 83 82 84 86 87 84 87 85 80 84 85 80 85 81 82 83 87 82 87 86 80 82 86 80 86 84 81 85 87 81 87 83 88 89 91 88 91 90 92 94 95 92 95 93 88 92 93 88 93 89 90 91 95 90 95 94 88 90 94 88 94 92 89 93 95 89 95 91 96 97 99 96 99 98 100 102 103 100 103 101 96 100 101 96 101 97 98 99 103 98 103 102 96 98 102 96 102 100 97 101 103 97 103 99 104 105 107 104 107 106 108 110 111 108 111 109 104 108 109 104 109 105 106 107 111 106 111 110 104 106 110 104 110 108 105 109 111 105 111 107 112 113 115 112 115 114 116 118 119 116 119 117 112 116 117 112 117 113 114 115 119 114 119 118 112 114 118 112 118 116 113 117 119 113 119 115 120 121 123 120 123 122 124 126 127 124 127 125 120 124 125 120 125 121 122 123 127 122 127 126 120 122 126 120 126 124 121 125 127 121 127 123</p></triangles></mesh></geometry>
<geometry id="c4-mesh"><mesh><source id="c4-p"><float_array id="c4-pa" count="504">-2.77 -0.26 0.235 -2.77 -0.26 0.365 -2.77 0.26 0.235 -2.77 0.26 0.365 -2.73 -0.26 0.235 -2.73 -0.26 0.365 -2.73 0.26 0.235 -2.73 0.26 0.365 0.86 0 1.464 0.81643 0.19091 1.464 0.69434 0.34401 1.464 0.51791 0.42897 1.464 0.32209 0.42897 1.464 0.14566 0.34401 1.464 0.023574 0.19091 1.464 -0.02 5.3884e-17 1.464 0.023574 -0.19091 1.464 0.14566 -0.34401 1.464 0.32209 -0.42897 1.464 0.51791 -0.42897 1.464 0.69434 -0.34401 1.464 0.81643 -0.19091 1.464 0.86 0 1.476 0.81643 0.19091 1.476 0.69434 0.34401 1.476 0.51791 0.42897 1.476 0.32209 0.42897 1.476 0.14566 0.34401 1.476 0.023574 0.19091 1.476 -0.02 5.3884e-17 1.476 0.023574 -0.19091 1.476 0.14566 -0.34401 1.476 0.32209 -0.42897 1.476 0.51791 -0.42897 1.476 0.69434 -0.34401 1.476 0.81643 -0.19091 1.476 0.42 0 1.464 0.42 0 1.476 0.12 -0.035 1.464 0.12 -0.035 1.476 0.12 0.035 1.464 0.12 0.035 1.476 0.72 -0.035 1.464 0.72 -0.035 1.476 0.72 0.035 1.464 0.72 0.035 1.476 0.385 -0.3 1.464 0.385 -0.3 1.476 0.385 0.3 1.464 0.385 0.3 1.476 0.455 -0.3 1.464 0.455 -0.3 1.476 0.455 0.3 1.464 0.455 0.3 1.476 -2.1058 -0.23 2.5565 -2.2236 -0.23 3.7306 -2.1058 0.23 2.5565 -2.2236 0.23 3.7306 -1.9764 -0.23 2.5694 -2.0942 -0.23 3.7435 -1.9764 0.23 2.5694 -2.0942 0.23 3.7435 -2.3779 0.3871 2.5565 -2.319 0.28508 3.7306 -2.7763 0.1571 2.5565 -2.7174 0.055079 3.7306 -2.4426 0.49912 2.5694 -2.3837 0.3971 3.7435 -2.841 0.26912 2.5694 -2.7821 0.1671 3.7435 -2.7763 -0.1571 2.5565 -2.7174 -0.055079 3.7306 -2.3779 -0.3871 2.5565 -2.319 -0.28508 3.7306 -2.841 -0.26912 2.5694 -2.7821 -0.1671 3.7435 -2.4426 -0.49912 2.5694 -2.3837 -0.3971 3.7435 -2.35 0 3.825 -2.3569 0.030372 3.825 -2.3764 0.054728 3.825 -2.4044 0.068245 3.825 -2.4356 0.068245 3.825 -2.4636 0.054728 3.825 -2.4831 0.030372 3.825 -2.49 8.5725e-18 3.825 -2.4831 -0.030372 3.825 -2.4636 -0.054728 3.825 -2.4356 -0.068245 3.825 -2.4044 -0.068245 3.825 -2.3764 -0.054728 3.825 -2.3569 -0.030372 3.825 -2.35 0 3.875 -2.3569 0.030372 3.875 -2.3764 0.054728 3.875 -2.4044 0.068245 3.875 -2.4356 0.068245 3.875 -2.4636 0.054728 3.875 -2.4831 0.030372 3.875 -2.49 8.5725e-18 3.875 -2.4831 -0.030372 3.875 -2.4636 -0.054728 3.875 -2.4356 -0.068245 3.875 -2.4044 -0.068245 3.875 -2.3764 -0.054728 3.875 -2.3569 -0.030372 3.875 -2.42 0 3.825 -2.42 0 3.875 -2.2171 0.19937 3.71 -2.24 0.18371 3.8315 -2.3041 0.13984 3.9289 -2.3968 0.076446 3.983 -2.4997 0.0060854 3.983 -2.5923 -0.057308 3.9289 -2.6564 -0.10118 3.8315 -2.6793 -0.11683 3.71 -2.6564 -0.10118 3.5885 -2.5923 -0.057306 3.4911 -2.4997 0.0060871 3.437 -2.3968 0.076448 3.437 -2.3041 0.13984 3.4911 -2.24 0.18371 3.5885 -2.1607 0.11683 3.71 -2.1836 0.10118 3.8315 -2.2477 0.057306 3.9289 -2.3403 -0.0060871 3.983 -2.4432 -0.076448 3.983 -2.5359 -0.13984 3.9289 -2.6 -0.18371 3.8315 -2.6229 -0.19937 3.71 -2.6 -0.18371 3.5885 -2.5359 -0.13984 3.4911 -2.4432 -0.076446 3.437 -2.3403 -0.0060854 3.437 -2.2477 0.057308 3.4911 -2.1836 0.10118 3.5885 -2.4482 0.041267 3.71 -2.3918 -0.041267 3.71 -0.58 -0.6 1.43 -0.58 -0.40041 1.4756 -0.58 -0.24036 1.6032 -0.58 -0.15153 1.7876 -0.58 -0.15153 1.9924 -0.58 -0.24036 2.1768 -0.58 -0.40041 2.3044 -0.58 -0.6 2.35 -0.58 -0.79959 2.3044 -0.58 -0.95964 2.1768 -0.58 -1.0485 1.9924 -0.58 -1.0485 1.7876 -0.58 -0.95964 1.6032 -0.58 -0.79959 1.4756 -0.52 -0.6 1.43 -0.52 -0.40041 1.4756 -0.52 -0.24036 1.6032 -0.52 -0.15153 1.7876 -0.52 -0.15153 1.9924 -0.52 -0.24036 2.1768 -0.52 -0.40041 2.3044 -0.52 -0.6 2.35 -0.52 -0.79959 2.3044 -0.52 -0.95964 2.1768 -0.52 -1.0485 1.9924 -0.52 -1.0485 1.7876 -0.52 -0.95964 1.6032 -0.52 -0.79959 1.4756 -0.58 -0.6 1.89 -0.52 -0.6 1.89</float_array><technique_common><accessor source="#c4-pa" count="168" stride="3"><param name="X" type="float"/><param name="Y" type="float"/><param name="Z" type="float"/></accessor></technique_common></source><source id="c4-n"><float_array id="c4-na" count="504">-0.95321 -0.073324 -0.29329 -0.84984 -0.065372 0.52298 -0.94561 0.14548 -0.29096 -0.98766 0.037987 0.15195 0.98766 -0.037987 -0.15195 0.94561 -0.14548 0.29096 0.84984 0.065372 -0.52298 0.95321 0.073324 0.29329 0.040875 0.0031098 -0.99916 0.035478 0.020537 -0.99916 0.023054 0.033896 -0.99916 0.0060637 0.040542 -0.99916 -0.012127 0.039158 -0.99916 -0.027916 0.030018 -0.99916 -0.038176 0.014933 -0.99916 -0.040875 -0.0031098 -0.99916 -0.035478 -0.020537 -0.99916 -0.023054 -0.033896 -0.99916 -0.0060637 -0.040542 -0.99916 0.012127 -0.039158 -0.99916 0.027916 -0.030018 -0.99916 0.038176 -0.014933 -0.99916 0.040875 -0.0031098 0.99916 0.038176 0.014933 0.99916 0.027916 0.030018 0.99916 0.012127 0.039158 0.99916 -0.0060637 0.040542 0.99916 -0.023054 0.033896 0.99916 -0.035478 0.020537 0.99916 -0.040875 0.0031098 0.99916 -0.038176 -0.014933 0.99916 -0.027916 -0.030018 0.99916 -0.012127 -0.039158 0.99916 0.0060637 -0.040542 0.99916 0.023054 -0.033896 0.99916 0.035478 -0.020537 0.99916 0 0 -1 0 0 1 -0.019709 -0.16893 -0.98543 -0.009963 -0.085397 0.9963 -0.018916 0.32427 -0.94578 -0.039394 0.16883 0.98486 0.039394 -0.16883 -0.98486 0.018916 -0.32427 0.94578 0.009963 0.085397 -0.9963 0.019709 0.16893 0.98543 -0.16893 -0.019709 -0.98543 -0.085397 -0.009963 0.9963 -0.16883 0.039394 -0.98486 -0.32427 0.018916 0.94578 0.32427 -0.018916 -0.94578 0.16883 -0.039394 0.98486 0.085397 0.009963 -0.9963 0.16893 0.019709 0.98543 -0.94164 -0.27044 -0.20043 -0.95739 -0.26604 0.11241 -0.85273 0.48981 -0.18151 -0.98919 0.13971 -0.044515 0.98919 -0.13971 0.044515 0.85273 -0.48981 0.18151 0.95739 0.26604 -0.11241 0.94164 0.27044 0.20043 0.70503 -0.68026 -0.20043 0.7091 -0.6961 0.11241 0.0021801 -0.98339 -0.18151 0.37361 -0.92652 -0.044515 -0.37361 0.92652 0.044515 -0.0021801 0.98339 0.18151 -0.7091 0.6961 -0.11241 -0.70503 0.68026 0.20043 0.23662 0.9507 -0.20043 0.2483 0.96214 0.11241 0.85055 0.49357 -0.18151 0.61559 0.78681 -0.044515 -0.61559 -0.78681 0.044515 -0.85055 -0.49357 0.18151 -0.2483 -0.96214 -0.11241 -0.23662 -0.9507 0.20043 0.72993 0.055534 -0.68127 0.63355 0.36674 -0.68127 0.41168 0.6053 -0.68127 0.10828 0.72398 -0.68127 -0.21657 0.69927 -0.68127 -0.49852 0.53606 -0.68127 -0.68174 0.26667 -0.68127 -0.72993 -0.055534 -0.68127 -0.63355 -0.36674 -0.68127 -0.41168 -0.6053 -0.68127 -0.10828 -0.72398 -0.68127 0.21657 -0.69927 -0.68127 0.49852 -0.53606 -0.68127 0.68174 -0.26667 -0.68127 0.72993 -0.055534 0.68127 0.68174 0.26667 0.68127 0.49852 0.53606 0.68127 0.21657 0.69927 0.68127 -0.10828 0.72398 0.68127 -0.41168 0.6053 0.68127 -0.63355 0.36674 0.68127 -0.72993 0.055534 0.68127 -0.68174 -0.26667 0.68127 -0.49852 -0.53606 0.68127 -0.21657 -0.69927 0.68127 0.10828 -0.72398 0.68127 0.41168 -0.6053 0.68127 0.63355 -0.36674 0.68127 0 0 -1 0 0 1 -0.10791 0.99351 0.035907 -0.15934 0.95833 0.23711 -0.27772 0.87733 0.39135 -0.43962 0.76658 0.46808 -0.61296 0.64799 0.4521 -0.76341 0.54506 0.34658 -0.86118 0.47818 0.17241 -0.88689 0.46058 -0.035901 -0.83546 0.49577 -0.2371 -0.71708 0.57676 -0.39134 -0.55518 0.68752 -0.46807 -0.38184 0.80611 -0.45209 -0.23139 0.90904 -0.34657 -0.13363 0.97592 -0.17241 0.88689 -0.46058 -0.035907 0.86118 -0.47818 0.17241 0.76341 -0.54506 0.34657 0.61296 -0.64799 0.45209 0.43962 -0.76658 0.46807 0.27773 -0.87734 0.39134 0.15934 -0.95833 0.2371 0.10791 -0.99351 0.035901 0.13362 -0.97592 -0.17241 0.23139 -0.90903 -0.34658 0.38184 -0.8061 -0.4521 0.55518 -0.68752 -0.46808 0.71707 -0.57676 -0.39135 0.83546 -0.49577 -0.23711 -0.56464 0.82534 3.6732e-06 0.56464 -0.82534 -3.6732e-06 -0.98129 0.014607 -0.19199 -0.98129 0.096462 -0.16664 -0.98129 0.15921 -0.10828 -0.98129 0.19043 -0.028478 -0.98129 0.18393 0.056966 -0.98129 0.141 0.13113 -0.98129 0.070141 0.17932 -0.98129 -0.014607 0.19199 -0.98129 -0.096462 0.16664 -0.98129 -0.15921 0.10829 -0.98129 -0.19043 0.028485 -0.98129 -0.18393 -0.056959 -0.98129 -0.141 -0.13112 -0.98129 -0.070141 -0.17931 0.98129 -0.014607 -0.19199 0.98129 0.070141 -0.17932 0.98129 0.141 -0.13113 0.98129 0.18393 -0.056966 0.98129 0.19043 0.028478 0.98129 0.15921 0.10828 0.98129 0.096462 0.16664 0.98129 0.014607 0.19199 0.98129 -0.070141 0.17931 0.98129 -0.141 0.13112 0.98129 -0.18393 0.056959 0.98129 -0.19043 -0.028485 0.98129 -0.15921 -0.10829 0.98129 -0.096462 -0.16664 -1 1.4467e-21 3.6732e-06 1 -1.4879e-21 -3.6732e-06</float_array><technique_common><accessor source="#c4-na" count="168" stride="3"><param name="X" type="float"/><param name="Y" type="float"/><param name="Z" type="float"/></accessor></technique_common></source><vertices id="c4-v"><input semantic="POSITION" source="#c4-p"/><input semantic="NORMAL" source="#c4-n"/></vertices><triangles count="296" material="c4"><input semantic="VERTEX" source="#c4-v" offset="0"/><p>0 1 3 0 3 2 4 6 7 4 7 5 0 4 5 0 5 1 2 3 7 2 7 6 0 2 6 0 6 4 1 5 7 1 7 3 8 9 23 8 23 22 36 9 8 37 22 23 9 10 24 9 24 23 36 10 9 37 23 24 10 11 25 10 25 24 36 11 10 37 24 25 11 12 26 11 26 25 36 12 11 37 25 26 12 13 27 12 27 26 36 13 12 37 26 27 13 14 28 13 28 27 36 14 13 37 27 28 14 15 29 14 29 28 36 15 14 37 28 29 15 16 30 15 30 29 36 16 15 37 29 30 16 17 31 16 31 30 36 17 16 37 30 31 17 18 32 17 32 31 36 18 17 37 31 32 18 19 33 18 33 32 36 19 18 37 32 33 19 20 34 19 34 33 36 20 19 37 33 34 20 21 35 20 35 34 36 21 20 37 34 35 21 8 22 21 22 35 36 8 21 37 35 22 38 39 41 38 41 40 42 44 45 42 45 43 38 42 43 38 43 39 40 41 45 40 45 44 38 40 44 38 44 42 39 43 45 39 45 41 46 47 49 46 49 48 50 52 53 50 53 51 46 50 51 46 51 47 48 49 53 48 53 52 46 48 52 46 52 50 47 51 53 47 53 49 54 55 57 54 57 56 58 60 61 58 61 59 54 58 59 54 59 55 56 57 61 56 61 60 54 56 60 54 60 58 55 59 61 55 61 57 62 63 65 62 65 64 66 68 69 66 69 67 62 66 67 62 67 63 64 65 69 64 69 68 62 64 68 62 68 66 63 67 69 63 69 65 70 71 73 70 73 72 74 76 77 74 77 75 70 74 75 70 75 71 72 73 77 72 77 76 70 72 76 70 76 74 71 75 77 71 77 73 78 79 93 78 93 92 106 79 78 107 92 93 79 80 94 79 94 93 106 80 79 107 93 94 80 81 95 80 95 94 106 81 80 107 94 95 81 82 96 81 96 95 106 82 81 107 95 96 82 83 97 82 97 96 106 83 82 107 96 97 83 84 98 83 98 97 106 84 83 107 97 98 84 85 99 84 99 98 106 85 84 107 98 99 85 86 100 85 100 99 106 86 85 107 99 100 86 87 101 86 101 100 106 87 86 107 100 101 87 88 102 87 102 101 106 88 87 107 101 102 88 89 103 88 103 102 106 89 88 107 102 103 89 90 104 89 104 103 106 90 89 107 103 104 90 91 105 90 105 104 106 91 90 107 104 105 91 78 92 91 92 105 106 78 91 107 105 92 108 109 123 108 123 122 136 109 108 137 122 123 109 110 124 109 124 123 136 110 109 137 123 124 110 111 125 110 125 124 136 111 110 137 124 125 111 112 126 111 126 125 136 112 111 137 125 126 112 113 127 112 127 126 136 113 112 137 126 127 113 114 128 113 128 127 136 114 113 137 127 128 114 115 129 114 129 128 136 115 114 137 128 129 115 116 130 115 130 129 136 116 115 137 129 130 116 117 131 116 131 130 136 117 116 137 130 131 117 118 132 117 132 131 136 118 117 137 131 132 118 119 133 118 133 132 136 119 118 137 132 133 119 120 134 119 134 133 136 120 119 137 133 134 120 121 135 120 135 134 136 121 120 137 134 135 121 108 122 121 122 135 136 108 121 137 135 122 138 139 153 138 153 152 166 139 138 167 152 153 139 140 154 139 154 153 166 140 139 167 153 154 140 141 155 140 155 154 166 141 140 167 154 155 141 142 156 141 156 155 166 142 141 167 155 156 142 143 157 142 157 156 166 143 142 167 156 157 143 144 158 143 158 157 166 144 143 167 157 158 144 145 159 144 159 158 166 145 144 167 158 159 145 146 160 145 160 159 166 146 145 167 159 160 146 147 161 146 161 160 166 147 146 167 160 161 147 148 162 147 162 161 166 148 147 167 161 162 148 149 163 148 163 162 166 149 148 167 162 163 149 150 164 149 164 163 166 150 149 167 163 164 150 151 165 150 165 164 166 151 150 167 164 165 151 138 152 151 152 165 166 138 151 167 165 152</p></triangles></mesh></geometry>
<geometry id="c5-mesh"><mesh><source id="c5-p"><float_array id="c5-pa" count="48">-2.73 0.74 0.39 -2.73 0.74 0.81 -2.73 0.9 0.39 -2.73 0.9 0.81 -2.67 0.74 0.39 -2.67 0.74 0.81 -2.67 0.9 0.39 -2.67 0.9 0.81 -2.73 -0.9 0.39 -2.73 -0.9 0.81 -2.73 -0.74 0.39 -2.73 -0.74 0.81 -2.67 -0.9 0.39 -2.67 -0.9 0.81 -2.67 -0.74 0.39 -2.67 -0.74 0.81</float_array><technique_common><accessor source="#c5-pa" count="16" stride="3"><param name="X" type="float"/><param name="Y" type="float"/><param name="Z" type="float"/></accessor></technique_common></source><source id="c5-n"><float_array id="c5-na" count="48">-0.92806 -0.34802 -0.13258 -0.90452 -0.3392 0.25843 -0.79483 0.59612 -0.11355 -0.98046 0.18384 0.070033 0.98046 -0.18384 -0.070033 0.79483 -0.59612 0.11355 0.90452 0.3392 -0.25843 0.92806 0.34802 0.13258 -0.92806 -0.34802 -0.13258 -0.90452 -0.3392 0.25843 -0.79483 0.59612 -0.11355 -0.98046 0.18384 0.070033 0.98046 -0.18384 -0.070033 0.79483 -0.59612 0.11355 0.90452 0.3392 -0.25843 0.92806 0.34802 0.13258</float_array><technique_common><accessor source="#c5-na" count="16" stride="3"><param name="X" type="float"/><param name="Y" type="float"/><param name="Z" type="float"/></accessor></technique_common></source><vertices id="c5-v"><input semantic="POSITION" source="#c5-p"/><input semantic="NORMAL" source="#c5-n"/></vertices><triangles count="24" material="c5"><input semantic="VERTEX" source="#c5-v" offset="0"/><p>0 1 3 0 3 2 4 6 7 4 7 5 0 4 5 0 5 1 2 3 7 2 7 6 0 2 6 0 6 4 1 5 7 1 7 3 8 9 11 8 11 10 12 14 15 12 15 13 8 12 13 8 13 9 10 11 15 10 15 14 8 10 14 8 14 12 9 13 15 9 15 11</p></triangles></mesh></geometry>
<geometry id="c6-mesh"><mesh><source id="c6-p"><float_array id="c6-pa" count="96">-2.73 0.745 0.305 -2.73 0.745 0.415 -2.73 0.895 0.305 -2.73 0.895 0.415 -2.67 0.745 0.305 -2.67 0.745 0.415 -2.67 0.895 0.305 -2.67 0.895 0.415 -2.73 -0.895 0.305 -2.73 -0.895 0.415 -2.73 -0.745 0.305 -2.73 -0.745 0.415 -2.67 -0.895 0.305 -2.67 -0.895 0.415 -2.67 -0.745 0.305 -2.67 -0.745 0.415 2.61 0.795 0.39 2.61 0.795 0.49 2.61 0.925 0.39 2.61 0.925 0.49 2.71 0.795 0.39 2.71 0.795 0.49 2.71 0.925 0.39 2.71 0.925 0.49 2.61 -0.925 0.39 2.61 -0.925 0.49 2.61 -0.795 0.39 2.61 -0.795 0.49 2.71 -0.925 0.39 2.71 -0.925 0.49 2.71 -0.795 0.39 2.71 -0.795 0.49</float_array><technique_common><accessor source="#c6-pa" count="32" stride="3"><param name="X" type="float"/><param name="Y" type="float"/><param name="Z" type="float"/></accessor></technique_common></source><source id="c6-n"><float_array id="c6-na" count="96">-0.82831 -0.33132 -0.45181 -0.65232 -0.26093 0.71162 -0.71842 0.57473 -0.39186 -0.94729 0.18946 0.25835 0.94729 -0.18946 -0.25835 0.71842 -0.57473 0.39186 0.65232 0.26093 -0.71162 0.82831 0.33132 0.45181 -0.82831 -0.33132 -0.45181 -0.65232 -0.26093 0.71162 -0.71842 0.57473 -0.39186 -0.94729 0.18946 0.25835 0.94729 -0.18946 -0.25835 0.71842 -0.57473 0.39186 0.65232 0.26093 -0.71162 0.82831 0.33132 0.45181 -0.62116 -0.47782 -0.62116 -0.42289 -0.3253 0.84578 -0.47854 0.73621 -0.47854 -0.84578 0.3253 0.42289 0.84578 -0.3253 -0.42289 0.47854 -0.73621 0.47854 0.42289 0.3253 -0.84578 0.62116 0.47782 0.62116 -0.62116 -0.47782 -0.62116 -0.42289 -0.3253 0.84578 -0.47854 0.73621 -0.47854 -0.84578 0.3253 0.42289 0.84578 -0.3253 -0.42289 0.47854 -0.73621 0.47854 0.42289 0.3253 -0.84578 0.62116 0.47782 0.62116</float_array><technique_common><accessor source="#c6-na" count="32" stride="3"><param name="X" type="float"/><param name="Y" type="float"/><param name="Z" type="float"/></accessor></technique_common></source><vertices id="c6-v"><input semantic="POSITION" source="#c6-p"/><input semantic="NORMAL" source="#c6-n"/></vertices><triangles count="48" material="c6"><input semantic="VERTEX" source="#c6-v" offset="0"/><p>0 1 3 0 3 2 4 6 7 4 7 5 0 4 5 0 5 1 2 3 7 2 7 6 0 2 6 0 6 4 1 5 7 1 7 3 8 9 11 8 11 10 12 14 15 12 15 13 8 12 13 8 13 9 10 11 15 10 15 14 8 10 14 8 14 12 9 13 15 9 15 11 16 17 19 16 19 18 20 22 23 20 23 21 16 20 21 16 21 17 18 19 23 18 23 22 16 18 22 16 22 20 17 21 23 17 23 19 24 25 27 24 27 26 28 30 31 28 31 29 24 28 29 24 29 25 26 27 31 26 31 30 24 26 30 24 30 28 25 29 31 25 31 27</p></triangles></mesh></geometry>
<geometry id="c7-mesh"><mesh><source id="c7-p"><float_array id="c7-pa" count="96">0.68 0.945 0.65 0.68 0.945 1.27 0.68 0.985 0.65 0.68 0.985 1.27 1.68 0.945 0.65 1.68 0.945 1.27 1.68 0.985 0.65 1.68 0.985 1.27 0.68 -0.985 0.65 0.68 -0.985 1.27 0.68 -0.945 0.65 0.68 -0.945 1.27 1.68 -0.985 0.65 1.68 -0.985 1.27 1.68 -0.945 0.65 1.68 -0.945 1.27 1.6174 0.925 0.81574 1.7533 0.925 1.2552 1.6174 0.965 0.81574 1.7533 0.965 1.2552 1.8467 0.925 0.74481 1.9826 0.925 1.1843 1.8467 0.965 0.74481 1.9826 0.965 1.1843 1.6174 -0.965 0.81574 1.7533 -0.965 1.2552 1.6174 -0.925 0.81574 1.7533 -0.925 1.2552 1.8467 -0.965 0.74481 1.9826 -0.965 1.1843 1.8467 -0.925 0.74481 1.9826 -0.925 1.1843</float_array><technique_common><accessor source="#c7-pa" count="32" stride="3"><param name="X" type="float"/><param name="Y" type="float"/><param name="Z" type="float"/></accessor></technique_common></source><source id="c7-n"><float_array id="c7-na" count="96">-0.039885 -0.99713 -0.064331 -0.03964 -0.991 0.12787 -0.019986 0.99928 -0.032235 -0.079581 0.99476 0.064178 0.079581 -0.99476 -0.064178 0.019986 -0.99928 0.032235 0.03964 0.991 -0.12787 0.039885 0.99713 0.064331 -0.039885 -0.99713 -0.064331 -0.03964 -0.991 0.12787 -0.019986 0.99928 -0.032235 -0.079581 0.99476 0.064178 0.079581 -0.99476 -0.064178 0.019986 -0.99928 0.032235 0.03964 0.991 -0.12787 0.039885 0.99713 0.064331 -0.18174 -0.98279 -0.033237 -0.10483 -0.97219 0.20941 -0.092054 0.99561 -0.016835 -0.27679 0.94547 0.17168 0.27679 -0.94547 -0.17168 0.092054 -0.99561 0.016835 0.10483 0.97219 -0.20941 0.18174 0.98279 0.033237 -0.18174 -0.98279 -0.033237 -0.10483 -0.97219 0.20941 -0.092054 0.99561 -0.016835 -0.27679 0.94547 0.17168 0.27679 -0.94547 -0.17168 0.092054 -0.99561 0.016835 0.10483 0.97219 -0.20941 0.18174 0.98279 0.033237</float_array><technique_common><accessor source="#c7-na" count="32" stride="3"><param name="X" type="float"/><param name="Y" type="float"/><param name="Z" type="float"/></accessor></technique_common></source><vertices id="c7-v"><input semantic="POSITION" source="#c7-p"/><input semantic="NORMAL" source="#c7-n"/></vertices><triangles count="48" material="c7"><input semantic="VERTEX" source="#c7-v" offset="0"/><p>0 1 3 0 3 2 4 6 7 4 7 5 0 4 5 0 5 1 2 3 7 2 7 6 0 2 6 0 6 4 1 5 7 1 7 3 8 9 11 8 11 10 12 14 15 12 15 13 8 12 13 8 13 9 10 11 15 10 15 14 8 10 14 8 14 12 9 13 15 9 15 11 16 17 19 16 19 18 20 22 23 20 23 21 16 20 21 16 21 17 18 19 23 18 23 22 16 18 22 16 22 20 17 21 23 17 23 19 24 25 27 24 27 26 28 30 31 28 31 29 24 28 29 24 29 25 26 27 31 26 31 30 24 26 30 24 30 28 25 29 31 25 31 27</p></triangles></mesh></geometry>
<geometry id="c8-mesh"><mesh><source id="c8-p"><float_array id="c8-pa" count="24">1.5738 -0.87 1.295 1.6078 -0.87 1.3316 1.5738 0.87 1.295 1.6078 0.87 1.3316 2.2922 -0.87 0.62839 2.3262 -0.87 0.66504 2.2922 0.87 0.62839 2.3262 0.87 0.66504</float_array><technique_common><accessor source="#c8-pa" count="8" stride="3"><param name="X" type="float"/><param name="Y" type="float"/><param name="Z" type="float"/></accessor></technique_common></source><source id="c8-n"><float_array id="c8-na" count="24">-0.71635 -0.028686 -0.69715 0.66119 -0.014362 0.75008 -0.71546 0.057302 -0.69629 0.602 0.028576 0.79798 -0.602 -0.028576 -0.79798 0.71546 -0.057302 0.69629 -0.66119 0.014362 -0.75008 0.71635 0.028686 0.69715</float_array><technique_common><accessor source="#c8-na" count="8" stride="3"><param name="X" type="float"/><param name="Y" type="float"/><param name="Z" type="float"/></accessor></technique_common></source><vertices id="c8-v"><input semantic="POSITION" source="#c8-p"/><input semantic="NORMAL" source="#c8-n"/></vertices><triangles count="12" material="c8"><input semantic="VERTEX" source="#c8-v" offset="0"/><p>0 1 3 0 3 2 4 6 7 4 7 5 0 4 5 0 5 1 2 3 7 2 7 6 0 2 6 0 6 4 1 5 7 1 7 3</p></triangles></mesh></geometry>
<geometry id="c9-mesh"><mesh><source id="c9-p"><float_array id="c9-pa" count="96">2.69 -0.64 0.3125 2.69 -0.64 0.3475 2.69 0.64 0.3125 2.69 0.64 0.3475 2.73 -0.64 0.3125 2.73 -0.64 0.3475 2.73 0.64 0.3125 2.73 0.64 0.3475 2.69 -0.64 0.3775 2.69 -0.64 0.4125 2.69 0.64 0.3775 2.69 0.64 0.4125 2.73 -0.64 0.3775 2.73 -0.64 0.4125 2.73 0.64 0.3775 2.73 0.64 0.4125 2.69 -0.64 0.4425 2.69 -0.64 0.4775 2.69 0.64 0.4425 2.69 0.64 0.4775 2.73 -0.64 0.4425 2.73 -0.64 0.4775 2.73 0.64 0.4425 2.73 0.64 0.4775 2.69 -0.64 0.5075 2.69 -0.64 0.5425 2.69 0.64 0.5075 2.69 0.64 0.5425 2.73 -0.64 0.5075 2.73 -0.64 0.5425 2.73 0.64 0.5075 2.73 0.64 0.5425</float_array><technique_common><accessor source="#c9-pa" count="32" stride="3"><param name="X" type="float"/><param name="Y" type="float"/><param name="Z" type="float"/></accessor></technique_common></source><source id="c9-n"><float_array id="c9-na" count="96">-0.65837 -0.020574 -0.75242 -0.40079 -0.012525 0.91609 -0.65795 0.041122 -0.75194 -0.86816 0.013565 0.49609 0.86816 -0.013565 -0.49609 0.65795 -0.041122 0.75194 0.40079 0.012525 -0.91609 0.65837 0.020574 0.75242 -0.65837 -0.020574 -0.75242 -0.40079 -0.012525 0.91609 -0.65795 0.041122 -0.75194 -0.86816 0.013565 0.49609 0.86816 -0.013565 -0.49609 0.65795 -0.041122 0.75194 0.40079 0.012525 -0.91609 0.65837 0.020574 0.75242 -0.65837 -0.020574 -0.75242 -0.40079 -0.012525 0.91609 -0.65795 0.041122 -0.75194 -0.86816 0.013565 0.49609 0.86816 -0.013565 -0.49609 0.65795 -0.041122 0.75194 0.40079 0.012525 -0.91609 0.65837 0.020574 0.75242 -0.65837 -0.020574 -0.75242 -0.40079 -0.012525 0.91609 -0.65795 0.041122 -0.75194 -0.86816 0.013565 0.49609 0.86816 -0.013565 -0.49609 0.65795 -0.041122 0.75194 0.40079 0.012525 -0.91609 0.65837 0.020574 0.75242</float_array><technique_common><accessor source="#c9-na" count="32" stride="3"><param name="X" type="float"/><param name="Y" type="float"/><param name="Z" type="float"/></accessor></technique_common></source><vertices id="c9-v"><input semantic="POSITION" source="#c9-p"/><input semantic="NORMAL" source="#c9-n"/></vertices><triangles count="48" material="c9"><input semantic="VERTEX" source="#c9-v" offset="0"/><p>0 1 3 0 3 2 4 6 7 4 7 5 0 4 5 0 5 1 2 3 7 2 7 6 0 2 6 0 6 4 1 5 7 1 7 3 8 9 11 8 11 10 12 14 15 12 15 13 8 12 13 8 13 9 10 11 15 10 15 14 8 10 14 8 14 12 9 13 15 9 15 11 16 17 19 16 19 18 20 22 23 20 23 21 16 20 21 16 21 17 18 19 23 18 23 22 16 18 22 16 22 20 17 21 23 17 23 19 24 25 27 24 27 26 28 30 31 28 31 29 24 28 29 24 29 25 26 27 31 26 31 30 24 26 30 24 30 28 25 29 31 25 31 27</p></triangles></mesh></geometry>
<geometry id="c10-mesh"><mesh><source id="c10-p"><float_array id="c10-pa" count="96">2.5891 0.44894 0.40759 2.6126 0.45323 0.64639 2.5103 0.88183 0.40759 2.5339 0.88612 0.64639 2.7261 0.47388 0.39361 2.7497 0.47817 0.63241 2.6474 0.90677 0.39361 2.6709 0.91106 0.63241 2.705 0.64 0.01 2.705 0.64 0.11 2.705 0.8 0.01 2.705 0.8 0.11 2.775 0.64 0.01 2.775 0.64 0.11 2.775 0.8 0.01 2.775 0.8 0.11 2.5103 -0.88183 0.40759 2.5339 -0.88612 0.64639 2.5891 -0.44894 0.40759 2.6126 -0.45323 0.64639 2.6474 -0.90677 0.39361 2.6709 -0.91106 0.63241 2.7261 -0.47388 0.39361 2.7497 -0.47817 0.63241 2.705 -0.8 0.01 2.705 -0.8 0.11 2.705 -0.64 0.01 2.705 -0.64 0.11 2.775 -0.8 0.01 2.775 -0.8 0.11 2.775 -0.64 0.01 2.775 -0.64 0.11</float_array><technique_common><accessor source="#c10-pa" count="32" stride="3"><param name="X" type="float"/><param name="Y" type="float"/><param name="Z" type="float"/></accessor></technique_common></source><source id="c10-n"><float_array id="c10-na" count="96">-0.81562 -0.41778 -0.40028 -0.51452 -0.29972 0.80339 -0.87062 0.33119 -0.36378 -0.92884 -0.015565 0.37015 0.92884 0.015565 -0.37015 0.87062 -0.33119 0.36378 0.51452 0.29972 -0.80339 0.81562 0.41778 0.40028 -0.77119 -0.3374 -0.53984 -0.56331 -0.24645 0.78863 -0.66583 0.58261 -0.46608 -0.92436 0.2022 0.32353 0.92436 -0.2022 -0.32353 0.66583 -0.58261 0.46608 0.56331 0.24645 -0.78863 0.77119 0.3374 0.53984 -0.91051 -0.10368 -0.40028 -0.58712 -0.09926 0.80339 -0.69814 0.61665 -0.36378 -0.87478 0.31264 0.37015 0.87478 -0.31264 -0.37015 0.69814 -0.61665 0.36378 0.58712 0.09926 -0.80339 0.91051 0.10368 0.40028 -0.77119 -0.3374 -0.53984 -0.56331 -0.24645 0.78863 -0.66583 0.58261 -0.46608 -0.92436 0.2022 0.32353 0.92436 -0.2022 -0.32353 0.66583 -0.58261 0.46608 0.56331 0.24645 -0.78863 0.77119 0.3374 0.53984</float_array><technique_common><accessor source="#c10-na" count="32" stride="3"><param name="X" type="float"/><param name="Y" type="float"/><param name="Z" type="float"/></accessor></technique_common></source><vertices id="c10-v"><input semantic="POSITION" source="#c10-p"/><input semantic="NORMAL" source="#c10-n"/></vertices><triangles count="48" material="c10"><input semantic="VERTEX" source="#c10-v" offset="0"/><p>0 1 3 0 3 2 4 6 7 4 7 5 0 4 5 0 5 1 2 3 7 2 7 6 0 2 6 0 6 4 1 5 7 1 7 3 8 9 11 8 11 10 12 14 15 12 15 13 8 12 13 8 13 9 10 11 15 10 15 14 8 10 14 8 14 12 9 13 15 9 15 11 16 17 19 16 19 18 20 22 23 20 23 21 16 20 21 16 21 17 18 19 23 18 23 22 16 18 22 16 22 20 17 21 23 17 23 19 24 25 27 24 27 26 28 30 31 28 31 29 24 28 29 24 29 25 26 27 31 26 31 30 24 26 30 24 30 28 25 29 31 25 31 27</p></triangles></mesh></geometry>
<geometry id="c11-mesh"><mesh><source id="c11-p"><float_array id="c11-pa" count="186">-2.65 0.985 0.12 -2.65 0.985 0.32 -2.65 1.015 0.12 -2.65 1.015 0.32 2.25 0.985 0.12 2.25 0.985 0.32 2.25 1.015 0.12 2.25 1.015 0.32 -2.65 -1.015 0.12 -2.65 -1.015 0.32 -2.65 -0.985 0.12 -2.65 -0.985 0.32 2.25 -1.015 0.12 2.25 -1.015 0.32 2.25 -0.985 0.12 2.25 -0.985 0.32 -2.785 -0.9 0.12 -2.785 -0.9 0.32 -2.785 0.9 0.12 -2.785 0.9 0.32 -2.755 -0.9 0.12 -2.755 -0.9 0.32 -2.755 0.9 0.12 -2.755 0.9 0.32 1.04 0 1.42 0.9786 0.26901 1.42 0.80656 0.48474 1.42 0.55796 0.60446 1.42 0.28204 0.60446 1.42 0.033436 0.48474 1.42 -0.1386 0.26901 1.42 -0.2 7.5928e-17 1.42 -0.1386 -0.26901 1.42 0.033436 -0.48474 1.42 0.28204 -0.60446 1.42 0.55796 -0.60446 1.42 0.80656 -0.48474 1.42 0.9786 -0.26901 1.42 1.04 0 1.46 0.9786 0.26901 1.46 0.80656 0.48474 1.46 0.55796 0.60446 1.46 0.28204 0.60446 1.46 0.033436 0.48474 1.46 -0.1386 0.26901 1.46 -0.2 7.5928e-17 1.46 -0.1386 -0.26901 1.46 0.033436 -0.48474 1.46 0.28204 -0.60446 1.46 0.55796 -0.60446 1.46 0.80656 -0.48474 1.46 0.9786 -0.26901 1.46 0.42 0 1.42 0.42 0 1.46 -3.085 -0.64 0.45 -3.085 -0.64 0.59 -3.085 -0.24 0.45 -3.085 -0.24 0.59 -3.055 -0.64 0.45 -3.055 -0.64 0.59 -3.055 -0.24 0.45 -3.055 -0.24 0.59</float_array><technique_common><accessor source="#c11-pa" count="62" stride="3"><param name="X" type="float"/><param name="Y" type="float"/><param name="Z" type="float"/></accessor></technique_common></source><source id="c11-n"><float_array id="c11-na" count="186">-0.0060546 -0.98892 -0.14834 -0.0058641 -0.95781 0.28734 -0.0030526 0.99719 -0.07479 -0.012109 0.98886 0.14833 0.012109 -0.98886 -0.14833 0.0030526 -0.99719 0.07479 0.0058641 0.95781 -0.28734 0.0060546 0.98892 0.14834 -0.0060546 -0.98892 -0.14834 -0.0058641 -0.95781 0.28734 -0.0030526 0.99719 -0.07479 -0.012109 0.98886 0.14833 0.012109 -0.98886 -0.14833 0.0030526 -0.99719 0.07479 0.0058641 0.95781 -0.28734 0.0060546 0.98892 0.14834 -0.9888 -0.01648 -0.14832 -0.9577 -0.015962 0.28731 -0.9884 0.032947 -0.14826 -0.99716 0.0083097 0.074787 0.99716 -0.0083097 -0.074787 0.9884 -0.032947 0.14826 0.9577 0.015962 -0.28731 0.9888 0.01648 0.14832 0.096322 0.0073283 -0.99532 0.083603 0.048395 -0.99532 0.054326 0.079876 -0.99532 0.014289 0.095537 -0.99532 -0.028578 0.092276 -0.99532 -0.065785 0.070738 -0.99532 -0.089962 0.03519 -0.99532 -0.096322 -0.0073283 -0.99532 -0.083603 -0.048395 -0.99532 -0.054326 -0.079876 -0.99532 -0.014289 -0.095537 -0.99532 0.028578 -0.092276 -0.99532 0.065785 -0.070738 -0.99532 0.089962 -0.03519 -0.99532 0.096322 -0.0073283 0.99532 0.089962 0.03519 0.99532 0.065785 0.070738 0.99532 0.028578 0.092276 0.99532 -0.014289 0.095537 0.99532 -0.054326 0.079876 0.99532 -0.083603 0.048395 0.99532 -0.096322 0.0073283 0.99532 -0.089962 -0.03519 0.99532 -0.065785 -0.070738 0.99532 -0.028578 -0.092276 0.99532 0.014289 -0.095537 0.99532 0.054326 -0.079876 0.99532 0.083603 -0.048395 0.99532 0 0 -1 0 0 1 -0.97518 -0.073139 -0.20897 -0.91697 -0.068773 0.39299 -0.96745 0.14512 -0.20731 -0.99362 0.037261 0.10646 0.99362 -0.037261 -0.10646 0.96745 -0.14512 0.20731 0.91697 0.068773 -0.39299 0.97518 0.073139 0.20897</float_array><technique_common><accessor source="#c11-na" count="62" stride="3"><param name="X" type="float"/><param name="Y" type="float"/><param name="Z" type="float"/></accessor></technique_common></source><vertices id="c11-v"><input semantic="POSITION" source="#c11-p"/><input semantic="NORMAL" source="#c11-n"/></vertices><triangles count="104" material="c11"><input semantic="VERTEX" source="#c11-v" offset="0"/><p>0 1 3 0 3 2 4 6 7 4 7 5 0 4 5 0 5 1 2 3 7 2 7 6 0 2 6 0 6 4 1 5 7 1 7 3 8 9 11 8 11 10 12 14 15 12 15 13 8 12 13 8 13 9 10 11 15 10 15 14 8 10 14 8 14 12 9 13 15 9 15 11 16 17 19 16 19 18 20 22 23 20 23 21 16 20 21 16 21 17 18 19 23 18 23 22 16 18 22 16 22 20 17 21 23 17 23 19 24 25 39 24 39 38 52 25 24 53 38 39 25 26 40 25 40 39 52 26 25 53 39 40 26 27 41 26 41 40 52 27 26 53 40 41 27 28 42 27 42 41 52 28 27 53 41 42 28 29 43 28 43 42 52 29 28 53 42 43 29 30 44 29 44 43 52 30 29 53 43 44 30 31 45 30 45 44 52 31 30 53 44 45 31 32 46 31 46 45 52 32 31 53 45 46 32 33 47 32 47 46 52 33 32 53 46 47 33 34 48 33 48 47 52 34 33 53 47 48 34 35 49 34 49 48 52 35 34 53 48 49 35 36 50 35 50 49 52 36 35 53 49 50 36 37 51 36 51 50 52 37 36 53 50 51 37 24 38 37 38 51 52 24 37 53 51 38 54 55 57 54 57 56 58 60 61 58 61 59 54 58 59 54 59 55 56 57 61 56 61 60 54 56 60 54 60 58 55 59 61 55 61 57</p></triangles></mesh></geometry>
<geometry id="c12-mesh"><mesh><source id="c12-p"><float_array id="c12-pa" count="48">-2.65 0.985 0.065 -2.65 0.985 0.135 -2.65 1.015 0.065 -2.65 1.015 0.135 2.25 0.985 0.065 2.25 0.985 0.135 2.25 1.015 0.065 2.25 1.015 0.135 -2.65 -1.015 0.065 -2.65 -1.015 0.135 -2.65 -0.985 0.065 -2.65 -0.985 0.135 2.25 -1.015 0.065 2.25 -1.015 0.135 2.25 -0.985 0.065 2.25 -0.985 0.135</float_array><technique_common><accessor source="#c12-pa" count="16" stride="3"><param name="X" type="float"/><param name="Y" type="float"/><param name="Z" type="float"/></accessor></technique_common></source><source id="c12-n"><float_array id="c12-na" count="48">-0.0056273 -0.91913 -0.39391 -0.0046485 -0.75925 0.65078 -0.0029933 0.9778 -0.20953 -0.011254 0.91909 0.39389 0.011254 -0.91909 -0.39389 0.0029933 -0.9778 0.20953 0.0046485 0.75925 -0.65078 0.0056273 0.91913 0.39391 -0.0056273 -0.91913 -0.39391 -0.0046485 -0.75925 0.65078 -0.0029933 0.9778 -0.20953 -0.011254 0.91909 0.39389 0.011254 -0.91909 -0.39389 0.0029933 -0.9778 0.20953 0.0046485 0.75925 -0.65078 0.0056273 0.91913 0.39391</float_array><technique_common><accessor source="#c12-na" count="16" stride="3"><param name="X" type="float"/><param name="Y" type="float"/><param name="Z" type="float"/></accessor></technique_common></source><vertices id="c12-v"><input semantic="POSITION" source="#c12-p"/><input semantic="NORMAL" source="#c12-n"/></vertices><triangles count="24" material="c12"><input semantic="VERTEX" source="#c12-v" offset="0"/><p>0 1 3 0 3 2 4 6 7 4 7 5 0 4 5 0 5 1 2 3 7 2 7 6 0 2 6 0 6 4 1 5 7 1 7 3 8 9 11 8 11 10 12 14 15 12 15 13 8 12 13 8 13 9 10 11 15 10 15 14 8 10 14 8 14 12 9 13 15 9 15 11</p></triangles></mesh></geometry>
<geometry id="c13-mesh"><mesh><source id="c13-p"><float_array id="c13-pa" count="48">1.48 -0.63 1.39 1.48 -0.63 1.49 1.48 -0.37 1.39 1.48 -0.37 1.49 1.62 -0.63 1.39 1.62 -0.63 1.49 1.62 -0.37 1.39 1.62 -0.37 1.49 1.48 0.05 1.39 1.48 0.05 1.49 1.48 0.31 1.39 1.48 0.31 1.49 1.62 0.05 1.39 1.62 0.05 1.49 1.62 0.31 1.39 1.62 0.31 1.49</float_array><technique_common><accessor source="#c13-pa" count="16" stride="3"><param name="X" type="float"/><param name="Y" type="float"/><param name="Z" type="float"/></accessor></technique_common></source><source id="c13-n"><float_array id="c13-na" count="48">-0.55471 -0.29869 -0.77659 -0.33095 -0.17821 0.92667 -0.49268 0.53058 -0.68975 -0.8 0.21539 0.56 0.8 -0.21539 -0.56 0.49268 -0.53058 0.68975 0.33095 0.17821 -0.92667 0.55471 0.29869 0.77659 -0.55471 -0.29869 -0.77659 -0.33095 -0.17821 0.92667 -0.49268 0.53058 -0.68975 -0.8 0.21539 0.56 0.8 -0.21539 -0.56 0.49268 -0.53058 0.68975 0.33095 0.17821 -0.92667 0.55471 0.29869 0.77659</float_array><technique_common><accessor source="#c13-na" count="16" stride="3"><param name="X" type="float"/><param name="Y" type="float"/><param name="Z" type="float"/></accessor></technique_common></source><vertices id="c13-v"><input semantic="POSITION" source="#c13-p"/><input semantic="NORMAL" source="#c13-n"/></vertices><triangles count="24" material="c13"><input semantic="VERTEX" source="#c13-v" offset="0"/><p>0 1 3 0 3 2 4 6 7 4 7 5 0 4 5 0 5 1 2 3 7 2 7 6 0 2 6 0 6 4 1 5 7 1 7 3 8 9 11 8 11 10 12 14 15 12 15 13 8 12 13 8 13 9 10 11 15 10 15 14 8 10 14 8 14 12 9 13 15 9 15 11</p></triangles></mesh></geometry>
<geometry id="c14-mesh"><mesh><source id="c14-p"><float_array id="c14-pa" count="480">1.48 -0.31 1.39 1.48 -0.31 1.49 1.48 -0.05 1.39 1.48 -0.05 1.49 1.62 -0.31 1.39 1.62 -0.31 1.49 1.62 -0.05 1.39 1.62 -0.05 1.49 1.48 0.37 1.39 1.48 0.37 1.49 1.48 0.63 1.39 1.48 0.63 1.49 1.62 0.37 1.39 1.62 0.37 1.49 1.62 0.63 1.39 1.62 0.63 1.49 -2.42 0 4.055 -2.42 0 4.055 -2.42 0 4.055 -2.42 0 4.055 -2.42 0 4.055 -2.42 0 4.055 -2.42 0 4.055 -2.42 0 4.055 -2.42 0 4.055 -2.42 0 4.055 -2.42 0 4.055 -2.42 0 4.055 -2.42 0 4.055 -2.42 0 4.055 -2.42 0 4.055 -2.42 0 4.055 -2.3875 0 4.0485 -2.3899 0.012448 4.0485 -2.397 0.023001 4.0485 -2.4076 0.030052 4.0485 -2.42 0.032528 4.0485 -2.4324 0.030052 4.0485 -2.443 0.023001 4.0485 -2.4501 0.012448 4.0485 -2.4525 3.9835e-18 4.0485 -2.4501 -0.012448 4.0485 -2.443 -0.023001 4.0485 -2.4324 -0.030052 4.0485 -2.42 -0.032528 4.0485 -2.4076 -0.030052 4.0485 -2.397 -0.023001 4.0485 -2.3899 -0.012448 4.0485 -2.3599 0 4.0301 -2.3645 0.023001 4.0301 -2.3775 0.0425 4.0301 -2.397 0.055529 4.0301 -2.42 0.060104 4.0301 -2.443 0.055529 4.0301 -2.4625 0.0425 4.0301 -2.4755 0.023001 4.0301 -2.4801 7.3606e-18 4.0301 -2.4755 -0.023001 4.0301 -2.4625 -0.0425 4.0301 -2.443 -0.055529 4.0301 -2.42 -0.060104 4.0301 -2.397 -0.055529 4.0301 -2.3775 -0.0425 4.0301 -2.3645 -0.023001 4.0301 -2.3415 0 4.0025 -2.3474 0.030052 4.0025 -2.3645 0.055529 4.0025 -2.3899 0.072552 4.0025 -2.42 0.07853 4.0025 -2.4501 0.072552 4.0025 -2.4755 0.055529 4.0025 -2.4926 0.030052 4.0025 -2.4985 9.6171e-18 4.0025 -2.4926 -0.030052 4.0025 -2.4755 -0.055529 4.0025 -2.4501 -0.072552 4.0025 -2.42 -0.07853 4.0025 -2.3899 -0.072552 4.0025 -2.3645 -0.055529 4.0025 -2.3474 -0.030052 4.0025 -2.335 0 3.97 -2.3415 0.032528 3.97 -2.3599 0.060104 3.97 -2.3875 0.07853 3.97 -2.42 0.085 3.97 -2.4525 0.07853 3.97 -2.4801 0.060104 3.97 -2.4985 0.032528 3.97 -2.505 1.0409e-17 3.97 -2.4985 -0.032528 3.97 -2.4801 -0.060104 3.97 -2.4525 -0.07853 3.97 -2.42 -0.085 3.97 -2.3875 -0.07853 3.97 -2.3599 -0.060104 3.97 -2.3415 -0.032528 3.97 -2.3415 0 3.9375 -2.3474 0.030052 3.9375 -2.3645 0.055529 3.9375 -2.3899 0.072552 3.9375 -2.42 0.07853 3.9375 -2.4501 0.072552 3.9375 -2.4755 0.055529 3.9375 -2.4926 0.030052 3.9375 -2.4985 9.6171e-18 3.9375 -2.4926 -0.030052 3.9375 -2.4755 -0.055529 3.9375 -2.4501 -0.072552 3.9375 -2.42 -0.07853 3.9375 -2.3899 -0.072552 3.9375 -2.3645 -0.055529 3.9375 -2.3474 -0.030052 3.9375 -2.3599 0 3.9099 -2.3645 0.023001 3.9099 -2.3775 0.0425 3.9099 -2.397 0.055529 3.9099 -2.42 0.060104 3.9099 -2.443 0.055529 3.9099 -2.4625 0.0425 3.9099 -2.4755 0.023001 3.9099 -2.4801 7.3606e-18 3.9099 -2.4755 -0.023001 3.9099 -2.4625 -0.0425 3.9099 -2.443 -0.055529 3.9099 -2.42 -0.060104 3.9099 -2.397 -0.055529 3.9099 -2.3775 -0.0425 3.9099 -2.3645 -0.023001 3.9099 -2.3875 0 3.8915 -2.3899 0.012448 3.8915 -2.397 0.023001 3.8915 -2.4076 0.030052 3.8915 -2.42 0.032528 3.8915 -2.4324 0.030052 3.8915 -2.443 0.023001 3.8915 -2.4501 0.012448 3.8915 -2.4525 3.9835e-18 3.8915 -2.4501 -0.012448 3.8915 -2.443 -0.023001 3.8915 -2.4324 -0.030052 3.8915 -2.42 -0.032528 3.8915 -2.4076 -0.030052 3.8915 -2.397 -0.023001 3.8915 -2.3899 -0.012448 3.8915 -2.42 0 3.885 -2.42 3.9835e-18 3.885 -2.42 7.3606e-18 3.885 -2.42 9.6171e-18 3.885 -2.42 1.0409e-17 3.885 -2.42 9.6171e-18 3.885 -2.42 7.3606e-18 3.885 -2.42 3.9835e-18 3.885 -2.42 1.2748e-33 3.885 -2.42 -3.9835e-18 3.885 -2.42 -7.3606e-18 3.885 -2.42 -9.6171e-18 3.885 -2.42 -1.0409e-17 3.885 -2.42 -9.6171e-18 3.885 -2.42 -7.3606e-18 3.885 -2.42 -3.9835e-18 3.885</float_array><technique_common><accessor source="#c14-pa" count="160" stride="3"><param name="X" type="float"/><param name="Y" type="float"/><param name="Z" type="float"/></accessor></technique_common></source><source id="c14-n"><float_array id="c14-na" count="480">-0.55471 -0.29869 -0.77659 -0.33095 -0.17821 0.92667 -0.49268 0.53058 -0.68975 -0.8 0.21539 0.56 0.8 -0.21539 -0.56 0.49268 -0.53058 0.68975 0.33095 0.17821 -0.92667 0.55471 0.29869 0.77659 -0.55471 -0.29869 -0.77659 -0.33095 -0.17821 0.92667 -0.49268 0.53058 -0.68975 -0.8 0.21539 0.56 0.8 -0.21539 -0.56 0.49268 -0.53058 0.68975 0.33095 0.17821 -0.92667 0.55471 0.29869 0.77659 0.19494 0.038777 0.98005 0.16527 0.11043 0.98005 0.11043 0.16527 0.98005 0.038777 0.19494 0.98005 -0.038777 0.19494 0.98005 -0.11043 0.16527 0.98005 -0.16527 0.11043 0.98005 -0.19494 0.038777 0.98005 -0.19494 -0.038777 0.98005 -0.16527 -0.11043 0.98005 -0.11043 -0.16527 0.98005 -0.038777 -0.19494 0.98005 0.038777 -0.19494 0.98005 0.11043 -0.16527 0.98005 0.16527 -0.11043 0.98005 0.19494 -0.038777 0.98005 0.43961 0.03551 0.89749 0.39255 0.20104 0.89749 0.28574 0.33596 0.89749 0.13542 0.41973 0.89749 -0.03551 0.43961 0.89749 -0.20104 0.39255 0.89749 -0.33596 0.28574 0.89749 -0.41973 0.13542 0.89749 -0.43961 -0.03551 0.89749 -0.39255 -0.20104 0.89749 -0.28574 -0.33596 0.89749 -0.13542 -0.41973 0.89749 0.03551 -0.43961 0.89749 0.20104 -0.39255 0.89749 0.33596 -0.28574 0.89749 0.41973 -0.13542 0.89749 0.725 0.02723 0.68821 0.65939 0.3026 0.68821 0.4934 0.53191 0.68821 0.25229 0.68023 0.68821 -0.02723 0.725 0.68821 -0.3026 0.65939 0.68821 -0.53191 0.4934 0.68821 -0.68023 0.25229 0.68821 -0.725 -0.02723 0.68821 -0.65939 -0.3026 0.68821 -0.4934 -0.53191 0.68821 -0.25229 -0.68023 0.68821 0.02723 -0.725 0.68821 0.3026 -0.65939 0.68821 0.53191 -0.4934 0.68821 0.68023 -0.25229 0.68821 0.92785 0.014745 0.37266 0.85158 0.3687 0.37266 0.64566 0.66652 0.37266 0.34145 0.86287 0.37266 -0.014745 0.92785 0.37266 -0.3687 0.85158 0.37266 -0.66652 0.64566 0.37266 -0.86287 0.34145 0.37266 -0.92785 -0.014745 0.37266 -0.85158 -0.3687 0.37266 -0.64566 -0.66652 0.37266 -0.34145 -0.86287 0.37266 0.014745 -0.92785 0.37266 0.3687 -0.85158 0.37266 0.66652 -0.64566 0.37266 0.86287 -0.34145 0.37266 1 4.2493e-16 5.2568e-17 0.92388 0.38268 -1.6384e-15 0.70711 0.70711 2.1465e-16 0.38268 0.92388 1.1171e-15 -4.2493e-16 1 4.3807e-18 -0.38268 0.92388 -1.0777e-15 -0.70711 0.70711 -2.2342e-16 -0.92388 0.38268 1.6296e-15 -1 -4.2493e-16 -2.1904e-17 -0.92388 -0.38268 4.6874e-16 -0.70711 -0.70711 -3.2855e-16 -0.38268 -0.92388 2.1904e-16 2.0151e-16 -1 1.3142e-17 0.38268 -0.92388 -1.0645e-15 0.70711 -0.70711 -2.4532e-16 0.92388 -0.38268 1.5464e-15 0.92785 -0.014745 -0.37266 0.86287 0.34145 -0.37266 0.66652 0.64566 -0.37266 0.3687 0.85158 -0.37266 0.014745 0.92785 -0.37266 -0.34145 0.86287 -0.37266 -0.64566 0.66652 -0.37266 -0.85158 0.3687 -0.37266 -0.92785 0.014745 -0.37266 -0.86287 -0.34145 -0.37266 -0.66652 -0.64566 -0.37266 -0.3687 -0.85158 -0.37266 -0.014745 -0.92785 -0.37266 0.34145 -0.86287 -0.37266 0.64566 -0.66652 -0.37266 0.85158 -0.3687 -0.37266 0.725 -0.02723 -0.68821 0.68023 0.25229 -0.68821 0.53191 0.4934 -0.68821 0.3026 0.65939 -0.68821 0.02723 0.725 -0.68821 -0.25229 0.68023 -0.68821 -0.4934 0.53191 -0.68821 -0.65939 0.3026 -0.68821 -0.725 0.02723 -0.68821 -0.68023 -0.25229 -0.68821 -0.53191 -0.4934 -0.68821 -0.3026 -0.65939 -0.68821 -0.02723 -0.725 -0.68821 0.25229 -0.68023 -0.68821 0.4934 -0.53191 -0.68821 0.65939 -0.3026 -0.68821 0.43961 -0.03551 -0.89749 0.41973 0.13542 -0.89749 0.33596 0.28574 -0.89749 0.20104 0.39255 -0.89749 0.03551 0.43961 -0.89749 -0.13542 0.41973 -0.89749 -0.28574 0.33596 -0.89749 -0.39255 0.20104 -0.89749 -0.43961 0.03551 -0.89749 -0.41973 -0.13542 -0.89749 -0.33596 -0.28574 -0.89749 -0.20104 -0.39255 -0.89749 -0.03551 -0.43961 -0.89749 0.13542 -0.41973 -0.89749 0.28574 -0.33596 -0.89749 0.39255 -0.20104 -0.89749 0.19494 -0.038777 -0.98005 0.19494 0.038777 -0.98005 0.16527 0.11043 -0.98005 0.11043 0.16527 -0.98005 0.038777 0.19494 -0.98005 -0.038777 0.19494 -0.98005 -0.11043 0.16527 -0.98005 -0.16527 0.11043 -0.98005 -0.19494 0.038777 -0.98005 -0.19494 -0.038777 -0.98005 -0.16527 -0.11043 -0.98005 -0.11043 -0.16527 -0.98005 -0.038777 -0.19494 -0.98005 0.038777 -0.19494 -0.98005 0.11043 -0.16527 -0.98005 0.16527 -0.11043 -0.98005</float_array><technique_common><accessor source="#c14-na" count="160" stride="3"><param name="X" type="float"/><param name="Y" type="float"/><param name="Z" type="float"/></accessor></technique_common></source><vertices id="c14-v"><input semantic="POSITION" source="#c14-p"/><input semantic="NORMAL" source="#c14-n"/></vertices><triangles count="280" material="c14"><input semantic="VERTEX" source="#c14-v" offset="0"/><p>0 1 3 0 3 2 4 6 7 4 7 5 0 4 5 0 5 1 2 3 7 2 7 6 0 2 6 0 6 4 1 5 7 1 7 3 8 9 11 8 11 10 12 14 15 12 15 13 8 12 13 8 13 9 10 11 15 10 15 14 8 10 14 8 14 12 9 13 15 9 15 11 16 32 33 16 33 17 17 33 34 17 34 18 18 34 35 18 35 19 19 35 36 19 36 20 20 36 37 20 37 21 21 37 38 21 38 22 22 38 39 22 39 23 23 39 40 23 40 24 24 40 41 24 41 25 25 41 42 25 42 26 26 42 43 26 43 27 27 43 44 27 44 28 28 44 45 28 45 29 29 45 46 29 46 30 30 46 47 30 47 31 31 47 32 31 32 16 32 48 49 32 49 33 33 49 50 33 50 34 34 50 51 34 51 35 35 51 52 35 52 36 36 52 53 36 53 37 37 53 54 37 54 38 38 54 55 38 55 39 39 55 56 39 56 40 40 56 57 40 57 41 41 57 58 41 58 42 42 58 59 42 59 43 43 59 60 43 60 44 44 60 61 44 61 45 45 61 62 45 62 46 46 62 63 46 63 47 47 63 48 47 48 32 48 64 65 48 65 49 49 65 66 49 66 50 50 66 67 50 67 51 51 67 68 51 68 52 52 68 69 52 69 53 53 69 70 53 70 54 54 70 71 54 71 55 55 71 72 55 72 56 56 72 73 56 73 57 57 73 74 57 74 58 58 74 75 58 75 59 59 75 76 59 76 60 60 76 77 60 77 61 61 77 78 61 78 62 62 78 79 62 79 63 63 79 64 63 64 48 64 80 81 64 81 65 65 81 82 65 82 66 66 82 83 66 83 67 67 83 84 67 84 68 68 84 85 68 85 69 69 85 86 69 86 70 70 86 87 70 87 71 71 87 88 71 88 72 72 88 89 72 89 73 73 89 90 73 90 74 74 90 91 74 91 75 75 91 92 75 92 76 76 92 93 76 93 77 77 93 94 77 94 78 78 94 95 78 95 79 79 95 80 79 80 64 80 96 97 80 97 81 81 97 98 81 98 82 82 98 99 82 99 83 83 99 100 83 100 84 84 100 101 84 101 85 85 101 102 85 102 86 86 102 103 86 103 87 87 103 104 87 104 88 88 104 105 88 105 89 89 105 106 89 106 90 90 106 107 90 107 91 91 107 108 91 108 92 92 108 109 92 109 93 93 109 110 93 110 94 94 110 111 94 111 95 95 111 96 95 96 80 96 112 113 96 113 97 97 113 114 97 114 98 98 114 115 98 115 99 99 115 116 99 116 100 100 116 117 100 117 101 101 117 118 101 118 102 102 118 119 102 119 103 103 119 120 103 120 104 104 120 121 104 121 105 105 121 122 105 122 106 106 122 123 106 123 107 107 123 124 107 124 108 108 124 125 108 125 109 109 125 126 109 126 110 110 126 127 110 127 111 111 127 112 111 112 96 112 128 129 112 129 113 113 129 130 113 130 114 114 130 131 114 131 115 115 131 132 115 132 116 116 132 133 116 133 117 117 133 134 117 134 118 118 134 135 118 135 119 119 135 136 119 136 120 120 136 137 120 137 121 121 137 138 121 138 122 122 138 139 122 139 123 123 139 140 123 140 124 124 140 141 124 141 125 125 141 142 125 142 126 126 142 143 126 143 127 127 143 128 127 128 112 128 144 145 128 145 129 129 145 146 129 146 130 130 146 147 130 147 131 131 147 148 131 148 132 132 148 149 132 149 133 133 149 150 133 150 134 134 150 151 134 151 135 135 151 152 135 152 136 136 152 153 136 153 137 137 153 154 137 154 138 138 154 155 138 155 139 139 155 156 139 156 140 140 156 157 140 157 141 141 157 158 141 158 142 142 158 159 142 159 143 143 159 144 143 144 128</p></triangles></mesh></geometry>
<geometry id="c15-mesh"><mesh><source id="c15-p"><float_array id="c15-pa" count="786">-2.6 0.765 1.335 -2.6 0.765 1.425 -2.6 0.835 1.335 -2.6 0.835 1.425 0.5 0.765 1.335 0.5 0.765 1.425 0.5 0.835 1.335 0.5 0.835 1.425 -2.6 -0.835 1.335 -2.6 -0.835 1.425 -2.6 -0.765 1.335 -2.6 -0.765 1.425 0.5 -0.835 1.335 0.5 -0.835 1.425 0.5 -0.765 1.335 0.5 -0.765 1.425 -2.435 -0.84 1.34 -2.435 -0.84 1.42 -2.435 0.84 1.34 -2.435 0.84 1.42 -2.365 -0.84 1.34 -2.365 -0.84 1.42 -2.365 0.84 1.34 -2.365 0.84 1.42 -1.585 -0.84 1.34 -1.585 -0.84 1.42 -1.585 0.84 1.34 -1.585 0.84 1.42 -1.515 -0.84 1.34 -1.515 -0.84 1.42 -1.515 0.84 1.34 -1.515 0.84 1.42 -0.735 -0.84 1.34 -0.735 -0.84 1.42 -0.735 0.84 1.34 -0.735 0.84 1.42 -0.665 -0.84 1.34 -0.665 -0.84 1.42 -0.665 0.84 1.34 -0.665 0.84 1.42 0.115 -0.84 1.34 0.115 -0.84 1.42 0.115 0.84 1.34 0.115 0.84 1.42 0.185 -0.84 1.34 0.185 -0.84 1.42 0.185 0.84 1.34 0.185 0.84 1.42 -2.22 0.9 -0.03 -2.22 0.9 0.07 -2.22 1.5 -0.03 -2.22 1.5 0.07 -2.08 0.9 -0.03 -2.08 0.9 0.07 -2.08 1.5 -0.03 -2.08 1.5 0.07 -2.1 1.46 -0.18 -2.105 1.4817 -0.18 -2.1188 1.4991 -0.18 -2.1389 1.5087 -0.18 -2.1611 1.5087 -0.18 -2.1812 1.4991 -0.18 -2.195 1.4817 -0.18 -2.2 1.46 -0.18 -2.195 1.4383 -0.18 -2.1812 1.4209 -0.18 -2.1611 1.4113 -0.18 -2.1389 1.4113 -0.18 -2.1188 1.4209 -0.18 -2.105 1.4383 -0.18 -2.1 1.46 0.22 -2.105 1.4817 0.22 -2.1188 1.4991 0.22 -2.1389 1.5087 0.22 -2.1611 1.5087 0.22 -2.1812 1.4991 0.22 -2.195 1.4817 0.22 -2.2 1.46 0.22 -2.195 1.4383 0.22 -2.1812 1.4209 0.22 -2.1611 1.4113 0.22 -2.1389 1.4113 0.22 -2.1188 1.4209 0.22 -2.105 1.4383 0.22 -2.15 1.46 -0.18 -2.15 1.46 0.22 -2.22 -1.5 -0.03 -2.22 -1.5 0.07 -2.22 -0.9 -0.03 -2.22 -0.9 0.07 -2.08 -1.5 -0.03 -2.08 -1.5 0.07 -2.08 -0.9 -0.03 -2.08 -0.9 0.07 -2.1 -1.46 -0.18 -2.105 -1.4383 -0.18 -2.1188 -1.4209 -0.18 -2.1389 -1.4113 -0.18 -2.1611 -1.4113 -0.18 -2.1812 -1.4209 -0.18 -2.195 -1.4383 -0.18 -2.2 -1.46 -0.18 -2.195 -1.4817 -0.18 -2.1812 -1.4991 -0.18 -2.1611 -1.5087 -0.18 -2.1389 -1.5087 -0.18 -2.1188 -1.4991 -0.18 -2.105 -1.4817 -0.18 -2.1 -1.46 0.22 -2.105 -1.4383 0.22 -2.1188 -1.4209 0.22 -2.1389 -1.4113 0.22 -2.1611 -1.4113 0.22 -2.1812 -1.4209 0.22 -2.195 -1.4383 0.22 -2.2 -1.46 0.22 -2.195 -1.4817 0.22 -2.1812 -1.4991 0.22 -2.1611 -1.5087 0.22 -2.1389 -1.5087 0.22 -2.1188 -1.4991 0.22 -2.105 -1.4817 0.22 -2.15 -1.46 -0.18 -2.15 -1.46 0.22 -2.65 -0.23 -0.27 -2.65 -0.23 -0.09 -2.65 0.23 -0.27 -2.65 0.23 -0.09 -2.19 -0.23 -0.27 -2.19 -0.23 -0.09 -2.19 0.23 -0.27 -2.19 0.23 -0.09 -2.57 -0.15 -0.2 -2.57 -0.15 -0.1 -2.57 0.15 -0.2 -2.57 0.15 -0.1 -2.27 -0.15 -0.2 -2.27 -0.15 -0.1 -2.27 0.15 -0.2 -2.27 0.15 -0.1 -2.54 -0.12 -0.095 -2.54 -0.12 -0.005 -2.54 0.12 -0.095 -2.54 0.12 -0.005 -2.3 -0.12 -0.095 -2.3 -0.12 -0.005 -2.3 0.12 -0.095 -2.3 0.12 -0.005 -2.28 0 2.62 -2.2939 0.060744 2.62 -2.3327 0.10946 2.62 -2.3888 0.13649 2.62 -2.4512 0.13649 2.62 -2.5073 0.10946 2.62 -2.5461 0.060744 2.62 -2.56 1.7145e-17 2.62 -2.5461 -0.060744 2.62 -2.5073 -0.10946 2.62 -2.4512 -0.13649 2.62 -2.3888 -0.13649 2.62 -2.3327 -0.10946 2.62 -2.2939 -0.060744 2.62 -2.28 0 2.88 -2.2939 0.060744 2.88 -2.3327 0.10946 2.88 -2.3888 0.13649 2.88 -2.4512 0.13649 2.88 -2.5073 0.10946 2.88 -2.5461 0.060744 2.88 -2.56 1.7145e-17 2.88 -2.5461 -0.060744 2.88 -2.5073 -0.10946 2.88 -2.4512 -0.13649 2.88 -2.3888 -0.13649 2.88 -2.3327 -0.10946 2.88 -2.2939 -0.060744 2.88 -2.42 0 2.62 -2.42 0 2.88 -2.354 -0.035 2.675 -2.354 -0.035 2.745 -2.354 0.035 2.675 -2.354 0.035 2.745 -2.134 -0.035 2.675 -2.134 -0.035 2.745 -2.134 0.035 2.675 -2.134 0.035 2.745 -2.4227 0.074638 2.675 -2.4227 0.074638 2.745 -2.4833 0.039637 2.675 -2.4833 0.039637 2.745 -2.5327 0.26516 2.675 -2.5327 0.26516 2.745 -2.5933 0.23016 2.675 -2.5933 0.23016 2.745 -2.4833 -0.039637 2.675 -2.4833 -0.039637 2.745 -2.4227 -0.074638 2.675 -2.4227 -0.074638 2.745 -2.5933 -0.23016 2.675 -2.5933 -0.23016 2.745 -2.5327 -0.26516 2.675 -2.5327 -0.26516 2.745 -0.49 -0.6 1.25 -0.49594 -0.57397 1.25 -0.51259 -0.55309 1.25 -0.53665 -0.5415 1.25 -0.56335 -0.5415 1.25 -0.58741 -0.55309 1.25 -0.60406 -0.57397 1.25 -0.61 -0.6 1.25 -0.60406 -0.62603 1.25 -0.58741 -0.64691 1.25 -0.56335 -0.6585 1.25 -0.53665 -0.6585 1.25 -0.51259 -0.64691 1.25 -0.49594 -0.62603 1.25 -0.49 -0.6 1.85 -0.49594 -0.57397 1.85 -0.51259 -0.55309 1.85 -0.53665 -0.5415 1.85 -0.56335 -0.5415 1.85 -0.58741 -0.55309 1.85 -0.60406 -0.57397 1.85 -0.61 -0.6 1.85 -0.60406 -0.62603 1.85 -0.58741 -0.64691 1.85 -0.56335 -0.6585 1.85 -0.53665 -0.6585 1.85 -0.51259 -0.64691 1.85 -0.49594 -0.62603 1.85 -0.55 -0.6 1.25 -0.55 -0.6 1.85 -0.54 -0.6 1.87 -0.54 -0.59132 1.872 -0.54 -0.58436 1.8775 -0.54 -0.5805 1.8856 -0.54 -0.5805 1.8945 -0.54 -0.58436 1.9025 -0.54 -0.59132 1.908 -0.54 -0.6 1.91 -0.54 -0.60868 1.908 -0.54 -0.61564 1.9025 -0.54 -0.6195 1.8945 -0.54 -0.6195 1.8856 -0.54 -0.61564 1.8775 -0.54 -0.60868 1.872 -0.12 -0.6 1.87 -0.12 -0.59132 1.872 -0.12 -0.58436 1.8775 -0.12 -0.5805 1.8855 -0.12 -0.5805 1.8944 -0.12 -0.58436 1.9025 -0.12 -0.59132 1.908 -0.12 -0.6 1.91 -0.12 -0.60868 1.908 -0.12 -0.61564 1.9025 -0.12 -0.6195 1.8944 -0.12 -0.6195 1.8855 -0.12 -0.61564 1.8775 -0.12 -0.60868 1.872 -0.54 -0.6 1.89 -0.12 -0.6 1.89</float_array><technique_common><accessor source="#c15-pa" count="262" stride="3"><param name="X" type="float"/><param name="Y" type="float"/><param name="Z" type="float"/></accessor></technique_common></source><source id="c15-n"><float_array id="c15-na" count="786">-0.017821 -0.78923 -0.61384 -0.01221 -0.54072 0.84112 -0.010522 0.93195 -0.36243 -0.035626 0.78885 0.61355 0.035626 -0.78885 -0.61355 0.010522 -0.93195 0.36243 0.01221 0.54072 -0.84112 0.017821 0.78923 0.61384 -0.017821 -0.78923 -0.61384 -0.01221 -0.54072 0.84112 -0.010522 0.93195 -0.36243 -0.035626 0.78885 0.61355 0.035626 -0.78885 -0.61355 0.010522 -0.93195 0.36243 0.01221 0.54072 -0.84112 0.017821 0.78923 0.61384 -0.75221 -0.031342 -0.65818 -0.49603 -0.020668 0.86806 -0.7511 0.062592 -0.65721 -0.91599 0.019083 0.40075 0.91599 -0.019083 -0.40075 0.7511 -0.062592 0.65721 0.49603 0.020668 -0.86806 0.75221 0.031342 0.65818 -0.75221 -0.031342 -0.65818 -0.49603 -0.020668 0.86806 -0.7511 0.062592 -0.65721 -0.91599 0.019083 0.40075 0.91599 -0.019083 -0.40075 0.7511 -0.062592 0.65721 0.49603 0.020668 -0.86806 0.75221 0.031342 0.65818 -0.75221 -0.031342 -0.65818 -0.49603 -0.020668 0.86806 -0.7511 0.062592 -0.65721 -0.91599 0.019083 0.40075 0.91599 -0.019083 -0.40075 0.7511 -0.062592 0.65721 0.49603 0.020668 -0.86806 0.75221 0.031342 0.65818 -0.75221 -0.031342 -0.65818 -0.49603 -0.020668 0.86806 -0.7511 0.062592 -0.65721 -0.91599 0.019083 0.40075 0.91599 -0.019083 -0.40075 0.7511 -0.062592 0.65721 0.49603 0.020668 -0.86806 0.75221 0.031342 0.65818 -0.57597 -0.13439 -0.80635 -0.33531 -0.078238 0.93886 -0.56097 0.26179 -0.78536 -0.81552 0.095143 0.57086 0.81552 -0.095143 -0.57086 0.56097 -0.26179 0.78536 0.33531 0.078238 -0.93886 0.57597 0.13439 0.80635 0.99369 0.075601 -0.082808 0.86248 0.49926 -0.082808 0.56045 0.82404 -0.082808 0.14741 0.9856 -0.082808 -0.29482 0.95196 -0.082808 -0.67867 0.72976 -0.082808 -0.92809 0.36303 -0.082808 -0.99369 -0.075601 -0.082808 -0.86248 -0.49926 -0.082808 -0.56045 -0.82404 -0.082808 -0.14741 -0.9856 -0.082808 0.29482 -0.95196 -0.082808 0.67867 -0.72976 -0.082808 0.92809 -0.36303 -0.082808 0.99369 -0.075601 0.082808 0.92809 0.36303 0.082808 0.67867 0.72976 0.082808 0.29482 0.95196 0.082808 -0.14741 0.9856 0.082808 -0.56045 0.82404 0.082808 -0.86248 0.49926 0.082808 -0.99369 0.075601 0.082808 -0.92809 -0.36303 0.082808 -0.67867 -0.72976 0.082808 -0.29482 -0.95196 0.082808 0.14741 -0.9856 0.082808 0.56045 -0.82404 0.082808 0.86248 -0.49926 0.082808 0 0 -1 0 0 1 -0.57597 -0.13439 -0.80635 -0.33531 -0.078238 0.93886 -0.56097 0.26179 -0.78536 -0.81552 0.095143 0.57086 0.81552 -0.095143 -0.57086 0.56097 -0.26179 0.78536 0.33531 0.078238 -0.93886 0.57597 0.13439 0.80635 0.99369 0.075601 -0.082808 0.86248 0.49926 -0.082808 0.56045 0.82404 -0.082808 0.14741 0.9856 -0.082808 -0.29482 0.95196 -0.082808 -0.67867 0.72976 -0.082808 -0.92809 0.36303 -0.082808 -0.99369 -0.075601 -0.082808 -0.86248 -0.49926 -0.082808 -0.56045 -0.82404 -0.082808 -0.14741 -0.9856 -0.082808 0.29482 -0.95196 -0.082808 0.67867 -0.72976 -0.082808 0.92809 -0.36303 -0.082808 0.99369 -0.075601 0.082808 0.92809 0.36303 0.082808 0.67867 0.72976 0.082808 0.29482 0.95196 0.082808 -0.14741 0.9856 0.082808 -0.56045 0.82404 0.082808 -0.86248 0.49926 0.082808 -0.99369 0.075601 0.082808 -0.92809 -0.36303 0.082808 -0.67867 -0.72976 0.082808 -0.29482 -0.95196 0.082808 0.14741 -0.9856 0.082808 0.56045 -0.82404 0.082808 0.86248 -0.49926 0.082808 0 0 -1 0 0 1 -0.34238 -0.34238 -0.87496 -0.18857 -0.18857 0.96379 -0.29449 0.58898 -0.75258 -0.58898 0.29449 0.75258 0.58898 -0.29449 -0.75258 0.29449 -0.58898 0.75258 0.18857 0.18857 -0.96379 0.34238 0.34238 0.87496 -0.30151 -0.30151 -0.90453 -0.16222 -0.16222 0.97333 -0.26726 0.53452 -0.80178 -0.53452 0.26726 0.80178 0.53452 -0.26726 -0.80178 0.26726 -0.53452 0.80178 0.16222 0.16222 -0.97333 0.30151 0.30151 0.90453 -0.33129 -0.33129 -0.88345 -0.18124 -0.18124 0.9666 -0.28735 0.5747 -0.76626 -0.5747 0.28735 0.76626 0.5747 -0.28735 -0.76626 0.28735 -0.5747 0.76626 0.18124 0.18124 -0.9666 0.33129 0.33129 0.88345 0.93879 0.071424 -0.337 0.81483 0.47168 -0.337 0.52948 0.77851 -0.337 0.13927 0.93115 -0.337 -0.27853 0.89936 -0.337 -0.64117 0.68944 -0.337 -0.87681 0.34298 -0.337 -0.93879 -0.071424 -0.337 -0.81483 -0.47168 -0.337 -0.52948 -0.77851 -0.337 -0.13927 -0.93115 -0.337 0.27853 -0.89936 -0.337 0.64117 -0.68944 -0.337 0.87681 -0.34298 -0.337 0.93879 -0.071424 0.337 0.87681 0.34298 0.337 0.64117 0.68944 0.337 0.27853 0.89936 0.337 -0.13927 0.93115 0.337 -0.52948 0.77851 0.337 -0.81483 0.47168 0.337 -0.93879 0.071424 0.337 -0.87681 -0.34298 0.337 -0.64117 -0.68944 0.337 -0.27853 -0.89936 0.337 0.13927 -0.93115 0.337 0.52948 -0.77851 0.337 0.81483 -0.47168 0.337 0 0 -1 0 0 1 -0.2195 -0.68986 -0.68986 -0.14088 -0.44275 0.88551 -0.14088 0.88551 -0.44275 -0.41035 0.64483 0.64483 0.41035 -0.64483 -0.64483 0.14088 -0.88551 0.44275 0.14088 0.44275 -0.88551 0.2195 0.68986 0.68986 0.70719 0.15484 -0.68986 0.45387 0.099377 0.88551 -0.69643 -0.56476 -0.44275 -0.35326 -0.67779 0.64483 0.35326 0.67779 -0.64483 0.69643 0.56476 0.44275 -0.45387 -0.099377 -0.88551 -0.70719 -0.15484 0.68986 -0.48768 0.53503 -0.68986 -0.313 0.34338 0.88551 0.83731 -0.32076 -0.44275 0.76361 0.032952 0.64483 -0.76361 -0.032952 -0.64483 -0.83731 0.32076 0.44275 0.313 -0.34338 -0.88551 0.48768 -0.53503 0.68986 0.99492 0.075695 -0.066328 0.86355 0.49988 -0.066328 0.56114 0.82506 -0.066328 0.14759 0.98682 -0.066328 -0.29519 0.95313 -0.066328 -0.6795 0.73067 -0.066328 -0.92924 0.36348 -0.066328 -0.99492 -0.075695 -0.066328 -0.86355 -0.49988 -0.066328 -0.56114 -0.82506 -0.066328 -0.14759 -0.98682 -0.066328 0.29519 -0.95313 -0.066328 0.6795 -0.73067 -0.066328 0.92924 -0.36348 -0.066328 0.99492 -0.075695 0.066328 0.92924 0.36348 0.066328 0.6795 0.73067 0.066328 0.29519 0.95313 0.066328 -0.14759 0.98682 0.066328 -0.56114 0.82506 0.066328 -0.86355 0.49988 0.066328 -0.99492 0.075695 0.066328 -0.92924 -0.36348 0.066328 -0.6795 -0.73067 0.066328 -0.29519 -0.95313 0.066328 0.14759 -0.98682 0.066328 0.56114 -0.82506 0.066328 0.86355 -0.49988 0.066328 0 0 -1 0 0 1 -0.031642 0.075824 -0.99662 -0.031642 0.50073 -0.86502 -0.031641 0.82646 -0.5621 -0.031639 0.9885 -0.14785 -0.031638 0.95476 0.29569 -0.031636 0.73191 0.68066 -0.031635 0.3641 0.93082 -0.031635 -0.075824 0.99662 -0.031636 -0.50073 0.86502 -0.031637 -0.82646 0.5621 -0.031638 -0.9885 0.14785 -0.03164 -0.95476 -0.29569 -0.031641 -0.73191 -0.68066 -0.031642 -0.3641 -0.93082 0.031635 -0.075824 -0.99662 0.031635 0.3641 -0.93082 0.031636 0.73191 -0.68066 0.031638 0.95476 -0.29569 0.031639 0.9885 0.14785 0.031641 0.82646 0.5621 0.031642 0.50073 0.86502 0.031642 0.075824 0.99662 0.031642 -0.3641 0.93082 0.031641 -0.73191 0.68066 0.03164 -0.95476 0.29569 0.031638 -0.9885 -0.14785 0.031637 -0.82646 -0.5621 0.031636 -0.50073 -0.86502 -1 0 3.6732e-06 1 0 -3.6732e-06</float_array><technique_common><accessor source="#c15-na" count="262" stride="3"><param name="X" type="float"/><param name="Y" type="float"/><param name="Z" type="float"/></accessor></technique_common></source><vertices id="c15-v"><input semantic="POSITION" source="#c15-p"/><input semantic="NORMAL" source="#c15-n"/></vertices><triangles count="448" material="c15"><input semantic="VERTEX" source="#c15-v" offset="0"/><p>0 1 3 0 3 2 4 6 7 4 7 5 0 4 5 0 5 1 2 3 7 2 7 6 0 2 6 0 6 4 1 5 7 1 7 3 8 9 11 8 11 10 12 14 15 12 15 13 8 12 13 8 13 9 10 11 15 10 15 14 8 10 14 8 14 12 9 13 15 9 15 11 16 17 19 16 19 18 20 22 23 20 23 21 16 20 21 16 21 17 18 19 23 18 23 22 16 18 22 16 22 20 17 21 23 17 23 19 24 25 27 24 27 26 28 30 31 28 31 29 24 28 29 24 29 25 26 27 31 26 31 30 24 26 30 24 30 28 25 29 31 25 31 27 32 33 35 32 35 34 36 38 39 36 39 37 32 36 37 32 37 33 34 35 39 34 39 38 32 34 38 32 38 36 33 37 39 33 39 35 40 41 43 40 43 42 44 46 47 44 47 45 40 44 45 40 45 41 42 43 47 42 47 46 40 42 46 40 46 44 41 45 47 41 47 43 48 49 51 48 51 50 52 54 55 52 55 53 48 52 53 48 53 49 50 51 55 50 55 54 48 50 54 48 54 52 49 53 55 49 55 51 56 57 71 56 71 70 84 57 56 85 70 71 57 58 72 57 72 71 84 58 57 85 71 72 58 59 73 58 73 72 84 59 58 85 72 73 59 60 74 59 74 73 84 60 59 85 73 74 60 61 75 60 75 74 84 61 60 85 74 75 61 62 76 61 76 75 84 62 61 85 75 76 62 63 77 62 77 76 84 63 62 85 76 77 63 64 78 63 78 77 84 64 63 85 77 78 64 65 79 64 79 78 84 65 64 85 78 79 65 66 80 65 80 79 84 66 65 85 79 80 66 67 81 66 81 80 84 67 66 85 80 81 67 68 82 67 82 81 84 68 67 85 81 82 68 69 83 68 83 82 84 69 68 85 82 83 69 56 70 69 70 83 84 56 69 85 83 70 86 87 89 86 89 88 90 92 93 90 93 91 86 90 91 86 91 87 88 89 93 88 93 92 86 88 92 86 92 90 87 91 93 87 93 89 94 95 109 94 109 108 122 95 94 123 108 109 95 96 110 95 110 109 122 96 95 123 109 110 96 97 111 96 111 110 122 97 96 123 110 111 97 98 112 97 112 111 122 98 97 123 111 112 98 99 113 98 113 112 122 99 98 123 112 113 99 100 114 99 114 113 122 100 99 123 113 114 100 101 115 100 115 114 122 101 100 123 114 115 101 102 116 101 116 115 122 102 101 123 115 116 102 103 117 102 117 116 122 103 102 123 116 117 103 104 118 103 118 117 122 104 103 123 117 118 104 105 119 104 119 118 122 105 104 123 118 119 105 106 120 105 120 119 122 106 105 123 119 120 106 107 121 106 121 120 122 107 106 123 120 121 107 94 108 107 108 121 122 94 107 123 121 108 124 125 127 124 127 126 128 130 131 128 131 129 124 128 129 124 129 125 126 127 131 126 131 130 124 126 130 124 130 128 125 129 131 125 131 127 132 133 135 132 135 134 136 138 139 136 139 137 132 136 137 132 137 133 134 135 139 134 139 138 132 134 138 132 138 136 133 137 139 133 139 135 140 141 143 140 143 142 144 146 147 144 147 145 140 144 145 140 145 141 142 143 147 142 147 146 140 142 146 140 146 144 141 145 147 141 147 143 148 149 163 148 163 162 176 149 148 177 162 163 149 150 164 149 164 163 176 150 149 177 163 164 150 151 165 150 165 164 176 151 150 177 164 165 151 152 166 151 166 165 176 152 151 177 165 166 152 153 167 152 167 166 176 153 152 177 166 167 153 154 168 153 168 167 176 154 153 177 167 168 154 155 169 154 169 168 176 155 154 177 168 169 155 156 170 155 170 169 176 156 155 177 169 170 156 157 171 156 171 170 176 157 156 177 170 171 157 158 172 157 172 171 176 158 157 177 171 172 158 159 173 158 173 172 176 159 158 177 172 173 159 160 174 159 174 173 176 160 159 177 173 174 160 161 175 160 175 174 176 161 160 177 174 175 161 148 162 161 162 175 176 148 161 177 175 162 178 179 181 178 181 180 182 184 185 182 185 183 178 182 183 178 183 179 180 181 185 180 185 184 178 180 184 178 184 182 179 183 185 179 185 181 186 187 189 186 189 188 190 192 193 190 193 191 186 190 191 186 191 187 188 189 193 188 193 192 186 188 192 186 192 190 187 191 193 187 193 189 194 195 197 194 197 196 198 200 201 198 201 199 194 198 199 194 199 195 196 197 201 196 201 200 194 196 200 194 200 198 195 199 201 195 201 197 202 203 217 202 217 216 230 203 202 231 216 217 203 204 218 203 218 217 230 204 203 231 217 218 204 205 219 204 219 218 230 205 204 231 218 219 205 206 220 205 220 219 230 206 205 231 219 220 206 207 221 206 221 220 230 207 206 231 220 221 207 208 222 207 222 221 230 208 207 231 221 222 208 209 223 208 223 222 230 209 208 231 222 223 209 210 224 209 224 223 230 210 209 231 223 224 210 211 225 210 225 224 230 211 210 231 224 225 211 212 226 211 226 225 230 212 211 231 225 226 212 213 227 212 227 226 230 213 212 231 226 227 213 214 228 213 228 227 230 214 213 231 227 228 214 215 229 214 229 228 230 215 214 231 228 229 215 202 216 215 216 229 230 202 215 231 229 216 232 233 247 232 247 246 260 233 232 261 246 247 233 234 248 233 248 247 260 234 233 261 247 248 234 235 249 234 249 248 260 235 234 261 248 249 235 236 250 235 250 249 260 236 235 261 249 250 236 237 251 236 251 250 260 237 236 261 250 251 237 238 252 237 252 251 260 238 237 261 251 252 238 239 253 238 253 252 260 239 238 261 252 253 239 240 254 239 254 253 260 240 239 261 253 254 240 241 255 240 255 254 260 241 240 261 254 255 241 242 256 241 256 255 260 242 241 261 255 256 242 243 257 242 257 256 260 243 242 261 256 257 243 244 258 243 258 257 260 244 243 261 257 258 244 245 259 244 259 258 260 245 244 261 258 259 245 232 246 245 246 259 260 232 245 261 259 246</p></triangles></mesh></geometry>
<geometry id="c16-mesh"><mesh><source id="c16-p"><float_array id="c16-pa" count="192">-2.08 -0.78 1.425 -2.08 -0.78 1.475 -2.08 0.78 1.425 -2.08 0.78 1.475 -1.16 -0.78 1.425 -1.16 -0.78 1.475 -1.16 0.78 1.425 -1.16 0.78 1.475 -2.04 -0.46 1.5055 -2.04 -0.46 1.5105 -2.04 -0.44 1.5055 -2.04 -0.44 1.5105 -1.2 -0.46 1.5055 -1.2 -0.46 1.5105 -1.2 -0.44 1.5055 -1.2 -0.44 1.5105 -2.04 -0.01 1.5055 -2.04 -0.01 1.5105 -2.04 0.01 1.5055 -2.04 0.01 1.5105 -1.2 -0.01 1.5055 -1.2 -0.01 1.5105 -1.2 0.01 1.5055 -1.2 0.01 1.5105 -2.04 0.44 1.5055 -2.04 0.44 1.5105 -2.04 0.46 1.5055 -2.04 0.46 1.5105 -1.2 0.44 1.5055 -1.2 0.44 1.5105 -1.2 0.46 1.5055 -1.2 0.46 1.5105 -1.08 -0.78 1.425 -1.08 -0.78 1.475 -1.08 0.78 1.425 -1.08 0.78 1.475 -0.16 -0.78 1.425 -0.16 -0.78 1.475 -0.16 0.78 1.425 -0.16 0.78 1.475 -1.04 -0.46 1.5055 -1.04 -0.46 1.5105 -1.04 -0.44 1.5055 -1.04 -0.44 1.5105 -0.2 -0.46 1.5055 -0.2 -0.46 1.5105 -0.2 -0.44 1.5055 -0.2 -0.44 1.5105 -1.04 -0.01 1.5055 -1.04 -0.01 1.5105 -1.04 0.01 1.5055 -1.04 0.01 1.5105 -0.2 -0.01 1.5055 -0.2 -0.01 1.5105 -0.2 0.01 1.5055 -0.2 0.01 1.5105 -1.04 0.44 1.5055 -1.04 0.44 1.5105 -1.04 0.46 1.5055 -1.04 0.46 1.5105 -0.2 0.44 1.5055 -0.2 0.44 1.5105 -0.2 0.46 1.5055 -0.2 0.46 1.5105</float_array><technique_common><accessor source="#c16-pa" count="64" stride="3"><param name="X" type="float"/><param name="Y" type="float"/><param name="Z" type="float"/></accessor></technique_common></source><source id="c16-n"><float_array id="c16-na" count="192">-0.05424 -0.031988 -0.99802 -0.02716 -0.016018 0.9995 -0.054157 0.063877 -0.99649 -0.108 0.031847 0.99364 0.108 -0.031847 -0.99364 0.054157 -0.063877 0.99649 0.02716 0.016018 -0.9995 0.05424 0.031988 0.99802 -0.0057746 -0.24253 -0.97013 -0.0029532 -0.12403 0.99227 -0.0053239 0.44721 -0.89441 -0.011549 0.24252 0.97008 0.011549 -0.24252 -0.97008 0.0053239 -0.44721 0.89441 0.0029532 0.12403 -0.99227 0.0057746 0.24253 0.97013 -0.0057746 -0.24253 -0.97013 -0.0029532 -0.12403 0.99227 -0.0053239 0.44721 -0.89441 -0.011549 0.24252 0.97008 0.011549 -0.24252 -0.97008 0.0053239 -0.44721 0.89441 0.0029532 0.12403 -0.99227 0.0057746 0.24253 0.97013 -0.0057746 -0.24253 -0.97013 -0.0029532 -0.12403 0.99227 -0.0053239 0.44721 -0.89441 -0.011549 0.24252 0.97008 0.011549 -0.24252 -0.97008 0.0053239 -0.44721 0.89441 0.0029532 0.12403 -0.99227 0.0057746 0.24253 0.97013 -0.05424 -0.031988 -0.99802 -0.02716 -0.016018 0.9995 -0.054157 0.063877 -0.99649 -0.108 0.031847 0.99364 0.108 -0.031847 -0.99364 0.054157 -0.063877 0.99649 0.02716 0.016018 -0.9995 0.05424 0.031988 0.99802 -0.0057746 -0.24253 -0.97013 -0.0029532 -0.12403 0.99227 -0.0053239 0.44721 -0.89441 -0.011549 0.24252 0.97008 0.011549 -0.24252 -0.97008 0.0053239 -0.44721 0.89441 0.0029532 0.12403 -0.99227 0.0057746 0.24253 0.97013 -0.0057746 -0.24253 -0.97013 -0.0029532 -0.12403 0.99227 -0.0053239 0.44721 -0.89441 -0.011549 0.24252 0.97008 0.011549 -0.24252 -0.97008 0.0053239 -0.44721 0.89441 0.0029532 0.12403 -0.99227 0.0057746 0.24253 0.97013 -0.0057746 -0.24253 -0.97013 -0.0029532 -0.12403 0.99227 -0.0053239 0.44721 -0.89441 -0.011549 0.24252 0.97008 0.011549 -0.24252 -0.97008 0.0053239 -0.44721 0.89441 0.0029532 0.12403 -0.99227 0.0057746 0.24253 0.97013</float_array><technique_common><accessor source="#c16-na" count="64" stride="3"><param name="X" type="float"/><param name="Y" type="float"/><param name="Z" type="float"/></accessor></technique_common></source><vertices id="c16-v"><input semantic="POSITION" source="#c16-p"/><input semantic="NORMAL" source="#c16-n"/></vertices><triangles count="96" material="c16"><input semantic="VERTEX" source="#c16-v" offset="0"/><p>0 1 3 0 3 2 4 6 7 4 7 5 0 4 5 0 5 1 2 3 7 2 7 6 0 2 6 0 6 4 1 5 7 1 7 3 8 9 11 8 11 10 12 14 15 12 15 13 8 12 13 8 13 9 10 11 15 10 15 14 8 10 14 8 14 12 9 13 15 9 15 11 16 17 19 16 19 18 20 22 23 20 23 21 16 20 21 16 21 17 18 19 23 18 23 22 16 18 22 16 22 20 17 21 23 17 23 19 24 25 27 24 27 26 28 30 31 28 31 29 24 28 29 24 29 25 26 27 31 26 31 30 24 26 30 24 30 28 25 29 31 25 31 27 32 33 35 32 35 34 36 38 39 36 39 37 32 36 37 32 37 33 34 35 39 34 39 38 32 34 38 32 38 36 33 37 39 33 39 35 40 41 43 40 43 42 44 46 47 44 47 45 40 44 45 40 45 41 42 43 47 42 47 46 40 42 46 40 46 44 41 45 47 41 47 43 48 49 51 48 51 50 52 54 55 52 55 53 48 52 53 48 53 49 50 51 55 50 55 54 48 50 54 48 54 52 49 53 55 49 55 51 56 57 59 56 59 58 60 62 63 60 63 61 56 60 61 56 61 57 58 59 63 58 63 62 56 58 62 56 62 60 57 61 63 57 63 59</p></triangles></mesh></geometry>
<geometry id="c17-mesh"><mesh><source id="c17-p"><float_array id="c17-pa" count="48">-2.04 -0.74 1.475 -2.04 -0.74 1.505 -2.04 0.74 1.475 -2.04 0.74 1.505 -1.2 -0.74 1.475 -1.2 -0.74 1.505 -1.2 0.74 1.475 -1.2 0.74 1.505 -1.04 -0.74 1.475 -1.04 -0.74 1.505 -1.04 0.74 1.475 -1.04 0.74 1.505 -0.2 -0.74 1.475 -0.2 -0.74 1.505 -0.2 0.74 1.475 -0.2 0.74 1.505</float_array><technique_common><accessor source="#c17-pa" count="16" stride="3"><param name="X" type="float"/><param name="Y" type="float"/><param name="Z" type="float"/></accessor></technique_common></source><source id="c17-n"><float_array id="c17-na" count="48">-0.035684 -0.020253 -0.99916 -0.017853 -0.010133 0.99979 -0.035662 0.040481 -0.99854 -0.071232 0.020215 0.99725 0.071232 -0.020215 -0.99725 0.035662 -0.040481 0.99854 0.017853 0.010133 -0.99979 0.035684 0.020253 0.99916 -0.035684 -0.020253 -0.99916 -0.017853 -0.010133 0.99979 -0.035662 0.040481 -0.99854 -0.071232 0.020215 0.99725 0.071232 -0.020215 -0.99725 0.035662 -0.040481 0.99854 0.017853 0.010133 -0.99979 0.035684 0.020253 0.99916</float_array><technique_common><accessor source="#c17-na" count="16" stride="3"><param name="X" type="float"/><param name="Y" type="float"/><param name="Z" type="float"/></accessor></technique_common></source><vertices id="c17-v"><input semantic="POSITION" source="#c17-p"/><input semantic="NORMAL" source="#c17-n"/></vertices><triangles count="24" material="c17"><input semantic="VERTEX" source="#c17-v" offset="0"/><p>0 1 3 0 3 2 4 6 7 4 7 5 0 4 5 0 5 1 2 3 7 2 7 6 0 2 6 0 6 4 1 5 7 1 7 3 8 9 11 8 11 10 12 14 15 12 15 13 8 12 13 8 13 9 10 11 15 10 15 14 8 10 14 8 14 12 9 13 15 9 15 11</p></triangles></mesh></geometry>
<geometry id="c18-mesh"><mesh><source id="c18-p"><float_array id="c18-pa" count="24">-3.08 0.34 0.26 -3.08 0.34 0.7 -3.08 0.9 0.26 -3.08 0.9 0.7 -2.36 0.34 0.26 -2.36 0.34 0.7 -2.36 0.9 0.26 -2.36 0.9 0.7</float_array><technique_common><accessor source="#c18-pa" count="8" stride="3"><param name="X" type="float"/><param name="Y" type="float"/><param name="Z" type="float"/></accessor></technique_common></source><source id="c18-n"><float_array id="c18-na" count="24">-0.43312 -0.55687 -0.70874 -0.27355 -0.35171 0.89525 -0.31174 0.80162 -0.51012 -0.69293 0.44545 0.56694 0.69293 -0.44545 -0.56694 0.31174 -0.80162 0.51012 0.27355 0.35171 -0.89525 0.43312 0.55687 0.70874</float_array><technique_common><accessor source="#c18-na" count="8" stride="3"><param name="X" type="float"/><param name="Y" type="float"/><param name="Z" type="float"/></accessor></technique_common></source><vertices id="c18-v"><input semantic="POSITION" source="#c18-p"/><input semantic="NORMAL" source="#c18-n"/></vertices><triangles count="12" material="c18"><input semantic="VERTEX" source="#c18-v" offset="0"/><p>0 1 3 0 3 2 4 6 7 4 7 5 0 4 5 0 5 1 2 3 7 2 7 6 0 2 6 0 6 4 1 5 7 1 7 3</p></triangles></mesh></geometry>
<geometry id="c19-mesh"><mesh><source id="c19-p"><float_array id="c19-pa" count="90">-1.41 0.7 1.47 -1.41 0.7781 1.4878 -1.41 0.84073 1.5378 -1.41 0.87549 1.6099 -1.41 0.87549 1.6901 -1.41 0.84073 1.7622 -1.41 0.7781 1.8122 -1.41 0.7 1.83 -1.41 0.6219 1.8122 -1.41 0.55927 1.7622 -1.41 0.52451 1.6901 -1.41 0.52451 1.6099 -1.41 0.55927 1.5378 -1.41 0.6219 1.4878 -1.19 0.7 1.47 -1.19 0.7781 1.4878 -1.19 0.84073 1.5378 -1.19 0.87549 1.6099 -1.19 0.87549 1.6901 -1.19 0.84073 1.7622 -1.19 0.7781 1.8122 -1.19 0.7 1.83 -1.19 0.6219 1.8122 -1.19 0.55927 1.7622 -1.19 0.52451 1.6901 -1.19 0.52451 1.6099 -1.19 0.55927 1.5378 -1.19 0.6219 1.4878 -1.41 0.7 1.65 -1.19 0.7 1.65</float_array><technique_common><accessor source="#c19-pa" count="30" stride="3"><param name="X" type="float"/><param name="Y" type="float"/><param name="Z" type="float"/></accessor></technique_common></source><source id="c19-n"><float_array id="c19-na" count="90">-0.47779 0.066643 -0.87594 -0.47779 0.4401 -0.76028 -0.47779 0.72639 -0.49404 -0.47779 0.86881 -0.12994 -0.47779 0.83915 0.25989 -0.47779 0.64329 0.59825 -0.47778 0.32001 0.81812 -0.47778 -0.066643 0.87595 -0.47778 -0.4401 0.76028 -0.47779 -0.72639 0.49404 -0.47779 -0.86881 0.12995 -0.47779 -0.83915 -0.25989 -0.47779 -0.64329 -0.59824 -0.47779 -0.32001 -0.81811 0.47778 -0.066643 -0.87595 0.47778 0.32001 -0.81812 0.47779 0.64329 -0.59825 0.47779 0.83915 -0.25989 0.47779 0.86881 0.12994 0.47779 0.72639 0.49404 0.47779 0.4401 0.76028 0.47779 0.066643 0.87594 0.47779 -0.32001 0.81811 0.47779 -0.64329 0.59824 0.47779 -0.83915 0.25989 0.47779 -0.86881 -0.12995 0.47779 -0.72639 -0.49404 0.47778 -0.4401 -0.76028 -1 1.492e-21 3.6732e-06 1 -6.3885e-22 -3.6732e-06</float_array><technique_common><accessor source="#c19-na" count="30" stride="3"><param name="X" type="float"/><param name="Y" type="float"/><param name="Z" type="float"/></accessor></technique_common></source><vertices id="c19-v"><input semantic="POSITION" source="#c19-p"/><input semantic="NORMAL" source="#c19-n"/></vertices><triangles count="56" material="c19"><input semantic="VERTEX" source="#c19-v" offset="0"/><p>0 1 15 0 15 14 28 1 0 29 14 15 1 2 16 1 16 15 28 2 1 29 15 16 2 3 17 2 17 16 28 3 2 29 16 17 3 4 18 3 18 17 28 4 3 29 17 18 4 5 19 4 19 18 28 5 4 29 18 19 5 6 20 5 20 19 28 6 5 29 19 20 6 7 21 6 21 20 28 7 6 29 20 21 7 8 22 7 22 21 28 8 7 29 21 22 8 9 23 8 23 22 28 9 8 29 22 23 9 10 24 9 24 23 28 10 9 29 23 24 10 11 25 10 25 24 28 11 10 29 24 25 11 12 26 11 26 25 28 12 11 29 25 26 12 13 27 12 27 26 28 13 12 29 26 27 13 0 14 13 14 27 28 0 13 29 27 14</p></triangles></mesh></geometry>
<geometry id="c20-mesh"><mesh><source id="c20-p"><float_array id="c20-pa" count="360">2.01 0.975 -0.14 1.9743 0.975 0.016199 1.8745 0.975 0.14146 1.7301 0.975 0.21097 1.5699 0.975 0.21097 1.4255 0.975 0.14146 1.3257 0.975 0.016199 1.29 0.975 -0.14 1.3257 0.975 -0.2962 1.4255 0.975 -0.42146 1.5699 0.975 -0.49097 1.7301 0.975 -0.49097 1.8745 0.975 -0.42146 1.9743 0.975 -0.2962 2.01 0.745 -0.14 1.9743 0.745 0.016198 1.8745 0.745 0.14146 1.7301 0.745 0.21097 1.5699 0.745 0.21097 1.4255 0.745 0.14146 1.3257 0.745 0.016198 1.29 0.745 -0.14 1.3257 0.745 -0.2962 1.4255 0.745 -0.42146 1.5699 0.745 -0.49097 1.7301 0.745 -0.49097 1.8745 0.745 -0.42146 1.9743 0.745 -0.2962 1.65 0.975 -0.14 1.65 0.745 -0.14 2.01 -0.745 -0.14 1.9743 -0.745 0.016199 1.8745 -0.745 0.14146 1.7301 -0.745 0.21097 1.5699 -0.745 0.21097 1.4255 -0.745 0.14146 1.3257 -0.745 0.016199 1.29 -0.745 -0.14 1.3257 -0.745 -0.2962 1.4255 -0.745 -0.42146 1.5699 -0.745 -0.49097 1.7301 -0.745 -0.49097 1.8745 -0.745 -0.42146 1.9743 -0.745 -0.2962 2.01 -0.975 -0.14 1.9743 -0.975 0.016198 1.8745 -0.975 0.14146 1.7301 -0.975 0.21097 1.5699 -0.975 0.21097 1.4255 -0.975 0.14146 1.3257 -0.975 0.016198 1.29 -0.975 -0.14 1.3257 -0.975 -0.2962 1.4255 -0.975 -0.42146 1.5699 -0.975 -0.49097 1.7301 -0.975 -0.49097 1.8745 -0.975 -0.42146 1.9743 -0.975 -0.2962 1.65 -0.745 -0.14 1.65 -0.975 -0.14 -1.29 1.005 -0.14 -1.3257 1.005 0.016199 -1.4255 1.005 0.14146 -1.5699 1.005 0.21097 -1.7301 1.005 0.21097 -1.8745 1.005 0.14146 -1.9743 1.005 0.016199 -2.01 1.005 -0.14 -1.9743 1.005 -0.2962 -1.8745 1.005 -0.42146 -1.7301 1.005 -0.49097 -1.5699 1.005 -0.49097 -1.4255 1.005 -0.42146 -1.3257 1.005 -0.2962 -1.29 0.715 -0.14 -1.3257 0.715 0.016198 -1.4255 0.715 0.14146 -1.5699 0.715 0.21097 -1.7301 0.715 0.21097 -1.8745 0.715 0.14146 -1.9743 0.715 0.016198 -2.01 0.715 -0.14 -1.9743 0.715 -0.2962 -1.8745 0.715 -0.42146 -1.7301 0.715 -0.49097 -1.5699 0.715 -0.49097 -1.4255 0.715 -0.42146 -1.3257 0.715 -0.2962 -1.65 1.005 -0.14 -1.65 0.715 -0.14 -1.29 -0.715 -0.14 -1.3257 -0.715 0.016199 -1.4255 -0.715 0.14146 -1.5699 -0.715 0.21097 -1.7301 -0.715 0.21097 -1.8745 -0.715 0.14146 -1.9743 -0.715 0.016199 -2.01 -0.715 -0.14 -1.9743 -0.715 -0.2962 -1.8745 -0.715 -0.42146 -1.7301 -0.715 -0.49097 -1.5699 -0.715 -0.49097 -1.4255 -0.715 -0.42146 -1.3257 -0.715 -0.2962 -1.29 -1.005 -0.14 -1.3257 -1.005 0.016198 -1.4255 -1.005 0.14146 -1.5699 -1.005 0.21097 -1.7301 -1.005 0.21097 -1.8745 -1.005 0.14146 -1.9743 -1.005 0.016198 -2.01 -1.005 -0.14 -1.9743 -1.005 -0.2962 -1.8745 -1.005 -0.42146 -1.7301 -1.005 -0.49097 -1.5699 -1.005 -0.49097 -1.4255 -1.005 -0.42146 -1.3257 -1.005 -0.2962 -1.65 -0.715 -0.14 -1.65 -1.005 -0.14</float_array><technique_common><accessor source="#c20-pa" count="120" stride="3"><param name="X" type="float"/><param name="Y" type="float"/><param name="Z" type="float"/></accessor></technique_common></source><source id="c20-n"><float_array id="c20-na" count="360">0.69095 0.72099 0.052571 0.59971 0.72099 0.34716 0.3897 0.72099 0.57298 0.1025 0.72099 0.68533 -0.205 0.72099 0.66193 -0.4719 0.72099 0.50743 -0.64533 0.72099 0.25243 -0.69095 0.72099 -0.052566 -0.59971 0.72099 -0.34715 -0.3897 0.72099 -0.57298 -0.1025 0.72099 -0.68532 0.205 0.72099 -0.66192 0.4719 0.72099 -0.50743 0.64533 0.72099 -0.25243 0.69095 -0.72099 -0.052571 0.64533 -0.72099 0.25243 0.4719 -0.72099 0.50743 0.205 -0.72099 0.66192 -0.1025 -0.72099 0.68532 -0.3897 -0.72099 0.57298 -0.59971 -0.72099 0.34715 -0.69095 -0.72099 0.052566 -0.64533 -0.72099 -0.25243 -0.4719 -0.72099 -0.50743 -0.205 -0.72099 -0.66193 0.1025 -0.72099 -0.68533 0.3897 -0.72099 -0.57298 0.59971 -0.72099 -0.34716 -5.358e-23 1 3.6732e-06 5.358e-23 -1 -3.6732e-06 0.69095 0.72099 0.052571 0.59971 0.72099 0.34716 0.3897 0.72099 0.57298 0.1025 0.72099 0.68533 -0.205 0.72099 0.66193 -0.4719 0.72099 0.50743 -0.64533 0.72099 0.25243 -0.69095 0.72099 -0.052566 -0.59971 0.72099 -0.34715 -0.3897 0.72099 -0.57298 -0.1025 0.72099 -0.68532 0.205 0.72099 -0.66192 0.4719 0.72099 -0.50743 0.64533 0.72099 -0.25243 0.69095 -0.72099 -0.052571 0.64533 -0.72099 0.25243 0.4719 -0.72099 0.50743 0.205 -0.72099 0.66192 -0.1025 -0.72099 0.68532 -0.3897 -0.72099 0.57298 -0.59971 -0.72099 0.34715 -0.69095 -0.72099 0.052566 -0.64533 -0.72099 -0.25243 -0.4719 -0.72099 -0.50743 -0.205 -0.72099 -0.66193 0.1025 -0.72099 -0.68533 0.3897 -0.72099 -0.57298 0.59971 -0.72099 -0.34716 -5.358e-23 1 3.6732e-06 5.358e-23 -1 -3.6732e-06 0.76907 0.63648 0.058514 0.66752 0.63647 0.38641 0.43376 0.63647 0.63777 0.11409 0.63647 0.76281 -0.22818 0.63647 0.73677 -0.52526 0.63647 0.56481 -0.7183 0.63647 0.28097 -0.76907 0.63648 -0.05851 -0.66752 0.63648 -0.3864 -0.43376 0.63648 -0.63777 -0.11409 0.63648 -0.76281 0.22818 0.63648 -0.73677 0.52526 0.63648 -0.5648 0.7183 0.63648 -0.28097 0.76907 -0.63648 -0.058514 0.7183 -0.63648 0.28097 0.52526 -0.63648 0.5648 0.22818 -0.63648 0.73677 -0.11409 -0.63648 0.76281 -0.43376 -0.63648 0.63777 -0.66752 -0.63648 0.3864 -0.76907 -0.63648 0.05851 -0.7183 -0.63647 -0.28097 -0.52526 -0.63647 -0.56481 -0.22818 -0.63647 -0.73677 0.11409 -0.63647 -0.76281 0.43376 -0.63647 -0.63777 0.66752 -0.63647 -0.38641 -5.358e-23 1 3.6732e-06 9.4037e-23 -1 -3.6732e-06 0.76907 0.63648 0.058514 0.66752 0.63647 0.38641 0.43376 0.63647 0.63777 0.11409 0.63647 0.76281 -0.22818 0.63647 0.73677 -0.52526 0.63647 0.56481 -0.7183 0.63647 0.28097 -0.76907 0.63648 -0.05851 -0.66752 0.63648 -0.3864 -0.43376 0.63648 -0.63777 -0.11409 0.63648 -0.76281 0.22818 0.63648 -0.73677 0.52526 0.63648 -0.5648 0.7183 0.63648 -0.28097 0.76907 -0.63648 -0.058514 0.7183 -0.63648 0.28097 0.52526 -0.63648 0.5648 0.22818 -0.63648 0.73677 -0.11409 -0.63648 0.76281 -0.43376 -0.63648 0.63777 -0.66752 -0.63648 0.3864 -0.76907 -0.63648 0.05851 -0.7183 -0.63647 -0.28097 -0.52526 -0.63647 -0.56481 -0.22818 -0.63647 -0.73677 0.11409 -0.63647 -0.76281 0.43376 -0.63647 -0.63777 0.66752 -0.63647 -0.38641 -5.358e-23 1 3.6732e-06 9.4037e-23 -1 -3.6732e-06</float_array><technique_common><accessor source="#c20-na" count="120" stride="3"><param name="X" type="float"/><param name="Y" type="float"/><param name="Z" type="float"/></accessor></technique_common></source><vertices id="c20-v"><input semantic="POSITION" source="#c20-p"/><input semantic="NORMAL" source="#c20-n"/></vertices><triangles count="224" material="c20"><input semantic="VERTEX" source="#c20-v" offset="0"/><p>0 1 15 0 15 14 28 1 0 29 14 15 1 2 16 1 16 15 28 2 1 29 15 16 2 3 17 2 17 16 28 3 2 29 16 17 3 4 18 3 18 17 28 4 3 29 17 18 4 5 19 4 19 18 28 5 4 29 18 19 5 6 20 5 20 19 28 6 5 29 19 20 6 7 21 6 21 20 28 7 6 29 20 21 7 8 22 7 22 21 28 8 7 29 21 22 8 9 23 8 23 22 28 9 8 29 22 23 9 10 24 9 24 23 28 10 9 29 23 24 10 11 25 10 25 24 28 11 10 29 24 25 11 12 26 11 26 25 28 12 11 29 25 26 12 13 27 12 27 26 28 13 12 29 26 27 13 0 14 13 14 27 28 0 13 29 27 14 30 31 45 30 45 44 58 31 30 59 44 45 31 32 46 31 46 45 58 32 31 59 45 46 32 33 47 32 47 46 58 33 32 59 46 47 33 34 48 33 48 47 58 34 33 59 47 48 34 35 49 34 49 48 58 35 34 59 48 49 35 36 50 35 50 49 58 36 35 59 49 50 36 37 51 36 51 50 58 37 36 59 50 51 37 38 52 37 52 51 58 38 37 59 51 52 38 39 53 38 53 52 58 39 38 59 52 53 39 40 54 39 54 53 58 40 39 59 53 54 40 41 55 40 55 54 58 41 40 59 54 55 41 42 56 41 56 55 58 42 41 59 55 56 42 43 57 42 57 56 58 43 42 59 56 57 43 30 44 43 44 57 58 30 43 59 57 44 60 61 75 60 75 74 88 61 60 89 74 75 61 62 76 61 76 75 88 62 61 89 75 76 62 63 77 62 77 76 88 63 62 89 76 77 63 64 78 63 78 77 88 64 63 89 77 78 64 65 79 64 79 78 88 65 64 89 78 79 65 66 80 65 80 79 88 66 65 89 79 80 66 67 81 66 81 80 88 67 66 89 80 81 67 68 82 67 82 81 88 68 67 89 81 82 68 69 83 68 83 82 88 69 68 89 82 83 69 70 84 69 84 83 88 70 69 89 83 84 70 71 85 70 85 84 88 71 70 89 84 85 71 72 86 71 86 85 88 72 71 89 85 86 72 73 87 72 87 86 88 73 72 89 86 87 73 60 74 73 74 87 88 60 73 89 87 74 90 91 105 90 105 104 118 91 90 119 104 105 91 92 106 91 106 105 118 92 91 119 105 106 92 93 107 92 107 106 118 93 92 119 106 107 93 94 108 93 108 107 118 94 93 119 107 108 94 95 109 94 109 108 118 95 94 119 108 109 95 96 110 95 110 109 118 96 95 119 109 110 96 97 111 96 111 110 118 97 96 119 110 111 97 98 112 97 112 111 118 98 97 119 111 112 98 99 113 98 113 112 118 99 98 119 112 113 99 100 114 99 114 113 118 100 99 119 113 114 100 101 115 100 115 114 118 101 100 119 114 115 101 102 116 101 116 115 118 102 101 119 115 116 102 103 117 102 117 116 118 103 102 119 116 117 103 90 104 103 104 117 118 90 103 119 117 104</p></triangles></mesh></geometry>
<geometry id="c21-mesh"><mesh><source id="c21-p"><float_array id="c21-pa" count="360">1.865 0.97 -0.14 1.8437 0.97 -0.046715 1.7841 0.97 0.028094 1.6978 0.97 0.06961 1.6022 0.97 0.06961 1.5159 0.97 0.028094 1.4563 0.97 -0.046715 1.435 0.97 -0.14 1.4563 0.97 -0.23328 1.5159 0.97 -0.30809 1.6022 0.97 -0.34961 1.6978 0.97 -0.34961 1.7841 0.97 -0.30809 1.8437 0.97 -0.23328 1.865 0.94 -0.14 1.8437 0.94 -0.046715 1.7841 0.94 0.028094 1.6978 0.94 0.069609 1.6022 0.94 0.069609 1.5159 0.94 0.028094 1.4563 0.94 -0.046715 1.435 0.94 -0.14 1.4563 0.94 -0.23329 1.5159 0.94 -0.30809 1.6022 0.94 -0.34961 1.6978 0.94 -0.34961 1.7841 0.94 -0.30809 1.8437 0.94 -0.23329 1.65 0.97 -0.14 1.65 0.94 -0.14 1.865 -0.94 -0.14 1.8437 -0.94 -0.046715 1.7841 -0.94 0.028094 1.6978 -0.94 0.06961 1.6022 -0.94 0.06961 1.5159 -0.94 0.028094 1.4563 -0.94 -0.046715 1.435 -0.94 -0.14 1.4563 -0.94 -0.23328 1.5159 -0.94 -0.30809 1.6022 -0.94 -0.34961 1.6978 -0.94 -0.34961 1.7841 -0.94 -0.30809 1.8437 -0.94 -0.23328 1.865 -0.97 -0.14 1.8437 -0.97 -0.046715 1.7841 -0.97 0.028094 1.6978 -0.97 0.069609 1.6022 -0.97 0.069609 1.5159 -0.97 0.028094 1.4563 -0.97 -0.046715 1.435 -0.97 -0.14 1.4563 -0.97 -0.23329 1.5159 -0.97 -0.30809 1.6022 -0.97 -0.34961 1.6978 -0.97 -0.34961 1.7841 -0.97 -0.30809 1.8437 -0.97 -0.23329 1.65 -0.94 -0.14 1.65 -0.97 -0.14 -1.435 1 -0.14 -1.4563 1 -0.046715 -1.5159 1 0.028094 -1.6022 1 0.06961 -1.6978 1 0.06961 -1.7841 1 0.028094 -1.8437 1 -0.046715 -1.865 1 -0.14 -1.8437 1 -0.23328 -1.7841 1 -0.30809 -1.6978 1 -0.34961 -1.6022 1 -0.34961 -1.5159 1 -0.30809 -1.4563 1 -0.23328 -1.435 0.97 -0.14 -1.4563 0.97 -0.046715 -1.5159 0.97 0.028094 -1.6022 0.97 0.069609 -1.6978 0.97 0.069609 -1.7841 0.97 0.028094 -1.8437 0.97 -0.046715 -1.865 0.97 -0.14 -1.8437 0.97 -0.23329 -1.7841 0.97 -0.30809 -1.6978 0.97 -0.34961 -1.6022 0.97 -0.34961 -1.5159 0.97 -0.30809 -1.4563 0.97 -0.23329 -1.65 1 -0.14 -1.65 0.97 -0.14 -1.435 -0.97 -0.14 -1.4563 -0.97 -0.046715 -1.5159 -0.97 0.028094 -1.6022 -0.97 0.06961 -1.6978 -0.97 0.06961 -1.7841 -0.97 0.028094 -1.8437 -0.97 -0.046715 -1.865 -0.97 -0.14 -1.8437 -0.97 -0.23328 -1.7841 -0.97 -0.30809 -1.6978 -0.97 -0.34961 -1.6022 -0.97 -0.34961 -1.5159 -0.97 -0.30809 -1.4563 -0.97 -0.23328 -1.435 -1 -0.14 -1.4563 -1 -0.046715 -1.5159 -1 0.028094 -1.6022 -1 0.069609 -1.6978 -1 0.069609 -1.7841 -1 0.028094 -1.8437 -1 -0.046715 -1.865 -1 -0.14 -1.8437 -1 -0.23329 -1.7841 -1 -0.30809 -1.6978 -1 -0.34961 -1.6022 -1 -0.34961 -1.5159 -1 -0.30809 -1.4563 -1 -0.23329 -1.65 -0.97 -0.14 -1.65 -1 -0.14</float_array><technique_common><accessor source="#c21-pa" count="120" stride="3"><param name="X" type="float"/><param name="Y" type="float"/><param name="Z" type="float"/></accessor></technique_common></source><source id="c21-n"><float_array id="c21-na" count="360">0.20484 0.97867 0.015588 0.17779 0.97867 0.10292 0.11553 0.97867 0.16987 0.030387 0.97867 0.20317 -0.060774 0.97867 0.19624 -0.1399 0.97867 0.15044 -0.19131 0.97867 0.074839 -0.20484 0.97867 -0.015581 -0.17779 0.97867 -0.10291 -0.11553 0.97867 -0.16986 -0.030387 0.97867 -0.20317 0.060774 0.97867 -0.19623 0.1399 0.97867 -0.15043 0.19131 0.97867 -0.074831 0.20484 -0.97867 -0.015588 0.19131 -0.97867 0.074831 0.1399 -0.97867 0.15043 0.060774 -0.97867 0.19623 -0.030387 -0.97867 0.20317 -0.11553 -0.97867 0.16986 -0.17779 -0.97867 0.10291 -0.20484 -0.97867 0.015581 -0.19131 -0.97867 -0.074839 -0.1399 -0.97867 -0.15044 -0.060774 -0.97867 -0.19624 0.030387 -0.97867 -0.20317 0.11553 -0.97867 -0.16987 0.17779 -0.97867 -0.10292 6.7742e-23 1 3.6732e-06 -4.4175e-23 -1 -3.6732e-06 0.20484 0.97867 0.015588 0.17779 0.97867 0.10292 0.11553 0.97867 0.16987 0.030387 0.97867 0.20317 -0.060774 0.97867 0.19624 -0.1399 0.97867 0.15044 -0.19131 0.97867 0.074839 -0.20484 0.97867 -0.015581 -0.17779 0.97867 -0.10291 -0.11553 0.97867 -0.16986 -0.030387 0.97867 -0.20317 0.060774 0.97867 -0.19623 0.1399 0.97867 -0.15043 0.19131 0.97867 -0.074831 0.20484 -0.97867 -0.015588 0.19131 -0.97867 0.074831 0.1399 -0.97867 0.15043 0.060774 -0.97867 0.19623 -0.030387 -0.97867 0.20317 -0.11553 -0.97867 0.16986 -0.17779 -0.97867 0.10291 -0.20484 -0.97867 0.015581 -0.19131 -0.97867 -0.074839 -0.1399 -0.97867 -0.15044 -0.060774 -0.97867 -0.19624 0.030387 -0.97867 -0.20317 0.11553 -0.97867 -0.16987 0.17779 -0.97867 -0.10292 6.7742e-23 1 3.6732e-06 -4.4175e-23 -1 -3.6732e-06 0.20484 0.97867 0.015588 0.17779 0.97867 0.10292 0.11553 0.97867 0.16987 0.030387 0.97867 0.20317 -0.060774 0.97867 0.19624 -0.1399 0.97867 0.15044 -0.19131 0.97867 0.074839 -0.20484 0.97867 -0.015581 -0.17779 0.97867 -0.10291 -0.11553 0.97867 -0.16986 -0.030387 0.97867 -0.20317 0.060774 0.97867 -0.19623 0.1399 0.97867 -0.15043 0.19131 0.97867 -0.074831 0.20484 -0.97867 -0.015588 0.19131 -0.97867 0.074831 0.1399 -0.97867 0.15043 0.060774 -0.97867 0.19623 -0.030387 -0.97867 0.20317 -0.11553 -0.97867 0.16986 -0.17779 -0.97867 0.10291 -0.20484 -0.97867 0.015581 -0.19131 -0.97867 -0.074839 -0.1399 -0.97867 -0.15044 -0.060774 -0.97867 -0.19624 0.030387 -0.97867 -0.20317 0.11553 -0.97867 -0.16987 0.17779 -0.97867 -0.10292 6.7742e-23 1 3.6732e-06 -4.4175e-23 -1 -3.6732e-06 0.20484 0.97867 0.015588 0.17779 0.97867 0.10292 0.11553 0.97867 0.16987 0.030387 0.97867 0.20317 -0.060774 0.97867 0.19624 -0.1399 0.97867 0.15044 -0.19131 0.97867 0.074839 -0.20484 0.97867 -0.015581 -0.17779 0.97867 -0.10291 -0.11553 0.97867 -0.16986 -0.030387 0.97867 -0.20317 0.060774 0.97867 -0.19623 0.1399 0.97867 -0.15043 0.19131 0.97867 -0.074831 0.20484 -0.97867 -0.015588 0.19131 -0.97867 0.074831 0.1399 -0.97867 0.15043 0.060774 -0.97867 0.19623 -0.030387 -0.97867 0.20317 -0.11553 -0.97867 0.16986 -0.17779 -0.97867 0.10291 -0.20484 -0.97867 0.015581 -0.19131 -0.97867 -0.074839 -0.1399 -0.97867 -0.15044 -0.060774 -0.97867 -0.19624 0.030387 -0.97867 -0.20317 0.11553 -0.97867 -0.16987 0.17779 -0.97867 -0.10292 6.7742e-23 1 3.6732e-06 -6.7742e-23 -1 -3.6732e-06</float_array><technique_common><accessor source="#c21-na" count="120" stride="3"><param name="X" type="float"/><param name="Y" type="float"/><param name="Z" type="float"/></accessor></technique_common></source><vertices id="c21-v"><input semantic="POSITION" source="#c21-p"/><input semantic="NORMAL" source="#c21-n"/></vertices><triangles count="224" material="c21"><input semantic="VERTEX" source="#c21-v" offset="0"/><p>0 1 15 0 15 14 28 1 0 29 14 15 1 2 16 1 16 15 28 2 1 29 15 16 2 3 17 2 17 16 28 3 2 29 16 17 3 4 18 3 18 17 28 4 3 29 17 18 4 5 19 4 19 18 28 5 4 29 18 19 5 6 20 5 20 19 28 6 5 29 19 20 6 7 21 6 21 20 28 7 6 29 20 21 7 8 22 7 22 21 28 8 7 29 21 22 8 9 23 8 23 22 28 9 8 29 22 23 9 10 24 9 24 23 28 10 9 29 23 24 10 11 25 10 25 24 28 11 10 29 24 25 11 12 26 11 26 25 28 12 11 29 25 26 12 13 27 12 27 26 28 13 12 29 26 27 13 0 14 13 14 27 28 0 13 29 27 14 30 31 45 30 45 44 58 31 30 59 44 45 31 32 46 31 46 45 58 32 31 59 45 46 32 33 47 32 47 46 58 33 32 59 46 47 33 34 48 33 48 47 58 34 33 59 47 48 34 35 49 34 49 48 58 35 34 59 48 49 35 36 50 35 50 49 58 36 35 59 49 50 36 37 51 36 51 50 58 37 36 59 50 51 37 38 52 37 52 51 58 38 37 59 51 52 38 39 53 38 53 52 58 39 38 59 52 53 39 40 54 39 54 53 58 40 39 59 53 54 40 41 55 40 55 54 58 41 40 59 54 55 41 42 56 41 56 55 58 42 41 59 55 56 42 43 57 42 57 56 58 43 42 59 56 57 43 30 44 43 44 57 58 30 43 59 57 44 60 61 75 60 75 74 88 61 60 89 74 75 61 62 76 61 76 75 88 62 61 89 75 76 62 63 77 62 77 76 88 63 62 89 76 77 63 64 78 63 78 77 88 64 63 89 77 78 64 65 79 64 79 78 88 65 64 89 78 79 65 66 80 65 80 79 88 66 65 89 79 80 66 67 81 66 81 80 88 67 66 89 80 81 67 68 82 67 82 81 88 68 67 89 81 82 68 69 83 68 83 82 88 69 68 89 82 83 69 70 84 69 84 83 88 70 69 89 83 84 70 71 85 70 85 84 88 71 70 89 84 85 71 72 86 71 86 85 88 72 71 89 85 86 72 73 87 72 87 86 88 73 72 89 86 87 73 60 74 73 74 87 88 60 73 89 87 74 90 91 105 90 105 104 118 91 90 119 104 105 91 92 106 91 106 105 118 92 91 119 105 106 92 93 107 92 107 106 118 93 92 119 106 107 93 94 108 93 108 107 118 94 93 119 107 108 94 95 109 94 109 108 118 95 94 119 108 109 95 96 110 95 110 109 118 96 95 119 109 110 96 97 111 96 111 110 118 97 96 119 110 111 97 98 112 97 112 111 118 98 97 119 111 112 98 99 113 98 113 112 118 99 98 119 112 113 99 100 114 99 114 113 118 100 99 119 113 114 100 101 115 100 115 114 118 101 100 119 114 115 101 102 116 101 116 115 118 102 101 119 115 116 102 103 117 102 117 116 118 103 102 119 116 117 103 90 104 103 104 117 118 90 103 119 117 104</p></triangles></mesh></geometry>
<geometry id="c22-mesh"><mesh><source id="c22-p"><float_array id="c22-pa" count="2880">1.735 0.9975 -0.14 1.7266 0.9975 -0.10312 1.703 0.9975 -0.073544 1.6689 0.9975 -0.057131 1.6311 0.9975 -0.057131 1.597 0.9975 -0.073544 1.5734 0.9975 -0.10312 1.565 0.9975 -0.14 1.5734 0.9975 -0.17688 1.597 0.9975 -0.20646 1.6311 0.9975 -0.22287 1.6689 0.9975 -0.22287 1.703 0.9975 -0.20646 1.7266 0.9975 -0.17688 1.735 0.9625 -0.14 1.7266 0.9625 -0.10312 1.703 0.9625 -0.073544 1.6689 0.9625 -0.057131 1.6311 0.9625 -0.057131 1.597 0.9625 -0.073544 1.5734 0.9625 -0.10312 1.565 0.9625 -0.14 1.5734 0.9625 -0.17688 1.597 0.9625 -0.20646 1.6311 0.9625 -0.22287 1.6689 0.9625 -0.22287 1.703 0.9625 -0.20646 1.7266 0.9625 -0.17688 1.65 0.9975 -0.14 1.65 0.9625 -0.14 1.83 0.98 -0.14 1.8265 0.98 -0.12481 1.8168 0.98 -0.11264 1.8028 0.98 -0.10588 1.7872 0.98 -0.10588 1.7732 0.98 -0.11264 1.7635 0.98 -0.12481 1.76 0.98 -0.14 1.7635 0.98 -0.15519 1.7732 0.98 -0.16736 1.7872 0.98 -0.17412 1.8028 0.98 -0.17412 1.8168 0.98 -0.16736 1.8265 0.98 -0.15519 1.83 0.96 -0.14 1.8265 0.96 -0.12481 1.8168 0.96 -0.11264 1.8028 0.96 -0.10588 1.7872 0.96 -0.10588 1.7732 0.96 -0.11264 1.7635 0.96 -0.12481 1.76 0.96 -0.14 1.7635 0.96 -0.15519 1.7732 0.96 -0.16736 1.7872 0.96 -0.17412 1.8028 0.96 -0.17412 1.8168 0.96 -0.16736 1.8265 0.96 -0.15519 1.795 0.98 -0.14 1.795 0.96 -0.14 1.7575 0.98 -0.0144 1.754 0.98 0.00078597 1.7443 0.98 0.012964 1.7303 0.98 0.019723 1.7147 0.98 0.019723 1.7007 0.98 0.012964 1.691 0.98 0.00078597 1.6875 0.98 -0.0144 1.691 0.98 -0.029586 1.7007 0.98 -0.041764 1.7147 0.98 -0.048522 1.7303 0.98 -0.048522 1.7443 0.98 -0.041764 1.754 0.98 -0.029586 1.7575 0.96 -0.0144 1.754 0.96 0.00078589 1.7443 0.96 0.012964 1.7303 0.96 0.019722 1.7147 0.96 0.019722 1.7007 0.96 0.012964 1.691 0.96 0.00078589 1.6875 0.96 -0.0144 1.691 0.96 -0.029586 1.7007 0.96 -0.041764 1.7147 0.96 -0.048523 1.7303 0.96 -0.048523 1.7443 0.96 -0.041764 1.754 0.96 -0.029586 1.7225 0.98 -0.0144 1.7225 0.96 -0.0144 1.6125 0.98 -0.0144 1.609 0.98 0.00078597 1.5993 0.98 0.012964 1.5853 0.98 0.019723 1.5697 0.98 0.019723 1.5557 0.98 0.012964 1.546 0.98 0.00078597 1.5425 0.98 -0.0144 1.546 0.98 -0.029586 1.5557 0.98 -0.041764 1.5697 0.98 -0.048522 1.5853 0.98 -0.048522 1.5993 0.98 -0.041764 1.609 0.98 -0.029586 1.6125 0.96 -0.0144 1.609 0.96 0.00078589 1.5993 0.96 0.012964 1.5853 0.96 0.019722 1.5697 0.96 0.019722 1.5557 0.96 0.012964 1.546 0.96 0.00078589 1.5425 0.96 -0.0144 1.546 0.96 -0.029586 1.5557 0.96 -0.041764 1.5697 0.96 -0.048523 1.5853 0.96 -0.048523 1.5993 0.96 -0.041764 1.609 0.96 -0.029586 1.5775 0.98 -0.0144 1.5775 0.96 -0.0144 1.54 0.98 -0.14 1.5365 0.98 -0.12481 1.5268 0.98 -0.11264 1.5128 0.98 -0.10588 1.4972 0.98 -0.10588 1.4832 0.98 -0.11264 1.4735 0.98 -0.12481 1.47 0.98 -0.14 1.4735 0.98 -0.15519 1.4832 0.98 -0.16736 1.4972 0.98 -0.17412 1.5128 0.98 -0.17412 1.5268 0.98 -0.16736 1.5365 0.98 -0.15519 1.54 0.96 -0.14 1.5365 0.96 -0.12481 1.5268 0.96 -0.11264 1.5128 0.96 -0.10588 1.4972 0.96 -0.10588 1.4832 0.96 -0.11264 1.4735 0.96 -0.12481 1.47 0.96 -0.14 1.4735 0.96 -0.15519 1.4832 0.96 -0.16736 1.4972 0.96 -0.17412 1.5128 0.96 -0.17412 1.5268 0.96 -0.16736 1.5365 0.96 -0.15519 1.505 0.98 -0.14 1.505 0.96 -0.14 1.6125 0.98 -0.2656 1.609 0.98 -0.25041 1.5993 0.98 -0.23824 1.5853 0.98 -0.23148 1.5697 0.98 -0.23148 1.5557 0.98 -0.23824 1.546 0.98 -0.25041 1.5425 0.98 -0.2656 1.546 0.98 -0.28079 1.5557 0.98 -0.29296 1.5697 0.98 -0.29972 1.5853 0.98 -0.29972 1.5993 0.98 -0.29296 1.609 0.98 -0.28079 1.6125 0.96 -0.2656 1.609 0.96 -0.25041 1.5993 0.96 -0.23824 1.5853 0.96 -0.23148 1.5697 0.96 -0.23148 1.5557 0.96 -0.23824 1.546 0.96 -0.25041 1.5425 0.96 -0.2656 1.546 0.96 -0.28079 1.5557 0.96 -0.29296 1.5697 0.96 -0.29972 1.5853 0.96 -0.29972 1.5993 0.96 -0.29296 1.609 0.96 -0.28079 1.5775 0.98 -0.2656 1.5775 0.96 -0.2656 1.7575 0.98 -0.2656 1.754 0.98 -0.25041 1.7443 0.98 -0.23824 1.7303 0.98 -0.23148 1.7147 0.98 -0.23148 1.7007 0.98 -0.23824 1.691 0.98 -0.25041 1.6875 0.98 -0.2656 1.691 0.98 -0.28079 1.7007 0.98 -0.29296 1.7147 0.98 -0.29972 1.7303 0.98 -0.29972 1.7443 0.98 -0.29296 1.754 0.98 -0.28079 1.7575 0.96 -0.2656 1.754 0.96 -0.25041 1.7443 0.96 -0.23824 1.7303 0.96 -0.23148 1.7147 0.96 -0.23148 1.7007 0.96 -0.23824 1.691 0.96 -0.25041 1.6875 0.96 -0.2656 1.691 0.96 -0.28079 1.7007 0.96 -0.29296 1.7147 0.96 -0.29972 1.7303 0.96 -0.29972 1.7443 0.96 -0.29296 1.754 0.96 -0.28079 1.7225 0.98 -0.2656 1.7225 0.96 -0.2656 1.735 -0.9625 -0.14 1.7266 -0.9625 -0.10312 1.703 -0.9625 -0.073544 1.6689 -0.9625 -0.057131 1.6311 -0.9625 -0.057131 1.597 -0.9625 -0.073544 1.5734 -0.9625 -0.10312 1.565 -0.9625 -0.14 1.5734 -0.9625 -0.17688 1.597 -0.9625 -0.20646 1.6311 -0.9625 -0.22287 1.6689 -0.9625 -0.22287 1.703 -0.9625 -0.20646 1.7266 -0.9625 -0.17688 1.735 -0.9975 -0.14 1.7266 -0.9975 -0.10312 1.703 -0.9975 -0.073544 1.6689 -0.9975 -0.057131 1.6311 -0.9975 -0.057131 1.597 -0.9975 -0.073544 1.5734 -0.9975 -0.10312 1.565 -0.9975 -0.14 1.5734 -0.9975 -0.17688 1.597 -0.9975 -0.20646 1.6311 -0.9975 -0.22287 1.6689 -0.9975 -0.22287 1.703 -0.9975 -0.20646 1.7266 -0.9975 -0.17688 1.65 -0.9625 -0.14 1.65 -0.9975 -0.14 1.83 -0.96 -0.14 1.8265 -0.96 -0.12481 1.8168 -0.96 -0.11264 1.8028 -0.96 -0.10588 1.7872 -0.96 -0.10588 1.7732 -0.96 -0.11264 1.7635 -0.96 -0.12481 1.76 -0.96 -0.14 1.7635 -0.96 -0.15519 1.7732 -0.96 -0.16736 1.7872 -0.96 -0.17412 1.8028 -0.96 -0.17412 1.8168 -0.96 -0.16736 1.8265 -0.96 -0.15519 1.83 -0.98 -0.14 1.8265 -0.98 -0.12481 1.8168 -0.98 -0.11264 1.8028 -0.98 -0.10588 1.7872 -0.98 -0.10588 1.7732 -0.98 -0.11264 1.7635 -0.98 -0.12481 1.76 -0.98 -0.14 1.7635 -0.98 -0.15519 1.7732 -0.98 -0.16736 1.7872 -0.98 -0.17412 1.8028 -0.98 -0.17412 1.8168 -0.98 -0.16736 1.8265 -0.98 -0.15519 1.795 -0.96 -0.14 1.795 -0.98 -0.14 1.7575 -0.96 -0.0144 1.754 -0.96 0.00078597 1.7443 -0.96 0.012964 1.7303 -0.96 0.019723 1.7147 -0.96 0.019723 1.7007 -0.96 0.012964 1.691 -0.96 0.00078597 1.6875 -0.96 -0.0144 1.691 -0.96 -0.029586 1.7007 -0.96 -0.041764 1.7147 -0.96 -0.048522 1.7303 -0.96 -0.048522 1.7443 -0.96 -0.041764 1.754 -0.96 -0.029586 1.7575 -0.98 -0.0144 1.754 -0.98 0.00078589 1.7443 -0.98 0.012964 1.7303 -0.98 0.019722 1.7147 -0.98 0.019722 1.7007 -0.98 0.012964 1.691 -0.98 0.00078589 1.6875 -0.98 -0.0144 1.691 -0.98 -0.029586 1.7007 -0.98 -0.041764 1.7147 -0.98 -0.048523 1.7303 -0.98 -0.048523 1.7443 -0.98 -0.041764 1.754 -0.98 -0.029586 1.7225 -0.96 -0.0144 1.7225 -0.98 -0.0144 1.6125 -0.96 -0.0144 1.609 -0.96 0.00078597 1.5993 -0.96 0.012964 1.5853 -0.96 0.019723 1.5697 -0.96 0.019723 1.5557 -0.96 0.012964 1.546 -0.96 0.00078597 1.5425 -0.96 -0.0144 1.546 -0.96 -0.029586 1.5557 -0.96 -0.041764 1.5697 -0.96 -0.048522 1.5853 -0.96 -0.048522 1.5993 -0.96 -0.041764 1.609 -0.96 -0.029586 1.6125 -0.98 -0.0144 1.609 -0.98 0.00078589 1.5993 -0.98 0.012964 1.5853 -0.98 0.019722 1.5697 -0.98 0.019722 1.5557 -0.98 0.012964 1.546 -0.98 0.00078589 1.5425 -0.98 -0.0144 1.546 -0.98 -0.029586 1.5557 -0.98 -0.041764 1.5697 -0.98 -0.048523 1.5853 -0.98 -0.048523 1.5993 -0.98 -0.041764 1.609 -0.98 -0.029586 1.5775 -0.96 -0.0144 1.5775 -0.98 -0.0144 1.54 -0.96 -0.14 1.5365 -0.96 -0.12481 1.5268 -0.96 -0.11264 1.5128 -0.96 -0.10588 1.4972 -0.96 -0.10588 1.4832 -0.96 -0.11264 1.4735 -0.96 -0.12481 1.47 -0.96 -0.14 1.4735 -0.96 -0.15519 1.4832 -0.96 -0.16736 1.4972 -0.96 -0.17412 1.5128 -0.96 -0.17412 1.5268 -0.96 -0.16736 1.5365 -0.96 -0.15519 1.54 -0.98 -0.14 1.5365 -0.98 -0.12481 1.5268 -0.98 -0.11264 1.5128 -0.98 -0.10588 1.4972 -0.98 -0.10588 1.4832 -0.98 -0.11264 1.4735 -0.98 -0.12481 1.47 -0.98 -0.14 1.4735 -0.98 -0.15519 1.4832 -0.98 -0.16736 1.4972 -0.98 -0.17412 1.5128 -0.98 -0.17412 1.5268 -0.98 -0.16736 1.5365 -0.98 -0.15519 1.505 -0.96 -0.14 1.505 -0.98 -0.14 1.6125 -0.96 -0.2656 1.609 -0.96 -0.25041 1.5993 -0.96 -0.23824 1.5853 -0.96 -0.23148 1.5697 -0.96 -0.23148 1.5557 -0.96 -0.23824 1.546 -0.96 -0.25041 1.5425 -0.96 -0.2656 1.546 -0.96 -0.28079 1.5557 -0.96 -0.29296 1.5697 -0.96 -0.29972 1.5853 -0.96 -0.29972 1.5993 -0.96 -0.29296 1.609 -0.96 -0.28079 1.6125 -0.98 -0.2656 1.609 -0.98 -0.25041 1.5993 -0.98 -0.23824 1.5853 -0.98 -0.23148 1.5697 -0.98 -0.23148 1.5557 -0.98 -0.23824 1.546 -0.98 -0.25041 1.5425 -0.98 -0.2656 1.546 -0.98 -0.28079 1.5557 -0.98 -0.29296 1.5697 -0.98 -0.29972 1.5853 -0.98 -0.29972 1.5993 -0.98 -0.29296 1.609 -0.98 -0.28079 1.5775 -0.96 -0.2656 1.5775 -0.98 -0.2656 1.7575 -0.96 -0.2656 1.754 -0.96 -0.25041 1.7443 -0.96 -0.23824 1.7303 -0.96 -0.23148 1.7147 -0.96 -0.23148 1.7007 -0.96 -0.23824 1.691 -0.96 -0.25041 1.6875 -0.96 -0.2656 1.691 -0.96 -0.28079 1.7007 -0.96 -0.29296 1.7147 -0.96 -0.29972 1.7303 -0.96 -0.29972 1.7443 -0.96 -0.29296 1.754 -0.96 -0.28079 1.7575 -0.98 -0.2656 1.754 -0.98 -0.25041 1.7443 -0.98 -0.23824 1.7303 -0.98 -0.23148 1.7147 -0.98 -0.23148 1.7007 -0.98 -0.23824 1.691 -0.98 -0.25041 1.6875 -0.98 -0.2656 1.691 -0.98 -0.28079 1.7007 -0.98 -0.29296 1.7147 -0.98 -0.29972 1.7303 -0.98 -0.29972 1.7443 -0.98 -0.29296 1.754 -0.98 -0.28079 1.7225 -0.96 -0.2656 1.7225 -0.98 -0.2656 -1.565 1.0275 -0.14 -1.5734 1.0275 -0.10312 -1.597 1.0275 -0.073544 -1.6311 1.0275 -0.057131 -1.6689 1.0275 -0.057131 -1.703 1.0275 -0.073544 -1.7266 1.0275 -0.10312 -1.735 1.0275 -0.14 -1.7266 1.0275 -0.17688 -1.703 1.0275 -0.20646 -1.6689 1.0275 -0.22287 -1.6311 1.0275 -0.22287 -1.597 1.0275 -0.20646 -1.5734 1.0275 -0.17688 -1.565 0.9925 -0.14 -1.5734 0.9925 -0.10312 -1.597 0.9925 -0.073544 -1.6311 0.9925 -0.057131 -1.6689 0.9925 -0.057131 -1.703 0.9925 -0.073544 -1.7266 0.9925 -0.10312 -1.735 0.9925 -0.14 -1.7266 0.9925 -0.17688 -1.703 0.9925 -0.20646 -1.6689 0.9925 -0.22287 -1.6311 0.9925 -0.22287 -1.597 0.9925 -0.20646 -1.5734 0.9925 -0.17688 -1.65 1.0275 -0.14 -1.65 0.9925 -0.14 -1.47 1.01 -0.14 -1.4735 1.01 -0.12481 -1.4832 1.01 -0.11264 -1.4972 1.01 -0.10588 -1.5128 1.01 -0.10588 -1.5268 1.01 -0.11264 -1.5365 1.01 -0.12481 -1.54 1.01 -0.14 -1.5365 1.01 -0.15519 -1.5268 1.01 -0.16736 -1.5128 1.01 -0.17412 -1.4972 1.01 -0.17412 -1.4832 1.01 -0.16736 -1.4735 1.01 -0.15519 -1.47 0.99 -0.14 -1.4735 0.99 -0.12481 -1.4832 0.99 -0.11264 -1.4972 0.99 -0.10588 -1.5128 0.99 -0.10588 -1.5268 0.99 -0.11264 -1.5365 0.99 -0.12481 -1.54 0.99 -0.14 -1.5365 0.99 -0.15519 -1.5268 0.99 -0.16736 -1.5128 0.99 -0.17412 -1.4972 0.99 -0.17412 -1.4832 0.99 -0.16736 -1.4735 0.99 -0.15519 -1.505 1.01 -0.14 -1.505 0.99 -0.14 -1.5425 1.01 -0.0144 -1.546 1.01 0.00078597 -1.5557 1.01 0.012964 -1.5697 1.01 0.019723 -1.5853 1.01 0.019723 -1.5993 1.01 0.012964 -1.609 1.01 0.00078597 -1.6125 1.01 -0.0144 -1.609 1.01 -0.029586 -1.5993 1.01 -0.041764 -1.5853 1.01 -0.048522 -1.5697 1.01 -0.048522 -1.5557 1.01 -0.041764 -1.546 1.01 -0.029586 -1.5425 0.99 -0.0144 -1.546 0.99 0.00078589 -1.5557 0.99 0.012964 -1.5697 0.99 0.019722 -1.5853 0.99 0.019722 -1.5993 0.99 0.012964 -1.609 0.99 0.00078589 -1.6125 0.99 -0.0144 -1.609 0.99 -0.029586 -1.5993 0.99 -0.041764 -1.5853 0.99 -0.048523 -1.5697 0.99 -0.048523 -1.5557 0.99 -0.041764 -1.546 0.99 -0.029586 -1.5775 1.01 -0.0144 -1.5775 0.99 -0.0144 -1.6875 1.01 -0.0144 -1.691 1.01 0.00078597 -1.7007 1.01 0.012964 -1.7147 1.01 0.019723 -1.7303 1.01 0.019723 -1.7443 1.01 0.012964 -1.754 1.01 0.00078597 -1.7575 1.01 -0.0144 -1.754 1.01 -0.029586 -1.7443 1.01 -0.041764 -1.7303 1.01 -0.048522 -1.7147 1.01 -0.048522 -1.7007 1.01 -0.041764 -1.691 1.01 -0.029586 -1.6875 0.99 -0.0144 -1.691 0.99 0.00078589 -1.7007 0.99 0.012964 -1.7147 0.99 0.019722 -1.7303 0.99 0.019722 -1.7443 0.99 0.012964 -1.754 0.99 0.00078589 -1.7575 0.99 -0.0144 -1.754 0.99 -0.029586 -1.7443 0.99 -0.041764 -1.7303 0.99 -0.048523 -1.7147 0.99 -0.048523 -1.7007 0.99 -0.041764 -1.691 0.99 -0.029586 -1.7225 1.01 -0.0144 -1.7225 0.99 -0.0144 -1.76 1.01 -0.14 -1.7635 1.01 -0.12481 -1.7732 1.01 -0.11264 -1.7872 1.01 -0.10588 -1.8028 1.01 -0.10588 -1.8168 1.01 -0.11264 -1.8265 1.01 -0.12481 -1.83 1.01 -0.14 -1.8265 1.01 -0.15519 -1.8168 1.01 -0.16736 -1.8028 1.01 -0.17412 -1.7872 1.01 -0.17412 -1.7732 1.01 -0.16736 -1.7635 1.01 -0.15519 -1.76 0.99 -0.14 -1.7635 0.99 -0.12481 -1.7732 0.99 -0.11264 -1.7872 0.99 -0.10588 -1.8028 0.99 -0.10588 -1.8168 0.99 -0.11264 -1.8265 0.99 -0.12481 -1.83 0.99 -0.14 -1.8265 0.99 -0.15519 -1.8168 0.99 -0.16736 -1.8028 0.99 -0.17412 -1.7872 0.99 -0.17412 -1.7732 0.99 -0.16736 -1.7635 0.99 -0.15519 -1.795 1.01 -0.14 -1.795 0.99 -0.14 -1.6875 1.01 -0.2656 -1.691 1.01 -0.25041 -1.7007 1.01 -0.23824 -1.7147 1.01 -0.23148 -1.7303 1.01 -0.23148 -1.7443 1.01 -0.23824 -1.754 1.01 -0.25041 -1.7575 1.01 -0.2656 -1.754 1.01 -0.28079 -1.7443 1.01 -0.29296 -1.7303 1.01 -0.29972 -1.7147 1.01 -0.29972 -1.7007 1.01 -0.29296 -1.691 1.01 -0.28079 -1.6875 0.99 -0.2656 -1.691 0.99 -0.25041 -1.7007 0.99 -0.23824 -1.7147 0.99 -0.23148 -1.7303 0.99 -0.23148 -1.7443 0.99 -0.23824 -1.754 0.99 -0.25041 -1.7575 0.99 -0.2656 -1.754 0.99 -0.28079 -1.7443 0.99 -0.29296 -1.7303 0.99 -0.29972 -1.7147 0.99 -0.29972 -1.7007 0.99 -0.29296 -1.691 0.99 -0.28079 -1.7225 1.01 -0.2656 -1.7225 0.99 -0.2656 -1.5425 1.01 -0.2656 -1.546 1.01 -0.25041 -1.5557 1.01 -0.23824 -1.5697 1.01 -0.23148 -1.5853 1.01 -0.23148 -1.5993 1.01 -0.23824 -1.609 1.01 -0.25041 -1.6125 1.01 -0.2656 -1.609 1.01 -0.28079 -1.5993 1.01 -0.29296 -1.5853 1.01 -0.29972 -1.5697 1.01 -0.29972 -1.5557 1.01 -0.29296 -1.546 1.01 -0.28079 -1.5425 0.99 -0.2656 -1.546 0.99 -0.25041 -1.5557 0.99 -0.23824 -1.5697 0.99 -0.23148 -1.5853 0.99 -0.23148 -1.5993 0.99 -0.23824 -1.609 0.99 -0.25041 -1.6125 0.99 -0.2656 -1.609 0.99 -0.28079 -1.5993 0.99 -0.29296 -1.5853 0.99 -0.29972 -1.5697 0.99 -0.29972 -1.5557 0.99 -0.29296 -1.546 0.99 -0.28079 -1.5775 1.01 -0.2656 -1.5775 0.99 -0.2656 -1.565 -0.9925 -0.14 -1.5734 -0.9925 -0.10312 -1.597 -0.9925 -0.073544 -1.6311 -0.9925 -0.057131 -1.6689 -0.9925 -0.057131 -1.703 -0.9925 -0.073544 -1.7266 -0.9925 -0.10312 -1.735 -0.9925 -0.14 -1.7266 -0.9925 -0.17688 -1.703 -0.9925 -0.20646 -1.6689 -0.9925 -0.22287 -1.6311 -0.9925 -0.22287 -1.597 -0.9925 -0.20646 -1.5734 -0.9925 -0.17688 -1.565 -1.0275 -0.14 -1.5734 -1.0275 -0.10312 -1.597 -1.0275 -0.073544 -1.6311 -1.0275 -0.057131 -1.6689 -1.0275 -0.057131 -1.703 -1.0275 -0.073544 -1.7266 -1.0275 -0.10312 -1.735 -1.0275 -0.14 -1.7266 -1.0275 -0.17688 -1.703 -1.0275 -0.20646 -1.6689 -1.0275 -0.22287 -1.6311 -1.0275 -0.22287 -1.597 -1.0275 -0.20646 -1.5734 -1.0275 -0.17688 -1.65 -0.9925 -0.14 -1.65 -1.0275 -0.14 -1.47 -0.99 -0.14 -1.4735 -0.99 -0.12481 -1.4832 -0.99 -0.11264 -1.4972 -0.99 -0.10588 -1.5128 -0.99 -0.10588 -1.5268 -0.99 -0.11264 -1.5365 -0.99 -0.12481 -1.54 -0.99 -0.14 -1.5365 -0.99 -0.15519 -1.5268 -0.99 -0.16736 -1.5128 -0.99 -0.17412 -1.4972 -0.99 -0.17412 -1.4832 -0.99 -0.16736 -1.4735 -0.99 -0.15519 -1.47 -1.01 -0.14 -1.4735 -1.01 -0.12481 -1.4832 -1.01 -0.11264 -1.4972 -1.01 -0.10588 -1.5128 -1.01 -0.10588 -1.5268 -1.01 -0.11264 -1.5365 -1.01 -0.12481 -1.54 -1.01 -0.14 -1.5365 -1.01 -0.15519 -1.5268 -1.01 -0.16736 -1.5128 -1.01 -0.17412 -1.4972 -1.01 -0.17412 -1.4832 -1.01 -0.16736 -1.4735 -1.01 -0.15519 -1.505 -0.99 -0.14 -1.505 -1.01 -0.14 -1.5425 -0.99 -0.0144 -1.546 -0.99 0.00078597 -1.5557 -0.99 0.012964 -1.5697 -0.99 0.019723 -1.5853 -0.99 0.019723 -1.5993 -0.99 0.012964 -1.609 -0.99 0.00078597 -1.6125 -0.99 -0.0144 -1.609 -0.99 -0.029586 -1.5993 -0.99 -0.041764 -1.5853 -0.99 -0.048522 -1.5697 -0.99 -0.048522 -1.5557 -0.99 -0.041764 -1.546 -0.99 -0.029586 -1.5425 -1.01 -0.0144 -1.546 -1.01 0.00078589 -1.5557 -1.01 0.012964 -1.5697 -1.01 0.019722 -1.5853 -1.01 0.019722 -1.5993 -1.01 0.012964 -1.609 -1.01 0.00078589 -1.6125 -1.01 -0.0144 -1.609 -1.01 -0.029586 -1.5993 -1.01 -0.041764 -1.5853 -1.01 -0.048523 -1.5697 -1.01 -0.048523 -1.5557 -1.01 -0.041764 -1.546 -1.01 -0.029586 -1.5775 -0.99 -0.0144 -1.5775 -1.01 -0.0144 -1.6875 -0.99 -0.0144 -1.691 -0.99 0.00078597 -1.7007 -0.99 0.012964 -1.7147 -0.99 0.019723 -1.7303 -0.99 0.019723 -1.7443 -0.99 0.012964 -1.754 -0.99 0.00078597 -1.7575 -0.99 -0.0144 -1.754 -0.99 -0.029586 -1.7443 -0.99 -0.041764 -1.7303 -0.99 -0.048522 -1.7147 -0.99 -0.048522 -1.7007 -0.99 -0.041764 -1.691 -0.99 -0.029586 -1.6875 -1.01 -0.0144 -1.691 -1.01 0.00078589 -1.7007 -1.01 0.012964 -1.7147 -1.01 0.019722 -1.7303 -1.01 0.019722 -1.7443 -1.01 0.012964 -1.754 -1.01 0.00078589 -1.7575 -1.01 -0.0144 -1.754 -1.01 -0.029586 -1.7443 -1.01 -0.041764 -1.7303 -1.01 -0.048523 -1.7147 -1.01 -0.048523 -1.7007 -1.01 -0.041764 -1.691 -1.01 -0.029586 -1.7225 -0.99 -0.0144 -1.7225 -1.01 -0.0144 -1.76 -0.99 -0.14 -1.7635 -0.99 -0.12481 -1.7732 -0.99 -0.11264 -1.7872 -0.99 -0.10588 -1.8028 -0.99 -0.10588 -1.8168 -0.99 -0.11264 -1.8265 -0.99 -0.12481 -1.83 -0.99 -0.14 -1.8265 -0.99 -0.15519 -1.8168 -0.99 -0.16736 -1.8028 -0.99 -0.17412 -1.7872 -0.99 -0.17412 -1.7732 -0.99 -0.16736 -1.7635 -0.99 -0.15519 -1.76 -1.01 -0.14 -1.7635 -1.01 -0.12481 -1.7732 -1.01 -0.11264 -1.7872 -1.01 -0.10588 -1.8028 -1.01 -0.10588 -1.8168 -1.01 -0.11264 -1.8265 -1.01 -0.12481 -1.83 -1.01 -0.14 -1.8265 -1.01 -0.15519 -1.8168 -1.01 -0.16736 -1.8028 -1.01 -0.17412 -1.7872 -1.01 -0.17412 -1.7732 -1.01 -0.16736 -1.7635 -1.01 -0.15519 -1.795 -0.99 -0.14 -1.795 -1.01 -0.14 -1.6875 -0.99 -0.2656 -1.691 -0.99 -0.25041 -1.7007 -0.99 -0.23824 -1.7147 -0.99 -0.23148 -1.7303 -0.99 -0.23148 -1.7443 -0.99 -0.23824 -1.754 -0.99 -0.25041 -1.7575 -0.99 -0.2656 -1.754 -0.99 -0.28079 -1.7443 -0.99 -0.29296 -1.7303 -0.99 -0.29972 -1.7147 -0.99 -0.29972 -1.7007 -0.99 -0.29296 -1.691 -0.99 -0.28079 -1.6875 -1.01 -0.2656 -1.691 -1.01 -0.25041 -1.7007 -1.01 -0.23824 -1.7147 -1.01 -0.23148 -1.7303 -1.01 -0.23148 -1.7443 -1.01 -0.23824 -1.754 -1.01 -0.25041 -1.7575 -1.01 -0.2656 -1.754 -1.01 -0.28079 -1.7443 -1.01 -0.29296 -1.7303 -1.01 -0.29972 -1.7147 -1.01 -0.29972 -1.7007 -1.01 -0.29296 -1.691 -1.01 -0.28079 -1.7225 -0.99 -0.2656 -1.7225 -1.01 -0.2656 -1.5425 -0.99 -0.2656 -1.546 -0.99 -0.25041 -1.5557 -0.99 -0.23824 -1.5697 -0.99 -0.23148 -1.5853 -0.99 -0.23148 -1.5993 -0.99 -0.23824 -1.609 -0.99 -0.25041 -1.6125 -0.99 -0.2656 -1.609 -0.99 -0.28079 -1.5993 -0.99 -0.29296 -1.5853 -0.99 -0.29972 -1.5697 -0.99 -0.29972 -1.5557 -0.99 -0.29296 -1.546 -0.99 -0.28079 -1.5425 -1.01 -0.2656 -1.546 -1.01 -0.25041 -1.5557 -1.01 -0.23824 -1.5697 -1.01 -0.23148 -1.5853 -1.01 -0.23148 -1.5993 -1.01 -0.23824 -1.609 -1.01 -0.25041 -1.6125 -1.01 -0.2656 -1.609 -1.01 -0.28079 -1.5993 -1.01 -0.29296 -1.5853 -1.01 -0.29972 -1.5697 -1.01 -0.29972 -1.5557 -1.01 -0.29296 -1.546 -1.01 -0.28079 -1.5775 -0.99 -0.2656 -1.5775 -1.01 -0.2656 -2.1316 0 3.33 -2.1405 0.03905 3.33 -2.1655 0.070365 3.33 -2.2016 0.087744 3.33 -2.2416 0.087744 3.33 -2.2777 0.070365 3.33 -2.3027 0.03905 3.33 -2.3116 1.1022e-17 3.33 -2.3027 -0.03905 3.33 -2.2777 -0.070365 3.33 -2.2416 -0.087744 3.33 -2.2016 -0.087744 3.33 -2.1655 -0.070365 3.33 -2.1405 -0.03905 3.33 -2.1316 0 3.67 -2.1405 0.03905 3.67 -2.1655 0.070365 3.67 -2.2016 0.087744 3.67 -2.2416 0.087744 3.67 -2.2777 0.070365 3.67 -2.3027 0.03905 3.67 -2.3116 1.1022e-17 3.67 -2.3027 -0.03905 3.67 -2.2777 -0.070365 3.67 -2.2416 -0.087744 3.67 -2.2016 -0.087744 3.67 -2.1655 -0.070365 3.67 -2.1405 -0.03905 3.67 -2.2216 0 3.33 -2.2216 0 3.67 -2.4292 0.1718 3.33 -2.4381 0.21085 3.33 -2.4631 0.24216 3.33 -2.4992 0.25954 3.33 -2.5392 0.25954 3.33 -2.5753 0.24216 3.33 -2.6003 0.21085 3.33 -2.6092 0.1718 3.33 -2.6003 0.13275 3.33 -2.5753 0.10144 3.33 -2.5392 0.084056 3.33 -2.4992 0.084056 3.33 -2.4631 0.10144 3.33 -2.4381 0.13275 3.33 -2.4292 0.1718 3.67 -2.4381 0.21085 3.67 -2.4631 0.24216 3.67 -2.4992 0.25954 3.67 -2.5392 0.25954 3.67 -2.5753 0.24216 3.67 -2.6003 0.21085 3.67 -2.6092 0.1718 3.67 -2.6003 0.13275 3.67 -2.5753 0.10144 3.67 -2.5392 0.084056 3.67 -2.4992 0.084056 3.67 -2.4631 0.10144 3.67 -2.4381 0.13275 3.67 -2.5192 0.1718 3.33 -2.5192 0.1718 3.67 -2.4292 -0.1718 3.33 -2.4381 -0.13275 3.33 -2.4631 -0.10144 3.33 -2.4992 -0.084056 3.33 -2.5392 -0.084056 3.33 -2.5753 -0.10144 3.33 -2.6003 -0.13275 3.33 -2.6092 -0.1718 3.33 -2.6003 -0.21085 3.33 -2.5753 -0.24216 3.33 -2.5392 -0.25954 3.33 -2.4992 -0.25954 3.33 -2.4631 -0.24216 3.33 -2.4381 -0.21085 3.33 -2.4292 -0.1718 3.67 -2.4381 -0.13275 3.67 -2.4631 -0.10144 3.67 -2.4992 -0.084056 3.67 -2.5392 -0.084056 3.67 -2.5753 -0.10144 3.67 -2.6003 -0.13275 3.67 -2.6092 -0.1718 3.67 -2.6003 -0.21085 3.67 -2.5753 -0.24216 3.67 -2.5392 -0.25954 3.67 -2.4992 -0.25954 3.67 -2.4631 -0.24216 3.67 -2.4381 -0.21085 3.67 -2.5192 -0.1718 3.33 -2.5192 -0.1718 3.67 -0.17 -0.6 1.83 -0.17 -0.57397 1.8359 -0.17 -0.55309 1.8526 -0.17 -0.5415 1.8766 -0.17 -0.5415 1.9034 -0.17 -0.55309 1.9274 -0.17 -0.57397 1.9441 -0.17 -0.6 1.95 -0.17 -0.62603 1.9441 -0.17 -0.64691 1.9274 -0.17 -0.6585 1.9034 -0.17 -0.6585 1.8766 -0.17 -0.64691 1.8526 -0.17 -0.62603 1.8359 -0.05 -0.6 1.83 -0.05 -0.57397 1.8359 -0.05 -0.55309 1.8526 -0.05 -0.5415 1.8766 -0.05 -0.5415 1.9034 -0.05 -0.55309 1.9274 -0.05 -0.57397 1.9441 -0.05 -0.6 1.95 -0.05 -0.62603 1.9441 -0.05 -0.64691 1.9274 -0.05 -0.6585 1.9034 -0.05 -0.6585 1.8766 -0.05 -0.64691 1.8526 -0.05 -0.62603 1.8359 -0.17 -0.6 1.89 -0.05 -0.6 1.89</float_array><technique_common><accessor source="#c22-pa" count="960" stride="3"><param name="X" type="float"/><param name="Y" type="float"/><param name="Z" type="float"/></accessor></technique_common></source><source id="c22-n"><float_array id="c22-na" count="2880">0.52507 0.85012 0.039951 0.45574 0.85012 0.26382 0.29615 0.85012 0.43543 0.077893 0.85012 0.5208 -0.15579 0.85012 0.50302 -0.35861 0.85012 0.38561 -0.49041 0.85012 0.19183 -0.52507 0.85012 -0.039945 -0.45574 0.85012 -0.26381 -0.29615 0.85012 -0.43542 -0.077893 0.85012 -0.52079 0.15579 0.85012 -0.50302 0.35861 0.85012 -0.38561 0.49041 0.85012 -0.19183 0.52507 -0.85012 -0.039951 0.49041 -0.85012 0.19183 0.35861 -0.85012 0.38561 0.15579 -0.85012 0.50302 -0.077893 -0.85012 0.52079 -0.29615 -0.85012 0.43542 -0.45574 -0.85012 0.26381 -0.52507 -0.85012 0.039945 -0.49041 -0.85012 -0.19183 -0.35861 -0.85012 -0.38561 -0.15579 -0.85012 -0.50302 0.077893 -0.85012 -0.5208 0.29615 -0.85012 -0.43543 0.45574 -0.85012 -0.26382 0 1 3.6732e-06 5.4826e-23 -1 -3.6732e-06 0.65 0.75833 0.049455 0.56417 0.75833 0.32658 0.3666 0.75833 0.53902 0.096425 0.75833 0.64471 -0.19285 0.75833 0.6227 -0.44393 0.75833 0.47736 -0.60708 0.75833 0.23747 -0.65 0.75833 -0.04945 -0.56417 0.75833 -0.32657 -0.3666 0.75833 -0.53902 -0.096425 0.75833 -0.6447 0.19285 0.75833 -0.62269 0.44393 0.75833 -0.47735 0.60708 0.75833 -0.23746 0.65 -0.75833 -0.049455 0.60708 -0.75833 0.23746 0.44393 -0.75833 0.47735 0.19285 -0.75833 0.62269 -0.096425 -0.75833 0.6447 -0.3666 -0.75833 0.53902 -0.56417 -0.75833 0.32657 -0.65 -0.75833 0.04945 -0.60708 -0.75833 -0.23747 -0.44393 -0.75833 -0.47736 -0.19285 -0.75833 -0.6227 0.096425 -0.75833 -0.64471 0.3666 -0.75833 -0.53902 0.56417 -0.75833 -0.32658 -3.8907e-22 1 3.6732e-06 -2.7791e-22 -1 -3.6732e-06 0.65 0.75833 0.049455 0.56417 0.75833 0.32658 0.3666 0.75833 0.53902 0.096425 0.75833 0.64471 -0.19285 0.75833 0.6227 -0.44393 0.75833 0.47736 -0.60708 0.75833 0.23747 -0.65 0.75833 -0.04945 -0.56417 0.75833 -0.32657 -0.3666 0.75833 -0.53902 -0.096425 0.75833 -0.6447 0.19285 0.75833 -0.62269 0.44393 0.75833 -0.47735 0.60708 0.75833 -0.23746 0.65 -0.75833 -0.049455 0.60708 -0.75833 0.23746 0.44393 -0.75833 0.47735 0.19285 -0.75833 0.62269 -0.096425 -0.75833 0.6447 -0.3666 -0.75833 0.53902 -0.56417 -0.75833 0.32657 -0.65 -0.75833 0.04945 -0.60708 -0.75833 -0.23747 -0.44393 -0.75833 -0.47736 -0.19285 -0.75833 -0.6227 0.096425 -0.75833 -0.64471 0.3666 -0.75833 -0.53902 0.56417 -0.75833 -0.32658 2.2443e-23 1 3.6732e-06 3.5655e-24 -1 -3.6732e-06 0.65 0.75833 0.049455 0.56417 0.75833 0.32658 0.3666 0.75833 0.53902 0.096425 0.75833 0.64471 -0.19285 0.75833 0.6227 -0.44393 0.75833 0.47736 -0.60708 0.75833 0.23747 -0.65 0.75833 -0.04945 -0.56417 0.75833 -0.32657 -0.3666 0.75833 -0.53902 -0.096425 0.75833 -0.6447 0.19285 0.75833 -0.62269 0.44393 0.75833 -0.47735 0.60708 0.75833 -0.23746 0.65 -0.75833 -0.049455 0.60708 -0.75833 0.23746 0.44393 -0.75833 0.47735 0.19285 -0.75833 0.62269 -0.096425 -0.75833 0.6447 -0.3666 -0.75833 0.53902 -0.56417 -0.75833 0.32657 -0.65 -0.75833 0.04945 -0.60708 -0.75833 -0.23747 -0.44393 -0.75833 -0.47736 -0.19285 -0.75833 -0.6227 0.096425 -0.75833 -0.64471 0.3666 -0.75833 -0.53902 0.56417 -0.75833 -0.32658 2.2443e-23 1 3.6732e-06 3.5655e-24 -1 -3.6732e-06 0.65 0.75833 0.049455 0.56417 0.75833 0.32658 0.3666 0.75833 0.53902 0.096425 0.75833 0.64471 -0.19285 0.75833 0.6227 -0.44393 0.75833 0.47736 -0.60708 0.75833 0.23747 -0.65 0.75833 -0.04945 -0.56417 0.75833 -0.32657 -0.3666 0.75833 -0.53902 -0.096425 0.75833 -0.6447 0.19285 0.75833 -0.62269 0.44393 0.75833 -0.47735 0.60708 0.75833 -0.23746 0.65 -0.75833 -0.049455 0.60708 -0.75833 0.23746 0.44393 -0.75833 0.47735 0.19285 -0.75833 0.62269 -0.096425 -0.75833 0.6447 -0.3666 -0.75833 0.53902 -0.56417 -0.75833 0.32657 -0.65 -0.75833 0.04945 -0.60708 -0.75833 -0.23747 -0.44393 -0.75833 -0.47736 -0.19285 -0.75833 -0.6227 0.096425 -0.75833 -0.64471 0.3666 -0.75833 -0.53902 0.56417 -0.75833 -0.32658 -3.8907e-22 1 3.6732e-06 -2.7791e-22 -1 -3.6732e-06 0.65 0.75833 0.049455 0.56417 0.75833 0.32658 0.3666 0.75833 0.53902 0.096425 0.75833 0.64471 -0.19285 0.75833 0.6227 -0.44393 0.75833 0.47736 -0.60708 0.75833 0.23747 -0.65 0.75833 -0.04945 -0.56417 0.75833 -0.32657 -0.3666 0.75833 -0.53902 -0.096425 0.75833 -0.6447 0.19285 0.75833 -0.62269 0.44393 0.75833 -0.47735 0.60708 0.75833 -0.23746 0.65 -0.75833 -0.049455 0.60708 -0.75833 0.23746 0.44393 -0.75833 0.47735 0.19285 -0.75833 0.62269 -0.096425 -0.75833 0.6447 -0.3666 -0.75833 0.53902 -0.56417 -0.75833 0.32657 -0.65 -0.75833 0.04945 -0.60708 -0.75833 -0.23747 -0.44393 -0.75833 -0.47736 -0.19285 -0.75833 -0.6227 0.096425 -0.75833 -0.64471 0.3666 -0.75833 -0.53902 0.56417 -0.75833 -0.32658 2.5012e-22 1 3.6732e-06 -7.5035e-22 -1 -3.6732e-06 0.65 0.75833 0.049455 0.56417 0.75833 0.32658 0.3666 0.75833 0.53902 0.096425 0.75833 0.64471 -0.19285 0.75833 0.6227 -0.44393 0.75833 0.47736 -0.60708 0.75833 0.23747 -0.65 0.75833 -0.04945 -0.56417 0.75833 -0.32657 -0.3666 0.75833 -0.53902 -0.096425 0.75833 -0.6447 0.19285 0.75833 -0.62269 0.44393 0.75833 -0.47735 0.60708 0.75833 -0.23746 0.65 -0.75833 -0.049455 0.60708 -0.75833 0.23746 0.44393 -0.75833 0.47735 0.19285 -0.75833 0.62269 -0.096425 -0.75833 0.6447 -0.3666 -0.75833 0.53902 -0.56417 -0.75833 0.32657 -0.65 -0.75833 0.04945 -0.60708 -0.75833 -0.23747 -0.44393 -0.75833 -0.47736 -0.19285 -0.75833 -0.6227 0.096425 -0.75833 -0.64471 0.3666 -0.75833 -0.53902 0.56417 -0.75833 -0.32658 2.5012e-22 1 3.6732e-06 -7.5035e-22 -1 -3.6732e-06 0.52507 0.85012 0.039951 0.45574 0.85012 0.26382 0.29615 0.85012 0.43543 0.077893 0.85012 0.5208 -0.15579 0.85012 0.50302 -0.35861 0.85012 0.38561 -0.49041 0.85012 0.19183 -0.52507 0.85012 -0.039945 -0.45574 0.85012 -0.26381 -0.29615 0.85012 -0.43542 -0.077893 0.85012 -0.52079 0.15579 0.85012 -0.50302 0.35861 0.85012 -0.38561 0.49041 0.85012 -0.19183 0.52507 -0.85012 -0.039951 0.49041 -0.85012 0.19183 0.35861 -0.85012 0.38561 0.15579 -0.85012 0.50302 -0.077893 -0.85012 0.52079 -0.29615 -0.85012 0.43542 -0.45574 -0.85012 0.26381 -0.52507 -0.85012 0.039945 -0.49041 -0.85012 -0.19183 -0.35861 -0.85012 -0.38561 -0.15579 -0.85012 -0.50302 0.077893 -0.85012 -0.5208 0.29615 -0.85012 -0.43543 0.45574 -0.85012 -0.26382 0 1 3.6732e-06 5.4826e-23 -1 -3.6732e-06 0.65 0.75833 0.049455 0.56417 0.75833 0.32658 0.3666 0.75833 0.53902 0.096425 0.75833 0.64471 -0.19285 0.75833 0.6227 -0.44393 0.75833 0.47736 -0.60708 0.75833 0.23747 -0.65 0.75833 -0.04945 -0.56417 0.75833 -0.32657 -0.3666 0.75833 -0.53902 -0.096425 0.75833 -0.6447 0.19285 0.75833 -0.62269 0.44393 0.75833 -0.47735 0.60708 0.75833 -0.23746 0.65 -0.75833 -0.049455 0.60708 -0.75833 0.23746 0.44393 -0.75833 0.47735 0.19285 -0.75833 0.62269 -0.096425 -0.75833 0.6447 -0.3666 -0.75833 0.53902 -0.56417 -0.75833 0.32657 -0.65 -0.75833 0.04945 -0.60708 -0.75833 -0.23747 -0.44393 -0.75833 -0.47736 -0.19285 -0.75833 -0.6227 0.096425 -0.75833 -0.64471 0.3666 -0.75833 -0.53902 0.56417 -0.75833 -0.32658 -3.8907e-22 1 3.6732e-06 -2.7791e-22 -1 -3.6732e-06 0.65 0.75833 0.049455 0.56417 0.75833 0.32658 0.3666 0.75833 0.53902 0.096425 0.75833 0.64471 -0.19285 0.75833 0.6227 -0.44393 0.75833 0.47736 -0.60708 0.75833 0.23747 -0.65 0.75833 -0.04945 -0.56417 0.75833 -0.32657 -0.3666 0.75833 -0.53902 -0.096425 0.75833 -0.6447 0.19285 0.75833 -0.62269 0.44393 0.75833 -0.47735 0.60708 0.75833 -0.23746 0.65 -0.75833 -0.049455 0.60708 -0.75833 0.23746 0.44393 -0.75833 0.47735 0.19285 -0.75833 0.62269 -0.096425 -0.75833 0.6447 -0.3666 -0.75833 0.53902 -0.56417 -0.75833 0.32657 -0.65 -0.75833 0.04945 -0.60708 -0.75833 -0.23747 -0.44393 -0.75833 -0.47736 -0.19285 -0.75833 -0.6227 0.096425 -0.75833 -0.64471 0.3666 -0.75833 -0.53902 0.56417 -0.75833 -0.32658 2.2443e-23 1 3.6732e-06 3.5655e-24 -1 -3.6732e-06 0.65 0.75833 0.049455 0.56417 0.75833 0.32658 0.3666 0.75833 0.53902 0.096425 0.75833 0.64471 -0.19285 0.75833 0.6227 -0.44393 0.75833 0.47736 -0.60708 0.75833 0.23747 -0.65 0.75833 -0.04945 -0.56417 0.75833 -0.32657 -0.3666 0.75833 -0.53902 -0.096425 0.75833 -0.6447 0.19285 0.75833 -0.62269 0.44393 0.75833 -0.47735 0.60708 0.75833 -0.23746 0.65 -0.75833 -0.049455 0.60708 -0.75833 0.23746 0.44393 -0.75833 0.47735 0.19285 -0.75833 0.62269 -0.096425 -0.75833 0.6447 -0.3666 -0.75833 0.53902 -0.56417 -0.75833 0.32657 -0.65 -0.75833 0.04945 -0.60708 -0.75833 -0.23747 -0.44393 -0.75833 -0.47736 -0.19285 -0.75833 -0.6227 0.096425 -0.75833 -0.64471 0.3666 -0.75833 -0.53902 0.56417 -0.75833 -0.32658 2.2443e-23 1 3.6732e-06 3.5655e-24 -1 -3.6732e-06 0.65 0.75833 0.049455 0.56417 0.75833 0.32658 0.3666 0.75833 0.53902 0.096425 0.75833 0.64471 -0.19285 0.75833 0.6227 -0.44393 0.75833 0.47736 -0.60708 0.75833 0.23747 -0.65 0.75833 -0.04945 -0.56417 0.75833 -0.32657 -0.3666 0.75833 -0.53902 -0.096425 0.75833 -0.6447 0.19285 0.75833 -0.62269 0.44393 0.75833 -0.47735 0.60708 0.75833 -0.23746 0.65 -0.75833 -0.049455 0.60708 -0.75833 0.23746 0.44393 -0.75833 0.47735 0.19285 -0.75833 0.62269 -0.096425 -0.75833 0.6447 -0.3666 -0.75833 0.53902 -0.56417 -0.75833 0.32657 -0.65 -0.75833 0.04945 -0.60708 -0.75833 -0.23747 -0.44393 -0.75833 -0.47736 -0.19285 -0.75833 -0.6227 0.096425 -0.75833 -0.64471 0.3666 -0.75833 -0.53902 0.56417 -0.75833 -0.32658 -3.8907e-22 1 3.6732e-06 -2.7791e-22 -1 -3.6732e-06 0.65 0.75833 0.049455 0.56417 0.75833 0.32658 0.3666 0.75833 0.53902 0.096425 0.75833 0.64471 -0.19285 0.75833 0.6227 -0.44393 0.75833 0.47736 -0.60708 0.75833 0.23747 -0.65 0.75833 -0.04945 -0.56417 0.75833 -0.32657 -0.3666 0.75833 -0.53902 -0.096425 0.75833 -0.6447 0.19285 0.75833 -0.62269 0.44393 0.75833 -0.47735 0.60708 0.75833 -0.23746 0.65 -0.75833 -0.049455 0.60708 -0.75833 0.23746 0.44393 -0.75833 0.47735 0.19285 -0.75833 0.62269 -0.096425 -0.75833 0.6447 -0.3666 -0.75833 0.53902 -0.56417 -0.75833 0.32657 -0.65 -0.75833 0.04945 -0.60708 -0.75833 -0.23747 -0.44393 -0.75833 -0.47736 -0.19285 -0.75833 -0.6227 0.096425 -0.75833 -0.64471 0.3666 -0.75833 -0.53902 0.56417 -0.75833 -0.32658 2.5012e-22 1 3.6732e-06 -7.5035e-22 -1 -3.6732e-06 0.65 0.75833 0.049455 0.56417 0.75833 0.32658 0.3666 0.75833 0.53902 0.096425 0.75833 0.64471 -0.19285 0.75833 0.6227 -0.44393 0.75833 0.47736 -0.60708 0.75833 0.23747 -0.65 0.75833 -0.04945 -0.56417 0.75833 -0.32657 -0.3666 0.75833 -0.53902 -0.096425 0.75833 -0.6447 0.19285 0.75833 -0.62269 0.44393 0.75833 -0.47735 0.60708 0.75833 -0.23746 0.65 -0.75833 -0.049455 0.60708 -0.75833 0.23746 0.44393 -0.75833 0.47735 0.19285 -0.75833 0.62269 -0.096425 -0.75833 0.6447 -0.3666 -0.75833 0.53902 -0.56417 -0.75833 0.32657 -0.65 -0.75833 0.04945 -0.60708 -0.75833 -0.23747 -0.44393 -0.75833 -0.47736 -0.19285 -0.75833 -0.6227 0.096425 -0.75833 -0.64471 0.3666 -0.75833 -0.53902 0.56417 -0.75833 -0.32658 2.5012e-22 1 3.6732e-06 -7.5035e-22 -1 -3.6732e-06 0.52507 0.85012 0.039951 0.45574 0.85012 0.26382 0.29615 0.85012 0.43543 0.077893 0.85012 0.5208 -0.15579 0.85012 0.50302 -0.35861 0.85012 0.38561 -0.49041 0.85012 0.19183 -0.52507 0.85012 -0.039945 -0.45574 0.85012 -0.26381 -0.29615 0.85012 -0.43542 -0.077893 0.85012 -0.52079 0.15579 0.85012 -0.50302 0.35861 0.85012 -0.38561 0.49041 0.85012 -0.19183 0.52507 -0.85012 -0.039951 0.49041 -0.85012 0.19183 0.35861 -0.85012 0.38561 0.15579 -0.85012 0.50302 -0.077893 -0.85012 0.52079 -0.29615 -0.85012 0.43542 -0.45574 -0.85012 0.26381 -0.52507 -0.85012 0.039945 -0.49041 -0.85012 -0.19183 -0.35861 -0.85012 -0.38561 -0.15579 -0.85012 -0.50302 0.077893 -0.85012 -0.5208 0.29615 -0.85012 -0.43543 0.45574 -0.85012 -0.26382 0 1 3.6732e-06 5.4826e-23 -1 -3.6732e-06 0.65 0.75833 0.049455 0.56417 0.75833 0.32658 0.3666 0.75833 0.53902 0.096425 0.75833 0.64471 -0.19285 0.75833 0.6227 -0.44393 0.75833 0.47736 -0.60708 0.75833 0.23747 -0.65 0.75833 -0.04945 -0.56417 0.75833 -0.32657 -0.3666 0.75833 -0.53902 -0.096425 0.75833 -0.6447 0.19285 0.75833 -0.62269 0.44393 0.75833 -0.47735 0.60708 0.75833 -0.23746 0.65 -0.75833 -0.049455 0.60708 -0.75833 0.23746 0.44393 -0.75833 0.47735 0.19285 -0.75833 0.62269 -0.096425 -0.75833 0.6447 -0.3666 -0.75833 0.53902 -0.56417 -0.75833 0.32657 -0.65 -0.75833 0.04945 -0.60708 -0.75833 -0.23747 -0.44393 -0.75833 -0.47736 -0.19285 -0.75833 -0.6227 0.096425 -0.75833 -0.64471 0.3666 -0.75833 -0.53902 0.56417 -0.75833 -0.32658 -3.8907e-22 1 3.6732e-06 -2.7791e-22 -1 -3.6732e-06 0.65 0.75833 0.049455 0.56417 0.75833 0.32658 0.3666 0.75833 0.53902 0.096425 0.75833 0.64471 -0.19285 0.75833 0.6227 -0.44393 0.75833 0.47736 -0.60708 0.75833 0.23747 -0.65 0.75833 -0.04945 -0.56417 0.75833 -0.32657 -0.3666 0.75833 -0.53902 -0.096425 0.75833 -0.6447 0.19285 0.75833 -0.62269 0.44393 0.75833 -0.47735 0.60708 0.75833 -0.23746 0.65 -0.75833 -0.049455 0.60708 -0.75833 0.23746 0.44393 -0.75833 0.47735 0.19285 -0.75833 0.62269 -0.096425 -0.75833 0.6447 -0.3666 -0.75833 0.53902 -0.56417 -0.75833 0.32657 -0.65 -0.75833 0.04945 -0.60708 -0.75833 -0.23747 -0.44393 -0.75833 -0.47736 -0.19285 -0.75833 -0.6227 0.096425 -0.75833 -0.64471 0.3666 -0.75833 -0.53902 0.56417 -0.75833 -0.32658 2.2443e-23 1 3.6732e-06 3.5655e-24 -1 -3.6732e-06 0.65 0.75833 0.049455 0.56417 0.75833 0.32658 0.3666 0.75833 0.53902 0.096425 0.75833 0.64471 -0.19285 0.75833 0.6227 -0.44393 0.75833 0.47736 -0.60708 0.75833 0.23747 -0.65 0.75833 -0.04945 -0.56417 0.75833 -0.32657 -0.3666 0.75833 -0.53902 -0.096425 0.75833 -0.6447 0.19285 0.75833 -0.62269 0.44393 0.75833 -0.47735 0.60708 0.75833 -0.23746 0.65 -0.75833 -0.049455 0.60708 -0.75833 0.23746 0.44393 -0.75833 0.47735 0.19285 -0.75833 0.62269 -0.096425 -0.75833 0.6447 -0.3666 -0.75833 0.53902 -0.56417 -0.75833 0.32657 -0.65 -0.75833 0.04945 -0.60708 -0.75833 -0.23747 -0.44393 -0.75833 -0.47736 -0.19285 -0.75833 -0.6227 0.096425 -0.75833 -0.64471 0.3666 -0.75833 -0.53902 0.56417 -0.75833 -0.32658 2.2443e-23 1 3.6732e-06 3.5655e-24 -1 -3.6732e-06 0.65 0.75833 0.049455 0.56417 0.75833 0.32658 0.3666 0.75833 0.53902 0.096425 0.75833 0.64471 -0.19285 0.75833 0.6227 -0.44393 0.75833 0.47736 -0.60708 0.75833 0.23747 -0.65 0.75833 -0.04945 -0.56417 0.75833 -0.32657 -0.3666 0.75833 -0.53902 -0.096425 0.75833 -0.6447 0.19285 0.75833 -0.62269 0.44393 0.75833 -0.47735 0.60708 0.75833 -0.23746 0.65 -0.75833 -0.049455 0.60708 -0.75833 0.23746 0.44393 -0.75833 0.47735 0.19285 -0.75833 0.62269 -0.096425 -0.75833 0.6447 -0.3666 -0.75833 0.53902 -0.56417 -0.75833 0.32657 -0.65 -0.75833 0.04945 -0.60708 -0.75833 -0.23747 -0.44393 -0.75833 -0.47736 -0.19285 -0.75833 -0.6227 0.096425 -0.75833 -0.64471 0.3666 -0.75833 -0.53902 0.56417 -0.75833 -0.32658 -3.8907e-22 1 3.6732e-06 -2.7791e-22 -1 -3.6732e-06 0.65 0.75833 0.049455 0.56417 0.75833 0.32658 0.3666 0.75833 0.53902 0.096425 0.75833 0.64471 -0.19285 0.75833 0.6227 -0.44393 0.75833 0.47736 -0.60708 0.75833 0.23747 -0.65 0.75833 -0.04945 -0.56417 0.75833 -0.32657 -0.3666 0.75833 -0.53902 -0.096425 0.75833 -0.6447 0.19285 0.75833 -0.62269 0.44393 0.75833 -0.47735 0.60708 0.75833 -0.23746 0.65 -0.75833 -0.049455 0.60708 -0.75833 0.23746 0.44393 -0.75833 0.47735 0.19285 -0.75833 0.62269 -0.096425 -0.75833 0.6447 -0.3666 -0.75833 0.53902 -0.56417 -0.75833 0.32657 -0.65 -0.75833 0.04945 -0.60708 -0.75833 -0.23747 -0.44393 -0.75833 -0.47736 -0.19285 -0.75833 -0.6227 0.096425 -0.75833 -0.64471 0.3666 -0.75833 -0.53902 0.56417 -0.75833 -0.32658 2.5012e-22 1 3.6732e-06 -7.5035e-22 -1 -3.6732e-06 0.65 0.75833 0.049455 0.56417 0.75833 0.32658 0.3666 0.75833 0.53902 0.096425 0.75833 0.64471 -0.19285 0.75833 0.6227 -0.44393 0.75833 0.47736 -0.60708 0.75833 0.23747 -0.65 0.75833 -0.04945 -0.56417 0.75833 -0.32657 -0.3666 0.75833 -0.53902 -0.096425 0.75833 -0.6447 0.19285 0.75833 -0.62269 0.44393 0.75833 -0.47735 0.60708 0.75833 -0.23746 0.65 -0.75833 -0.049455 0.60708 -0.75833 0.23746 0.44393 -0.75833 0.47735 0.19285 -0.75833 0.62269 -0.096425 -0.75833 0.6447 -0.3666 -0.75833 0.53902 -0.56417 -0.75833 0.32657 -0.65 -0.75833 0.04945 -0.60708 -0.75833 -0.23747 -0.44393 -0.75833 -0.47736 -0.19285 -0.75833 -0.6227 0.096425 -0.75833 -0.64471 0.3666 -0.75833 -0.53902 0.56417 -0.75833 -0.32658 2.5012e-22 1 3.6732e-06 -7.5035e-22 -1 -3.6732e-06 0.52507 0.85012 0.039951 0.45574 0.85012 0.26382 0.29615 0.85012 0.43543 0.077893 0.85012 0.5208 -0.15579 0.85012 0.50302 -0.35861 0.85012 0.38561 -0.49041 0.85012 0.19183 -0.52507 0.85012 -0.039945 -0.45574 0.85012 -0.26381 -0.29615 0.85012 -0.43542 -0.077893 0.85012 -0.52079 0.15579 0.85012 -0.50302 0.35861 0.85012 -0.38561 0.49041 0.85012 -0.19183 0.52507 -0.85012 -0.039951 0.49041 -0.85012 0.19183 0.35861 -0.85012 0.38561 0.15579 -0.85012 0.50302 -0.077893 -0.85012 0.52079 -0.29615 -0.85012 0.43542 -0.45574 -0.85012 0.26381 -0.52507 -0.85012 0.039945 -0.49041 -0.85012 -0.19183 -0.35861 -0.85012 -0.38561 -0.15579 -0.85012 -0.50302 0.077893 -0.85012 -0.5208 0.29615 -0.85012 -0.43543 0.45574 -0.85012 -0.26382 0 1 3.6732e-06 5.4826e-23 -1 -3.6732e-06 0.65 0.75833 0.049455 0.56417 0.75833 0.32658 0.3666 0.75833 0.53902 0.096425 0.75833 0.64471 -0.19285 0.75833 0.6227 -0.44393 0.75833 0.47736 -0.60708 0.75833 0.23747 -0.65 0.75833 -0.04945 -0.56417 0.75833 -0.32657 -0.3666 0.75833 -0.53902 -0.096425 0.75833 -0.6447 0.19285 0.75833 -0.62269 0.44393 0.75833 -0.47735 0.60708 0.75833 -0.23746 0.65 -0.75833 -0.049455 0.60708 -0.75833 0.23746 0.44393 -0.75833 0.47735 0.19285 -0.75833 0.62269 -0.096425 -0.75833 0.6447 -0.3666 -0.75833 0.53902 -0.56417 -0.75833 0.32657 -0.65 -0.75833 0.04945 -0.60708 -0.75833 -0.23747 -0.44393 -0.75833 -0.47736 -0.19285 -0.75833 -0.6227 0.096425 -0.75833 -0.64471 0.3666 -0.75833 -0.53902 0.56417 -0.75833 -0.32658 -3.8907e-22 1 3.6732e-06 -2.7791e-22 -1 -3.6732e-06 0.65 0.75833 0.049455 0.56417 0.75833 0.32658 0.3666 0.75833 0.53902 0.096425 0.75833 0.64471 -0.19285 0.75833 0.6227 -0.44393 0.75833 0.47736 -0.60708 0.75833 0.23747 -0.65 0.75833 -0.04945 -0.56417 0.75833 -0.32657 -0.3666 0.75833 -0.53902 -0.096425 0.75833 -0.6447 0.19285 0.75833 -0.62269 0.44393 0.75833 -0.47735 0.60708 0.75833 -0.23746 0.65 -0.75833 -0.049455 0.60708 -0.75833 0.23746 0.44393 -0.75833 0.47735 0.19285 -0.75833 0.62269 -0.096425 -0.75833 0.6447 -0.3666 -0.75833 0.53902 -0.56417 -0.75833 0.32657 -0.65 -0.75833 0.04945 -0.60708 -0.75833 -0.23747 -0.44393 -0.75833 -0.47736 -0.19285 -0.75833 -0.6227 0.096425 -0.75833 -0.64471 0.3666 -0.75833 -0.53902 0.56417 -0.75833 -0.32658 2.2443e-23 1 3.6732e-06 3.5655e-24 -1 -3.6732e-06 0.65 0.75833 0.049455 0.56417 0.75833 0.32658 0.3666 0.75833 0.53902 0.096425 0.75833 0.64471 -0.19285 0.75833 0.6227 -0.44393 0.75833 0.47736 -0.60708 0.75833 0.23747 -0.65 0.75833 -0.04945 -0.56417 0.75833 -0.32657 -0.3666 0.75833 -0.53902 -0.096425 0.75833 -0.6447 0.19285 0.75833 -0.62269 0.44393 0.75833 -0.47735 0.60708 0.75833 -0.23746 0.65 -0.75833 -0.049455 0.60708 -0.75833 0.23746 0.44393 -0.75833 0.47735 0.19285 -0.75833 0.62269 -0.096425 -0.75833 0.6447 -0.3666 -0.75833 0.53902 -0.56417 -0.75833 0.32657 -0.65 -0.75833 0.04945 -0.60708 -0.75833 -0.23747 -0.44393 -0.75833 -0.47736 -0.19285 -0.75833 -0.6227 0.096425 -0.75833 -0.64471 0.3666 -0.75833 -0.53902 0.56417 -0.75833 -0.32658 2.2443e-23 1 3.6732e-06 3.5655e-24 -1 -3.6732e-06 0.65 0.75833 0.049455 0.56417 0.75833 0.32658 0.3666 0.75833 0.53902 0.096425 0.75833 0.64471 -0.19285 0.75833 0.6227 -0.44393 0.75833 0.47736 -0.60708 0.75833 0.23747 -0.65 0.75833 -0.04945 -0.56417 0.75833 -0.32657 -0.3666 0.75833 -0.53902 -0.096425 0.75833 -0.6447 0.19285 0.75833 -0.62269 0.44393 0.75833 -0.47735 0.60708 0.75833 -0.23746 0.65 -0.75833 -0.049455 0.60708 -0.75833 0.23746 0.44393 -0.75833 0.47735 0.19285 -0.75833 0.62269 -0.096425 -0.75833 0.6447 -0.3666 -0.75833 0.53902 -0.56417 -0.75833 0.32657 -0.65 -0.75833 0.04945 -0.60708 -0.75833 -0.23747 -0.44393 -0.75833 -0.47736 -0.19285 -0.75833 -0.6227 0.096425 -0.75833 -0.64471 0.3666 -0.75833 -0.53902 0.56417 -0.75833 -0.32658 -3.8907e-22 1 3.6732e-06 -2.7791e-22 -1 -3.6732e-06 0.65 0.75833 0.049455 0.56417 0.75833 0.32658 0.3666 0.75833 0.53902 0.096425 0.75833 0.64471 -0.19285 0.75833 0.6227 -0.44393 0.75833 0.47736 -0.60708 0.75833 0.23747 -0.65 0.75833 -0.04945 -0.56417 0.75833 -0.32657 -0.3666 0.75833 -0.53902 -0.096425 0.75833 -0.6447 0.19285 0.75833 -0.62269 0.44393 0.75833 -0.47735 0.60708 0.75833 -0.23746 0.65 -0.75833 -0.049455 0.60708 -0.75833 0.23746 0.44393 -0.75833 0.47735 0.19285 -0.75833 0.62269 -0.096425 -0.75833 0.6447 -0.3666 -0.75833 0.53902 -0.56417 -0.75833 0.32657 -0.65 -0.75833 0.04945 -0.60708 -0.75833 -0.23747 -0.44393 -0.75833 -0.47736 -0.19285 -0.75833 -0.6227 0.096425 -0.75833 -0.64471 0.3666 -0.75833 -0.53902 0.56417 -0.75833 -0.32658 2.5012e-22 1 3.6732e-06 -7.5035e-22 -1 -3.6732e-06 0.65 0.75833 0.049455 0.56417 0.75833 0.32658 0.3666 0.75833 0.53902 0.096425 0.75833 0.64471 -0.19285 0.75833 0.6227 -0.44393 0.75833 0.47736 -0.60708 0.75833 0.23747 -0.65 0.75833 -0.04945 -0.56417 0.75833 -0.32657 -0.3666 0.75833 -0.53902 -0.096425 0.75833 -0.6447 0.19285 0.75833 -0.62269 0.44393 0.75833 -0.47735 0.60708 0.75833 -0.23746 0.65 -0.75833 -0.049455 0.60708 -0.75833 0.23746 0.44393 -0.75833 0.47735 0.19285 -0.75833 0.62269 -0.096425 -0.75833 0.6447 -0.3666 -0.75833 0.53902 -0.56417 -0.75833 0.32657 -0.65 -0.75833 0.04945 -0.60708 -0.75833 -0.23747 -0.44393 -0.75833 -0.47736 -0.19285 -0.75833 -0.6227 0.096425 -0.75833 -0.64471 0.3666 -0.75833 -0.53902 0.56417 -0.75833 -0.32658 2.5012e-22 1 3.6732e-06 -7.5035e-22 -1 -3.6732e-06 0.98203 0.074714 -0.1733 0.85236 0.4934 -0.1733 0.55387 0.81437 -0.1733 0.14568 0.97403 -0.1733 -0.29136 0.94078 -0.1733 -0.6707 0.7212 -0.1733 -0.9172 0.35877 -0.1733 -0.98203 -0.074714 -0.1733 -0.85236 -0.4934 -0.1733 -0.55387 -0.81437 -0.1733 -0.14568 -0.97403 -0.1733 0.29136 -0.94078 -0.1733 0.6707 -0.7212 -0.1733 0.9172 -0.35877 -0.1733 0.98203 -0.074714 0.1733 0.9172 0.35877 0.1733 0.6707 0.7212 0.1733 0.29136 0.94078 0.1733 -0.14568 0.97403 0.1733 -0.55387 0.81437 0.1733 -0.85236 0.4934 0.1733 -0.98203 0.074714 0.1733 -0.9172 -0.35877 0.1733 -0.6707 -0.7212 0.1733 -0.29136 -0.94078 0.1733 0.14568 -0.97403 0.1733 0.55387 -0.81437 0.1733 0.85236 -0.4934 0.1733 0 0 -1 0 0 1 0.98203 0.074714 -0.1733 0.85236 0.4934 -0.1733 0.55387 0.81437 -0.1733 0.14568 0.97403 -0.1733 -0.29136 0.94078 -0.1733 -0.6707 0.7212 -0.1733 -0.9172 0.35877 -0.1733 -0.98203 -0.074714 -0.1733 -0.85236 -0.4934 -0.1733 -0.55387 -0.81437 -0.1733 -0.14568 -0.97403 -0.1733 0.29136 -0.94078 -0.1733 0.6707 -0.7212 -0.1733 0.9172 -0.35877 -0.1733 0.98203 -0.074714 0.1733 0.9172 0.35877 0.1733 0.6707 0.7212 0.1733 0.29136 0.94078 0.1733 -0.14568 0.97403 0.1733 -0.55387 0.81437 0.1733 -0.85236 0.4934 0.1733 -0.98203 0.074714 0.1733 -0.9172 -0.35877 0.1733 -0.6707 -0.7212 0.1733 -0.29136 -0.94078 0.1733 0.14568 -0.97403 0.1733 0.55387 -0.81437 0.1733 0.85236 -0.4934 0.1733 0 0 -1 0 0 1 0.98203 0.074714 -0.1733 0.85236 0.4934 -0.1733 0.55387 0.81437 -0.1733 0.14568 0.97403 -0.1733 -0.29136 0.94078 -0.1733 -0.6707 0.7212 -0.1733 -0.9172 0.35877 -0.1733 -0.98203 -0.074714 -0.1733 -0.85236 -0.4934 -0.1733 -0.55387 -0.81437 -0.1733 -0.14568 -0.97403 -0.1733 0.29136 -0.94078 -0.1733 0.6707 -0.7212 -0.1733 0.9172 -0.35877 -0.1733 0.98203 -0.074714 0.1733 0.9172 0.35877 0.1733 0.6707 0.7212 0.1733 0.29136 0.94078 0.1733 -0.14568 0.97403 0.1733 -0.55387 0.81437 0.1733 -0.85236 0.4934 0.1733 -0.98203 0.074714 0.1733 -0.9172 -0.35877 0.1733 -0.6707 -0.7212 0.1733 -0.29136 -0.94078 0.1733 0.14568 -0.97403 0.1733 0.55387 -0.81437 0.1733 0.85236 -0.4934 0.1733 0 0 -1 0 0 1 -0.31541 0.07199 -0.94622 -0.31541 0.47541 -0.82128 -0.31541 0.78467 -0.53367 -0.31541 0.93852 -0.14037 -0.31541 0.90648 0.28074 -0.3154 0.6949 0.64624 -0.3154 0.34569 0.88375 -0.3154 -0.07199 0.94622 -0.3154 -0.47541 0.82128 -0.31541 -0.78467 0.53368 -0.31541 -0.93852 0.14037 -0.31541 -0.90648 -0.28074 -0.31541 -0.6949 -0.64624 -0.31541 -0.34569 -0.88375 0.3154 -0.07199 -0.94622 0.3154 0.34569 -0.88375 0.3154 0.6949 -0.64624 0.31541 0.90648 -0.28074 0.31541 0.93852 0.14037 0.31541 0.78467 0.53367 0.31541 0.47541 0.82128 0.31541 0.07199 0.94622 0.31541 -0.34569 0.88375 0.31541 -0.6949 0.64624 0.31541 -0.90648 0.28074 0.31541 -0.93852 -0.14037 0.31541 -0.78467 -0.53368 0.3154 -0.47541 -0.82128 -1 0 3.6732e-06 1 0 -3.6732e-06</float_array><technique_common><accessor source="#c22-na" count="960" stride="3"><param name="X" type="float"/><param name="Y" type="float"/><param name="Z" type="float"/></accessor></technique_common></source><vertices id="c22-v"><input semantic="POSITION" source="#c22-p"/><input semantic="NORMAL" source="#c22-n"/></vertices><triangles count="1792" material="c22"><input semantic="VERTEX" source="#c22-v" offset="0"/><p>0 1 15 0 15 14 28 1 0 29 14 15 1 2 16 1 16 15 28 2 1 29 15 16 2 3 17 2 17 16 28 3 2 29 16 17 3 4 18 3 18 17 28 4 3 29 17 18 4 5 19 4 19 18 28 5 4 29 18 19 5 6 20 5 20 19 28 6 5 29 19 20 6 7 21 6 21 20 28 7 6 29 20 21 7 8 22 7 22 21 28 8 7 29 21 22 8 9 23 8 23 22 28 9 8 29 22 23 9 10 24 9 24 23 28 10 9 29 23 24 10 11 25 10 25 24 28 11 10 29 24 25 11 12 26 11 26 25 28 12 11 29 25 26 12 13 27 12 27 26 28 13 12 29 26 27 13 0 14 13 14 27 28 0 13 29 27 14 30 31 45 30 45 44 58 31 30 59 44 45 31 32 46 31 46 45 58 32 31 59 45 46 32 33 47 32 47 46 58 33 32 59 46 47 33 34 48 33 48 47 58 34 33 59 47 48 34 35 49 34 49 48 58 35 34 59 48 49 35 36 50 35 50 49 58 36 35 59 49 50 36 37 51 36 51 50 58 37 36 59 50 51 37 38 52 37 52 51 58 38 37 59 51 52 38 39 53 38 53 52 58 39 38 59 52 53 39 40 54 39 54 53 58 40 39 59 53 54 40 41 55 40 55 54 58 41 40 59 54 55 41 42 56 41 56 55 58 42 41 59 55 56 42 43 57 42 57 56 58 43 42 59 56 57 43 30 44 43 44 57 58 30 43 59 57 44 60 61 75 60 75 74 88 61 60 89 74 75 61 62 76 61 76 75 88 62 61 89 75 76 62 63 77 62 77 76 88 63 62 89 76 77 63 64 78 63 78 77 88 64 63 89 77 78 64 65 79 64 79 78 88 65 64 89 78 79 65 66 80 65 80 79 88 66 65 89 79 80 66 67 81 66 81 80 88 67 66 89 80 81 67 68 82 67 82 81 88 68 67 89 81 82 68 69 83 68 83 82 88 69 68 89 82 83 69 70 84 69 84 83 88 70 69 89 83 84 70 71 85 70 85 84 88 71 70 89 84 85 71 72 86 71 86 85 88 72 71 89 85 86 72 73 87 72 87 86 88 73 72 89 86 87 73 60 74 73 74 87 88 60 73 89 87 74 90 91 105 90 105 104 118 91 90 119 104 105 91 92 106 91 106 105 118 92 91 119 105 106 92 93 107 92 107 106 118 93 92 119 106 107 93 94 108 93 108 107 118 94 93 119 107 108 94 95 109 94 109 108 118 95 94 119 108 109 95 96 110 95 110 109 118 96 95 119 109 110 96 97 111 96 111 110 118 97 96 119 110 111 97 98 112 97 112 111 118 98 97 119 111 112 98 99 113 98 113 112 118 99 98 119 112 113 99 100 114 99 114 113 118 100 99 119 113 114 100 101 115 100 115 114 118 101 100 119 114 115 101 102 116 101 116 115 118 102 101 119 115 116 102 103 117 102 117 116 118 103 102 119 116 117 103 90 104 103 104 117 118 90 103 119 117 104 120 121 135 120 135 134 148 121 120 149 134 135 121 122 136 121 136 135 148 122 121 149 135 136 122 123 137 122 137 136 148 123 122 149 136 137 123 124 138 123 138 137 148 124 123 149 137 138 124 125 139 124 139 138 148 125 124 149 138 139 125 126 140 125 140 139 148 126 125 149 139 140 126 127 141 126 141 140 148 127 126 149 140 141 127 128 142 127 142 141 148 128 127 149 141 142 128 129 143 128 143 142 148 129 128 149 142 143 129 130 144 129 144 143 148 130 129 149 143 144 130 131 145 130 145 144 148 131 130 149 144 145 131 132 146 131 146 145 148 132 131 149 145 146 132 133 147 132 147 146 148 133 132 149 146 147 133 120 134 133 134 147 148 120 133 149 147 134 150 151 165 150 165 164 178 151 150 179 164 165 151 152 166 151 166 165 178 152 151 179 165 166 152 153 167 152 167 166 178 153 152 179 166 167 153 154 168 153 168 167 178 154 153 179 167 168 154 155 169 154 169 168 178 155 154 179 168 169 155 156 170 155 170 169 178 156 155 179 169 170 156 157 171 156 171 170 178 157 156 179 170 171 157 158 172 157 172 171 178 158 157 179 171 172 158 159 173 158 173 172 178 159 158 179 172 173 159 160 174 159 174 173 178 160 159 179 173 174 160 161 175 160 175 174 178 161 160 179 174 175 161 162 176 161 176 175 178 162 161 179 175 176 162 163 177 162 177 176 178 163 162 179 176 177 163 150 164 163 164 177 178 150 163 179 177 164 180 181 195 180 195 194 208 181 180 209 194 195 181 182 196 181 196 195 208 182 181 209 195 196 182 183 197 182 197 196 208 183 182 209 196 197 183 184 198 183 198 197 208 184 183 209 197 198 184 185 199 184 199 198 208 185 184 209 198 199 185 186 200 185 200 199 208 186 185 209 199 200 186 187 201 186 201 200 208 187 186 209 200 201 187 188 202 187 202 201 208 188 187 209 201 202 188 189 203 188 203 202 208 189 188 209 202 203 189 190 204 189 204 203 208 190 189 209 203 204 190 191 205 190 205 204 208 191 190 209 204 205 191 192 206 191 206 205 208 192 191 209 205 206 192 193 207 192 207 206 208 193 192 209 206 207 193 180 194 193 194 207 208 180 193 209 207 194 210 211 225 210 225 224 238 211 210 239 224 225 211 212 226 211 226 225 238 212 211 239 225 226 212 213 227 212 227 226 238 213 212 239 226 227 213 214 228 213 228 227 238 214 213 239 227 228 214 215 229 214 229 228 238 215 214 239 228 229 215 216 230 215 230 229 238 216 215 239 229 230 216 217 231 216 231 230 238 217 216 239 230 231 217 218 232 217 232 231 238 218 217 239 231 232 218 219 233 218 233 232 238 219 218 239 232 233 219 220 234 219 234 233 238 220 219 239 233 234 220 221 235 220 235 234 238 221 220 239 234 235 221 222 236 221 236 235 238 222 221 239 235 236 222 223 237 222 237 236 238 223 222 239 236 237 223 210 224 223 224 237 238 210 223 239 237 224 240 241 255 240 255 254 268 241 240 269 254 255 241 242 256 241 256 255 268 242 241 269 255 256 242 243 257 242 257 256 268 243 242 269 256 257 243 244 258 243 258 257 268 244 243 269 257 258 244 245 259 244 259 258 268 245 244 269 258 259 245 246 260 245 260 259 268 246 245 269 259 260 246 247 261 246 261 260 268 247 246 269 260 261 247 248 262 247 262 261 268 248 247 269 261 262 248 249 263 248 263 262 268 249 248 269 262 263 249 250 264 249 264 263 268 250 249 269 263 264 250 251 265 250 265 264 268 251 250 269 264 265 251 252 266 251 266 265 268 252 251 269 265 266 252 253 267 252 267 266 268 253 252 269 266 267 253 240 254 253 254 267 268 240 253 269 267 254 270 271 285 270 285 284 298 271 270 299 284 285 271 272 286 271 286 285 298 272 271 299 285 286 272 273 287 272 287 286 298 273 272 299 286 287 273 274 288 273 288 287 298 274 273 299 287 288 274 275 289 274 289 288 298 275 274 299 288 289 275 276 290 275 290 289 298 276 275 299 289 290 276 277 291 276 291 290 298 277 276 299 290 291 277 278 292 277 292 291 298 278 277 299 291 292 278 279 293 278 293 292 298 279 278 299 292 293 279 280 294 279 294 293 298 280 279 299 293 294 280 281 295 280 295 294 298 281 280 299 294 295 281 282 296 281 296 295 298 282 281 299 295 296 282 283 297 282 297 296 298 283 282 299 296 297 283 270 284 283 284 297 298 270 283 299 297 284 300 301 315 300 315 314 328 301 300 329 314 315 301 302 316 301 316 315 328 302 301 329 315 316 302 303 317 302 317 316 328 303 302 329 316 317 303 304 318 303 318 317 328 304 303 329 317 318 304 305 319 304 319 318 328 305 304 329 318 319 305 306 320 305 320 319 328 306 305 329 319 320 306 307 321 306 321 320 328 307 306 329 320 321 307 308 322 307 322 321 328 308 307 329 321 322 308 309 323 308 323 322 328 309 308 329 322 323 309 310 324 309 324 323 328 310 309 329 323 324 310 311 325 310 325 324 328 311 310 329 324 325 311 312 326 311 326 325 328 312 311 329 325 326 312 313 327 312 327 326 328 313 312 329 326 327 313 300 314 313 314 327 328 300 313 329 327 314 330 331 345 330 345 344 358 331 330 359 344 345 331 332 346 331 346 345 358 332 331 359 345 346 332 333 347 332 347 346 358 333 332 359 346 347 333 334 348 333 348 347 358 334 333 359 347 348 334 335 349 334 349 348 358 335 334 359 348 349 335 336 350 335 350 349 358 336 335 359 349 350 336 337 351 336 351 350 358 337 336 359 350 351 337 338 352 337 352 351 358 338 337 359 351 352 338 339 353 338 353 352 358 339 338 359 352 353 339 340 354 339 354 353 358 340 339 359 353 354 340 341 355 340 355 354 358 341 340 359 354 355 341 342 356 341 356 355 358 342 341 359 355 356 342 343 357 342 357 356 358 343 342 359 356 357 343 330 344 343 344 357 358 330 343 359 357 344 360 361 375 360 375 374 388 361 360 389 374 375 361 362 376 361 376 375 388 362 361 389 375 376 362 363 377 362 377 376 388 363 362 389 376 377 363 364 378 363 378 377 388 364 363 389 377 378 364 365 379 364 379 378 388 365 364 389 378 379 365 366 380 365 380 379 388 366 365 389 379 380 366 367 381 366 381 380 388 367 366 389 380 381 367 368 382 367 382 381 388 368 367 389 381 382 368 369 383 368 383 382 388 369 368 389 382 383 369 370 384 369 384 383 388 370 369 389 383 384 370 371 385 370 385 384 388 371 370 389 384 385 371 372 386 371 386 385 388 372 371 389 385 386 372 373 387 372 387 386 388 373 372 389 386 387 373 360 374 373 374 387 388 360 373 389 387 374 390 391 405 390 405 404 418 391 390 419 404 405 391 392 406 391 406 405 418 392 391 419 405 406 392 393 407 392 407 406 418 393 392 419 406 407 393 394 408 393 408 407 418 394 393 419 407 408 394 395 409 394 409 408 418 395 394 419 408 409 395 396 410 395 410 409 418 396 395 419 409 410 396 397 411 396 411 410 418 397 396 419 410 411 397 398 412 397 412 411 418 398 397 419 411 412 398 399 413 398 413 412 418 399 398 419 412 413 399 400 414 399 414 413 418 400 399 419 413 414 400 401 415 400 415 414 418 401 400 419 414 415 401 402 416 401 416 415 418 402 401 419 415 416 402 403 417 402 417 416 418 403 402 419 416 417 403 390 404 403 404 417 418 390 403 419 417 404 420 421 435 420 435 434 448 421 420 449 434 435 421 422 436 421 436 435 448 422 421 449 435 436 422 423 437 422 437 436 448 423 422 449 436 437 423 424 438 423 438 437 448 424 423 449 437 438 424 425 439 424 439 438 448 425 424 449 438 439 425 426 440 425 440 439 448 426 425 449 439 440 426 427 441 426 441 440 448 427 426 449 440 441 427 428 442 427 442 441 448 428 427 449 441 442 428 429 443 428 443 442 448 429 428 449 442 443 429 430 444 429 444 443 448 430 429 449 443 444 430 431 445 430 445 444 448 431 430 449 444 445 431 432 446 431 446 445 448 432 431 449 445 446 432 433 447 432 447 446 448 433 432 449 446 447 433 420 434 433 434 447 448 420 433 449 447 434 450 451 465 450 465 464 478 451 450 479 464 465 451 452 466 451 466 465 478 452 451 479 465 466 452 453 467 452 467 466 478 453 452 479 466 467 453 454 468 453 468 467 478 454 453 479 467 468 454 455 469 454 469 468 478 455 454 479 468 469 455 456 470 455 470 469 478 456 455 479 469 470 456 457 471 456 471 470 478 457 456 479 470 471 457 458 472 457 472 471 478 458 457 479 471 472 458 459 473 458 473 472 478 459 458 479 472 473 459 460 474 459 474 473 478 460 459 479 473 474 460 461 475 460 475 474 478 461 460 479 474 475 461 462 476 461 476 475 478 462 461 479 475 476 462 463 477 462 477 476 478 463 462 479 476 477 463 450 464 463 464 477 478 450 463 479 477 464 480 481 495 480 495 494 508 481 480 509 494 495 481 482 496 481 496 495 508 482 481 509 495 496 482 483 497 482 497 496 508 483 482 509 496 497 483 484 498 483 498 497 508 484 483 509 497 498 484 485 499 484 499 498 508 485 484 509 498 499 485 486 500 485 500 499 508 486 485 509 499 500 486 487 501 486 501 500 508 487 486 509 500 501 487 488 502 487 502 501 508 488 487 509 501 502 488 489 503 488 503 502 508 489 488 509 502 503 489 490 504 489 504 503 508 490 489 509 503 504 490 491 505 490 505 504 508 491 490 509 504 505 491 492 506 491 506 505 508 492 491 509 505 506 492 493 507 492 507 506 508 493 492 509 506 507 493 480 494 493 494 507 508 480 493 509 507 494 510 511 525 510 525 524 538 511 510 539 524 525 511 512 526 511 526 525 538 512 511 539 525 526 512 513 527 512 527 526 538 513 512 539 526 527 513 514 528 513 528 527 538 514 513 539 527 528 514 515 529 514 529 528 538 515 514 539 528 529 515 516 530 515 530 529 538 516 515 539 529 530 516 517 531 516 531 530 538 517 516 539 530 531 517 518 532 517 532 531 538 518 517 539 531 532 518 519 533 518 533 532 538 519 518 539 532 533 519 520 534 519 534 533 538 520 519 539 533 534 520 521 535 520 535 534 538 521 520 539 534 535 521 522 536 521 536 535 538 522 521 539 535 536 522 523 537 522 537 536 538 523 522 539 536 537 523 510 524 523 524 537 538 510 523 539 537 524 540 541 555 540 555 554 568 541 540 569 554 555 541 542 556 541 556 555 568 542 541 569 555 556 542 543 557 542 557 556 568 543 542 569 556 557 543 544 558 543 558 557 568 544 543 569 557 558 544 545 559 544 559 558 568 545 544 569 558 559 545 546 560 545 560 559 568 546 545 569 559 560 546 547 561 546 561 560 568 547 546 569 560 561 547 548 562 547 562 561 568 548 547 569 561 562 548 549 563 548 563 562 568 549 548 569 562 563 549 550 564 549 564 563 568 550 549 569 563 564 550 551 565 550 565 564 568 551 550 569 564 565 551 552 566 551 566 565 568 552 551 569 565 566 552 553 567 552 567 566 568 553 552 569 566 567 553 540 554 553 554 567 568 540 553 569 567 554 570 571 585 570 585 584 598 571 570 599 584 585 571 572 586 571 586 585 598 572 571 599 585 586 572 573 587 572 587 586 598 573 572 599 586 587 573 574 588 573 588 587 598 574 573 599 587 588 574 575 589 574 589 588 598 575 574 599 588 589 575 576 590 575 590 589 598 576 575 599 589 590 576 577 591 576 591 590 598 577 576 599 590 591 577 578 592 577 592 591 598 578 577 599 591 592 578 579 593 578 593 592 598 579 578 599 592 593 579 580 594 579 594 593 598 580 579 599 593 594 580 581 595 580 595 594 598 581 580 599 594 595 581 582 596 581 596 595 598 582 581 599 595 596 582 583 597 582 597 596 598 583 582 599 596 597 583 570 584 583 584 597 598 570 583 599 597 584 600 601 615 600 615 614 628 601 600 629 614 615 601 602 616 601 616 615 628 602 601 629 615 616 602 603 617 602 617 616 628 603 602 629 616 617 603 604 618 603 618 617 628 604 603 629 617 618 604 605 619 604 619 618 628 605 604 629 618 619 605 606 620 605 620 619 628 606 605 629 619 620 606 607 621 606 621 620 628 607 606 629 620 621 607 608 622 607 622 621 628 608 607 629 621 622 608 609 623 608 623 622 628 609 608 629 622 623 609 610 624 609 624 623 628 610 609 629 623 624 610 611 625 610 625 624 628 611 610 629 624 625 611 612 626 611 626 625 628 612 611 629 625 626 612 613 627 612 627 626 628 613 612 629 626 627 613 600 614 613 614 627 628 600 613 629 627 614 630 631 645 630 645 644 658 631 630 659 644 645 631 632 646 631 646 645 658 632 631 659 645 646 632 633 647 632 647 646 658 633 632 659 646 647 633 634 648 633 648 647 658 634 633 659 647 648 634 635 649 634 649 648 658 635 634 659 648 649 635 636 650 635 650 649 658 636 635 659 649 650 636 637 651 636 651 650 658 637 636 659 650 651 637 638 652 637 652 651 658 638 637 659 651 652 638 639 653 638 653 652 658 639 638 659 652 653 639 640 654 639 654 653 658 640 639 659 653 654 640 641 655 640 655 654 658 641 640 659 654 655 641 642 656 641 656 655 658 642 641 659 655 656 642 643 657 642 657 656 658 643 642 659 656 657 643 630 644 643 644 657 658 630 643 659 657 644 660 661 675 660 675 674 688 661 660 689 674 675 661 662 676 661 676 675 688 662 661 689 675 676 662 663 677 662 677 676 688 663 662 689 676 677 663 664 678 663 678 677 688 664 663 689 677 678 664 665 679 664 679 678 688 665 664 689 678 679 665 666 680 665 680 679 688 666 665 689 679 680 666 667 681 666 681 680 688 667 666 689 680 681 667 668 682 667 682 681 688 668 667 689 681 682 668 669 683 668 683 682 688 669 668 689 682 683 669 670 684 669 684 683 688 670 669 689 683 684 670 671 685 670 685 684 688 671 670 689 684 685 671 672 686 671 686 685 688 672 671 689 685 686 672 673 687 672 687 686 688 673 672 689 686 687 673 660 674 673 674 687 688 660 673 689 687 674 690 691 705 690 705 704 718 691 690 719 704 705 691 692 706 691 706 705 718 692 691 719 705 706 692 693 707 692 707 706 718 693 692 719 706 707 693 694 708 693 708 707 718 694 693 719 707 708 694 695 709 694 709 708 718 695 694 719 708 709 695 696 710 695 710 709 718 696 695 719 709 710 696 697 711 696 711 710 718 697 696 719 710 711 697 698 712 697 712 711 718 698 697 719 711 712 698 699 713 698 713 712 718 699 698 719 712 713 699 700 714 699 714 713 718 700 699 719 713 714 700 701 715 700 715 714 718 701 700 719 714 715 701 702 716 701 716 715 718 702 701 719 715 716 702 703 717 702 717 716 718 703 702 719 716 717 703 690 704 703 704 717 718 690 703 719 717 704 720 721 735 720 735 734 748 721 720 749 734 735 721 722 736 721 736 735 748 722 721 749 735 736 722 723 737 722 737 736 748 723 722 749 736 737 723 724 738 723 738 737 748 724 723 749 737 738 724 725 739 724 739 738 748 725 724 749 738 739 725 726 740 725 740 739 748 726 725 749 739 740 726 727 741 726 741 740 748 727 726 749 740 741 727 728 742 727 742 741 748 728 727 749 741 742 728 729 743 728 743 742 748 729 728 749 742 743 729 730 744 729 744 743 748 730 729 749 743 744 730 731 745 730 745 744 748 731 730 749 744 745 731 732 746 731 746 745 748 732 731 749 745 746 732 733 747 732 747 746 748 733 732 749 746 747 733 720 734 733 734 747 748 720 733 749 747 734 750 751 765 750 765 764 778 751 750 779 764 765 751 752 766 751 766 765 778 752 751 779 765 766 752 753 767 752 767 766 778 753 752 779 766 767 753 754 768 753 768 767 778 754 753 779 767 768 754 755 769 754 769 768 778 755 754 779 768 769 755 756 770 755 770 769 778 756 755 779 769 770 756 757 771 756 771 770 778 757 756 779 770 771 757 758 772 757 772 771 778 758 757 779 771 772 758 759 773 758 773 772 778 759 758 779 772 773 759 760 774 759 774 773 778 760 759 779 773 774 760 761 775 760 775 774 778 761 760 779 774 775 761 762 776 761 776 775 778 762 761 779 775 776 762 763 777 762 777 776 778 763 762 779 776 777 763 750 764 763 764 777 778 750 763 779 777 764 780 781 795 780 795 794 808 781 780 809 794 795 781 782 796 781 796 795 808 782 781 809 795 796 782 783 797 782 797 796 808 783 782 809 796 797 783 784 798 783 798 797 808 784 783 809 797 798 784 785 799 784 799 798 808 785 784 809 798 799 785 786 800 785 800 799 808 786 785 809 799 800 786 787 801 786 801 800 808 787 786 809 800 801 787 788 802 787 802 801 808 788 787 809 801 802 788 789 803 788 803 802 808 789 788 809 802 803 789 790 804 789 804 803 808 790 789 809 803 804 790 791 805 790 805 804 808 791 790 809 804 805 791 792 806 791 806 805 808 792 791 809 805 806 792 793 807 792 807 806 808 793 792 809 806 807 793 780 794 793 794 807 808 780 793 809 807 794 810 811 825 810 825 824 838 811 810 839 824 825 811 812 826 811 826 825 838 812 811 839 825 826 812 813 827 812 827 826 838 813 812 839 826 827 813 814 828 813 828 827 838 814 813 839 827 828 814 815 829 814 829 828 838 815 814 839 828 829 815 816 830 815 830 829 838 816 815 839 829 830 816 817 831 816 831 830 838 817 816 839 830 831 817 818 832 817 832 831 838 818 817 839 831 832 818 819 833 818 833 832 838 819 818 839 832 833 819 820 834 819 834 833 838 820 819 839 833 834 820 821 835 820 835 834 838 821 820 839 834 835 821 822 836 821 836 835 838 822 821 839 835 836 822 823 837 822 837 836 838 823 822 839 836 837 823 810 824 823 824 837 838 810 823 839 837 824 840 841 855 840 855 854 868 841 840 869 854 855 841 842 856 841 856 855 868 842 841 869 855 856 842 843 857 842 857 856 868 843 842 869 856 857 843 844 858 843 858 857 868 844 843 869 857 858 844 845 859 844 859 858 868 845 844 869 858 859 845 846 860 845 860 859 868 846 845 869 859 860 846 847 861 846 861 860 868 847 846 869 860 861 847 848 862 847 862 861 868 848 847 869 861 862 848 849 863 848 863 862 868 849 848 869 862 863 849 850 864 849 864 863 868 850 849 869 863 864 850 851 865 850 865 864 868 851 850 869 864 865 851 852 866 851 866 865 868 852 851 869 865 866 852 853 867 852 867 866 868 853 852 869 866 867 853 840 854 853 854 867 868 840 853 869 867 854 870 871 885 870 885 884 898 871 870 899 884 885 871 872 886 871 886 885 898 872 871 899 885 886 872 873 887 872 887 886 898 873 872 899 886 887 873 874 888 873 888 887 898 874 873 899 887 888 874 875 889 874 889 888 898 875 874 899 888 889 875 876 890 875 890 889 898 876 875 899 889 890 876 877 891 876 891 890 898 877 876 899 890 891 877 878 892 877 892 891 898 878 877 899 891 892 878 879 893 878 893 892 898 879 878 899 892 893 879 880 894 879 894 893 898 880 879 899 893 894 880 881 895 880 895 894 898 881 880 899 894 895 881 882 896 881 896 895 898 882 881 899 895 896 882 883 897 882 897 896 898 883 882 899 896 897 883 870 884 883 884 897 898 870 883 899 897 884 900 901 915 900 915 914 928 901 900 929 914 915 901 902 916 901 916 915 928 902 901 929 915 916 902 903 917 902 917 916 928 903 902 929 916 917 903 904 918 903 918 917 928 904 903 929 917 918 904 905 919 904 919 918 928 905 904 929 918 919 905 906 920 905 920 919 928 906 905 929 919 920 906 907 921 906 921 920 928 907 906 929 920 921 907 908 922 907 922 921 928 908 907 929 921 922 908 909 923 908 923 922 928 909 908 929 922 923 909 910 924 909 924 923 928 910 909 929 923 924 910 911 925 910 925 924 928 911 910 929 924 925 911 912 926 911 926 925 928 912 911 929 925 926 912 913 927 912 927 926 928 913 912 929 926 927 913 900 914 913 914 927 928 900 913 929 927 914 930 931 945 930 945 944 958 931 930 959 944 945 931 932 946 931 946 945 958 932 931 959 945 946 932 933 947 932 947 946 958 933 932 959 946 947 933 934 948 933 948 947 958 934 933 959 947 948 934 935 949 934 949 948 958 935 934 959 948 949 935 936 950 935 950 949 958 936 935 959 949 950 936 937 951 936 951 950 958 937 936 959 950 951 937 938 952 937 952 951 958 938 937 959 951 952 938 939 953 938 953 952 958 939 938 959 952 953 939 940 954 939 954 953 958 940 939 959 953 954 940 941 955 940 955 954 958 941 940 959 954 955 941 942 956 941 956 955 958 942 941 959 955 956 942 943 957 942 957 956 958 943 942 959 956 957 943 930 944 943 944 957 958 930 943 959 957 944</p></triangles></mesh></geometry>
<geometry id="c23-mesh"><mesh><source id="c23-p"><float_array id="c23-pa" count="270">-2.265 0 -0.3 -2.2803 0.067252 -0.3 -2.3234 0.12118 -0.3 -2.3855 0.15111 -0.3 -2.4545 0.15111 -0.3 -2.5166 0.12118 -0.3 -2.5597 0.067252 -0.3 -2.575 1.8982e-17 -0.3 -2.5597 -0.067252 -0.3 -2.5166 -0.12118 -0.3 -2.4545 -0.15111 -0.3 -2.3855 -0.15111 -0.3 -2.3234 -0.12118 -0.3 -2.2803 -0.067252 -0.3 -2.265 0 2.5 -2.2803 0.067252 2.5 -2.3234 0.12118 2.5 -2.3855 0.15111 2.5 -2.4545 0.15111 2.5 -2.5166 0.12118 2.5 -2.5597 0.067252 2.5 -2.575 1.8982e-17 2.5 -2.5597 -0.067252 2.5 -2.5166 -0.12118 2.5 -2.4545 -0.15111 2.5 -2.3855 -0.15111 2.5 -2.3234 -0.12118 2.5 -2.2803 -0.067252 2.5 -2.42 0 -0.3 -2.42 0 2.5 -2.302 0 -0.2 -2.3137 0.051198 -0.2 -2.3464 0.092256 -0.2 -2.3937 0.11504 -0.2 -2.4463 0.11504 -0.2 -2.4936 0.092256 -0.2 -2.5263 0.051198 -0.2 -2.538 1.4451e-17 -0.2 -2.5263 -0.051198 -0.2 -2.4936 -0.092256 -0.2 -2.4463 -0.11504 -0.2 -2.3937 -0.11504 -0.2 -2.3464 -0.092256 -0.2 -2.3137 -0.051198 -0.2 -2.302 0 2.5 -2.3137 0.051198 2.5 -2.3464 0.092256 2.5 -2.3937 0.11504 2.5 -2.4463 0.11504 2.5 -2.4936 0.092256 2.5 -2.5263 0.051198 2.5 -2.538 1.4451e-17 2.5 -2.5263 -0.051198 2.5 -2.4936 -0.092256 2.5 -2.4463 -0.11504 2.5 -2.3937 -0.11504 2.5 -2.3464 -0.092256 2.5 -2.3137 -0.051198 2.5 -2.42 0 -0.2 -2.42 0 2.5 -2.332 0 -0.1 -2.3407 0.038182 -0.1 -2.3651 0.068801 -0.1 -2.4004 0.085794 -0.1 -2.4396 0.085794 -0.1 -2.4749 0.068801 -0.1 -2.4993 0.038182 -0.1 -2.508 1.0777e-17 -0.1 -2.4993 -0.038182 -0.1 -2.4749 -0.068801 -0.1 -2.4396 -0.085794 -0.1 -2.4004 -0.085794 -0.1 -2.3651 -0.068801 -0.1 -2.3407 -0.038182 -0.1 -2.332 0 2.5 -2.3407 0.038182 2.5 -2.3651 0.068801 2.5 -2.4004 0.085794 2.5 -2.4396 0.085794 2.5 -2.4749 0.068801 2.5 -2.4993 0.038182 2.5 -2.508 1.0777e-17 2.5 -2.4993 -0.038182 2.5 -2.4749 -0.068801 2.5 -2.4396 -0.085794 2.5 -2.4004 -0.085794 2.5 -2.3651 -0.068801 2.5 -2.3407 -0.038182 2.5 -2.42 0 -0.1 -2.42 0 2.5</float_array><technique_common><accessor source="#c23-pa" count="90" stride="3"><param name="X" type="float"/><param name="Y" type="float"/><param name="Z" type="float"/></accessor></technique_common></source><source id="c23-n"><float_array id="c23-na" count="270">0.99644 0.075811 -0.036774 0.86487 0.50064 -0.036774 0.562 0.82632 -0.036774 0.14782 0.98833 -0.036774 -0.29564 0.95459 -0.036774 -0.68054 0.73178 -0.036774 -0.93066 0.36404 -0.036774 -0.99644 -0.075811 -0.036774 -0.86487 -0.50064 -0.036774 -0.562 -0.82632 -0.036774 -0.14782 -0.98833 -0.036774 0.29564 -0.95459 -0.036774 0.68054 -0.73178 -0.036774 0.93066 -0.36404 -0.036774 0.99644 -0.075811 0.036774 0.93066 0.36404 0.036774 0.68054 0.73178 0.036774 0.29564 0.95459 0.036774 -0.14782 0.98833 0.036774 -0.562 0.82632 0.036774 -0.86487 0.50064 0.036774 -0.99644 0.075811 0.036774 -0.93066 -0.36404 0.036774 -0.68054 -0.73178 0.036774 -0.29564 -0.95459 0.036774 0.14782 -0.98833 0.036774 0.562 -0.82632 0.036774 0.86487 -0.50064 0.036774 0 0 -1 0 0 1 0.9967 0.07583 -0.02904 0.86509 0.50077 -0.02904 0.56214 0.82653 -0.02904 0.14786 0.98858 -0.02904 -0.29571 0.95483 -0.02904 -0.68072 0.73197 -0.02904 -0.9309 0.36413 -0.02904 -0.9967 -0.07583 -0.02904 -0.86509 -0.50077 -0.02904 -0.56214 -0.82653 -0.02904 -0.14786 -0.98858 -0.02904 0.29571 -0.95483 -0.02904 0.68072 -0.73197 -0.02904 0.9309 -0.36413 -0.02904 0.9967 -0.07583 0.02904 0.9309 0.36413 0.02904 0.68072 0.73197 0.02904 0.29571 0.95483 0.02904 -0.14786 0.98858 0.02904 -0.56214 0.82653 0.02904 -0.86509 0.50077 0.02904 -0.9967 0.07583 0.02904 -0.9309 -0.36413 0.02904 -0.68072 -0.73197 0.02904 -0.29571 -0.95483 0.02904 0.14786 -0.98858 0.02904 0.56214 -0.82653 0.02904 0.86509 -0.50077 0.02904 0 0 -1 0 0 1 0.99687 0.075843 -0.022493 0.86524 0.50086 -0.022493 0.56224 0.82667 -0.022493 0.14788 0.98875 -0.022493 -0.29576 0.955 -0.022493 -0.68083 0.73209 -0.022493 -0.93105 0.36419 -0.022493 -0.99687 -0.075843 -0.022493 -0.86524 -0.50086 -0.022493 -0.56224 -0.82667 -0.022493 -0.14788 -0.98875 -0.022493 0.29576 -0.955 -0.022493 0.68083 -0.73209 -0.022493 0.93105 -0.36419 -0.022493 0.99687 -0.075843 0.022493 0.93105 0.36419 0.022493 0.68083 0.73209 0.022493 0.29576 0.955 0.022493 -0.14788 0.98875 0.022493 -0.56224 0.82667 0.022493 -0.86524 0.50086 0.022493 -0.99687 0.075843 0.022493 -0.93105 -0.36419 0.022493 -0.68083 -0.73209 0.022493 -0.29576 -0.955 0.022493 0.14788 -0.98875 0.022493 0.56224 -0.82667 0.022493 0.86524 -0.50086 0.022493 0 0 -1 0 0 1</float_array><technique_common><accessor source="#c23-na" count="90" stride="3"><param name="X" type="float"/><param name="Y" type="float"/><param name="Z" type="float"/></accessor></technique_common></source><vertices id="c23-v"><input semantic="POSITION" source="#c23-p"/><input semantic="NORMAL" source="#c23-n"/></vertices><triangles count="168" material="c23"><input semantic="VERTEX" source="#c23-v" offset="0"/><p>0 1 15 0 15 14 28 1 0 29 14 15 1 2 16 1 16 15 28 2 1 29 15 16 2 3 17 2 17 16 28 3 2 29 16 17 3 4 18 3 18 17 28 4 3 29 17 18 4 5 19 4 19 18 28 5 4 29 18 19 5 6 20 5 20 19 28 6 5 29 19 20 6 7 21 6 21 20 28 7 6 29 20 21 7 8 22 7 22 21 28 8 7 29 21 22 8 9 23 8 23 22 28 9 8 29 22 23 9 10 24 9 24 23 28 10 9 29 23 24 10 11 25 10 25 24 28 11 10 29 24 25 11 12 26 11 26 25 28 12 11 29 25 26 12 13 27 12 27 26 28 13 12 29 26 27 13 0 14 13 14 27 28 0 13 29 27 14 30 31 45 30 45 44 58 31 30 59 44 45 31 32 46 31 46 45 58 32 31 59 45 46 32 33 47 32 47 46 58 33 32 59 46 47 33 34 48 33 48 47 58 34 33 59 47 48 34 35 49 34 49 48 58 35 34 59 48 49 35 36 50 35 50 49 58 36 35 59 49 50 36 37 51 36 51 50 58 37 36 59 50 51 37 38 52 37 52 51 58 38 37 59 51 52 38 39 53 38 53 52 58 39 38 59 52 53 39 40 54 39 54 53 58 40 39 59 53 54 40 41 55 40 55 54 58 41 40 59 54 55 41 42 56 41 56 55 58 42 41 59 55 56 42 43 57 42 57 56 58 43 42 59 56 57 43 30 44 43 44 57 58 30 43 59 57 44 60 61 75 60 75 74 88 61 60 89 74 75 61 62 76 61 76 75 88 62 61 89 75 76 62 63 77 62 77 76 88 63 62 89 76 77 63 64 78 63 78 77 88 64 63 89 77 78 64 65 79 64 79 78 88 65 64 89 78 79 65 66 80 65 80 79 88 66 65 89 79 80 66 67 81 66 81 80 88 67 66 89 80 81 67 68 82 67 82 81 88 68 67 89 81 82 68 69 83 68 83 82 88 69 68 89 82 83 69 70 84 69 84 83 88 70 69 89 83 84 70 71 85 70 85 84 88 71 70 89 84 85 71 72 86 71 86 85 88 72 71 89 85 86 72 73 87 72 87 86 88 73 72 89 86 87 73 60 74 73 74 87 88 60 73 89 87 74</p></triangles></mesh></geometry>
<geometry id="c24-mesh"><mesh><source id="c24-p"><float_array id="c24-pa" count="360">-2.408 0.45451 1.2186 -2.4092 0.45956 1.2199 -2.4125 0.46362 1.2209 -2.4173 0.46587 1.2214 -2.4227 0.46587 1.2214 -2.4275 0.46362 1.2209 -2.4308 0.45956 1.2199 -2.432 0.45451 1.2186 -2.4308 0.44945 1.2174 -2.4275 0.44539 1.2164 -2.4227 0.44314 1.2158 -2.4173 0.44314 1.2158 -2.4125 0.44539 1.2164 -2.4092 0.44945 1.2174 -2.408 0.14549 2.4814 -2.4092 0.15055 2.4826 -2.4125 0.15461 2.4836 -2.4173 0.15686 2.4842 -2.4227 0.15686 2.4842 -2.4275 0.15461 2.4836 -2.4308 0.15055 2.4826 -2.432 0.14549 2.4814 -2.4308 0.14044 2.4801 -2.4275 0.13638 2.4791 -2.4227 0.13413 2.4786 -2.4173 0.13413 2.4786 -2.4125 0.13638 2.4791 -2.4092 0.14044 2.4801 -2.42 0.45451 1.2186 -2.42 0.14549 2.4814 -2.408 -0.45451 1.2186 -2.4092 -0.44945 1.2174 -2.4125 -0.44539 1.2164 -2.4173 -0.44314 1.2158 -2.4227 -0.44314 1.2158 -2.4275 -0.44539 1.2164 -2.4308 -0.44945 1.2174 -2.432 -0.45451 1.2186 -2.4308 -0.45956 1.2199 -2.4275 -0.46362 1.2209 -2.4227 -0.46587 1.2214 -2.4173 -0.46587 1.2214 -2.4125 -0.46362 1.2209 -2.4092 -0.45956 1.2199 -2.408 -0.14549 2.4814 -2.4092 -0.14044 2.4801 -2.4125 -0.13638 2.4791 -2.4173 -0.13413 2.4786 -2.4227 -0.13413 2.4786 -2.4275 -0.13638 2.4791 -2.4308 -0.14044 2.4801 -2.432 -0.14549 2.4814 -2.4308 -0.15055 2.4826 -2.4275 -0.15461 2.4836 -2.4227 -0.15686 2.4842 -2.4173 -0.15686 2.4842 -2.4125 -0.15461 2.4836 -2.4092 -0.15055 2.4826 -2.42 -0.45451 1.2186 -2.42 -0.14549 2.4814 -2.27 0.06 -0.1 -2.271 0.064339 -0.1 -2.2738 0.067818 -0.1 -2.2778 0.069749 -0.1 -2.2822 0.069749 -0.1 -2.2862 0.067818 -0.1 -2.289 0.064339 -0.1 -2.29 0.06 -0.1 -2.289 0.055661 -0.1 -2.2862 0.052182 -0.1 -2.2822 0.050251 -0.1 -2.2778 0.050251 -0.1 -2.2738 0.052182 -0.1 -2.271 0.055661 -0.1 -2.27 0.06 2.4 -2.271 0.064339 2.4 -2.2738 0.067818 2.4 -2.2778 0.069749 2.4 -2.2822 0.069749 2.4 -2.2862 0.067818 2.4 -2.289 0.064339 2.4 -2.29 0.06 2.4 -2.289 0.055661 2.4 -2.2862 0.052182 2.4 -2.2822 0.050251 2.4 -2.2778 0.050251 2.4 -2.2738 0.052182 2.4 -2.271 0.055661 2.4 -2.28 0.06 -0.1 -2.28 0.06 2.4 -2.301 0.05 2.2204e-16 -2.3019 0.053905 2.2204e-16 -2.3044 0.057036 2.2204e-16 -2.308 0.058774 2.2204e-16 -2.312 0.058774 2.2204e-16 -2.3156 0.057036 2.2204e-16 -2.3181 0.053905 2.2204e-16 -2.319 0.05 2.2204e-16 -2.3181 0.046095 2.2204e-16 -2.3156 0.042964 2.2204e-16 -2.312 0.041226 2.2204e-16 -2.308 0.041226 2.2204e-16 -2.3044 0.042964 2.2204e-16 -2.3019 0.046095 2.2204e-16 -2.301 0.05 2.4 -2.3019 0.053905 2.4 -2.3044 0.057036 2.4 -2.308 0.058774 2.4 -2.312 0.058774 2.4 -2.3156 0.057036 2.4 -2.3181 0.053905 2.4 -2.319 0.05 2.4 -2.3181 0.046095 2.4 -2.3156 0.042964 2.4 -2.312 0.041226 2.4 -2.308 0.041226 2.4 -2.3044 0.042964 2.4 -2.3019 0.046095 2.4 -2.31 0.05 2.2204e-16 -2.31 0.05 2.4</float_array><technique_common><accessor source="#c24-pa" count="120" stride="3"><param name="X" type="float"/><param name="Y" type="float"/><param name="Z" type="float"/></accessor></technique_common></source><source id="c24-n"><float_array id="c24-na" count="360">0.9971 0.075145 0.012072 0.86544 0.48807 0.11312 0.56237 0.80462 0.19059 0.14792 0.96209 0.22912 -0.29583 0.9293 0.2211 -0.68099 0.71274 0.1681 -0.93127 0.35529 0.08063 -0.9971 -0.072228 -0.023992 -0.86544 -0.48516 -0.12504 -0.56237 -0.8017 -0.20251 -0.14792 -0.95918 -0.24104 0.29583 -0.92638 -0.23302 0.68099 -0.70982 -0.18002 0.93127 -0.35238 -0.09255 0.9971 -0.075145 -0.012072 0.93127 0.35238 0.09255 0.68099 0.70982 0.18002 0.29583 0.92638 0.23302 -0.14792 0.95918 0.24104 -0.56237 0.8017 0.20251 -0.86544 0.48516 0.12504 -0.9971 0.072228 0.023992 -0.93127 -0.35529 -0.08063 -0.68099 -0.71274 -0.1681 -0.29583 -0.9293 -0.2211 0.14792 -0.96209 -0.22912 0.56237 -0.80462 -0.19059 0.86544 -0.48807 -0.11312 0 0.2377 -0.97134 0 -0.2377 0.97134 0.9971 0.072228 -0.023992 0.86544 0.48516 -0.12504 0.56237 0.8017 -0.20251 0.14792 0.95918 -0.24104 -0.29583 0.92638 -0.23302 -0.68099 0.70982 -0.18002 -0.93127 0.35238 -0.09255 -0.9971 -0.075145 0.012072 -0.86544 -0.48807 0.11312 -0.56237 -0.80462 0.19059 -0.14792 -0.96209 0.22912 0.29583 -0.9293 0.2211 0.68099 -0.71274 0.1681 0.93127 -0.35529 0.08063 0.9971 -0.072228 0.023992 0.93127 0.35529 -0.08063 0.68099 0.71274 -0.1681 0.29583 0.9293 -0.2211 -0.14792 0.96209 -0.22912 -0.56237 0.80462 -0.19059 -0.86544 0.48807 -0.11312 -0.9971 0.075145 -0.012072 -0.93127 -0.35238 0.09255 -0.68099 -0.70982 0.18002 -0.29583 -0.92638 0.23302 0.14792 -0.95918 0.24104 0.56237 -0.8017 0.20251 0.86544 -0.48516 0.12504 0 -0.2377 -0.97134 0 0.2377 0.97134 0.99711 0.075862 -0.002659 0.86545 0.50098 -0.002659 0.56238 0.82687 -0.002659 0.14792 0.989 -0.002659 -0.29584 0.95523 -0.002659 -0.681 0.73228 -0.002659 -0.93128 0.36428 -0.002659 -0.99711 -0.075862 -0.002659 -0.86545 -0.50098 -0.002659 -0.56238 -0.82687 -0.002659 -0.14792 -0.989 -0.002659 0.29584 -0.95523 -0.002659 0.681 -0.73228 -0.002659 0.93128 -0.36428 -0.002659 0.99711 -0.075862 0.002659 0.93128 0.36428 0.002659 0.681 0.73228 0.002659 0.29584 0.95523 0.002659 -0.14792 0.989 0.002659 -0.56238 0.82687 0.002659 -0.86545 0.50098 0.002659 -0.99711 0.075862 0.002659 -0.93128 -0.36428 0.002659 -0.681 -0.73228 0.002659 -0.29584 -0.95523 0.002659 0.14792 -0.989 0.002659 0.56238 -0.82687 0.002659 0.86545 -0.50098 0.002659 0 0 -1 0 0 1 0.99712 0.075862 -0.0024928 0.86545 0.50098 -0.0024928 0.56238 0.82688 -0.0024928 0.14792 0.989 -0.0024928 -0.29584 0.95523 -0.0024928 -0.681 0.73228 -0.0024928 -0.93128 0.36428 -0.0024928 -0.99712 -0.075862 -0.0024928 -0.86545 -0.50098 -0.0024928 -0.56238 -0.82688 -0.0024928 -0.14792 -0.989 -0.0024928 0.29584 -0.95523 -0.0024928 0.681 -0.73228 -0.0024928 0.93128 -0.36428 -0.0024928 0.99712 -0.075862 0.0024928 0.93128 0.36428 0.0024928 0.681 0.73228 0.0024928 0.29584 0.95523 0.0024928 -0.14792 0.989 0.0024928 -0.56238 0.82688 0.0024928 -0.86545 0.50098 0.0024928 -0.99712 0.075862 0.0024928 -0.93128 -0.36428 0.0024928 -0.681 -0.73228 0.0024928 -0.29584 -0.95523 0.0024928 0.14792 -0.989 0.0024928 0.56238 -0.82688 0.0024928 0.86545 -0.50098 0.0024928 0 0 -1 0 0 1</float_array><technique_common><accessor source="#c24-na" count="120" stride="3"><param name="X" type="float"/><param name="Y" type="float"/><param name="Z" type="float"/></accessor></technique_common></source><vertices id="c24-v"><input semantic="POSITION" source="#c24-p"/><input semantic="NORMAL" source="#c24-n"/></vertices><triangles count="224" material="c24"><input semantic="VERTEX" source="#c24-v" offset="0"/><p>0 1 15 0 15 14 28 1 0 29 14 15 1 2 16 1 16 15 28 2 1 29 15 16 2 3 17 2 17 16 28 3 2 29 16 17 3 4 18 3 18 17 28 4 3 29 17 18 4 5 19 4 19 18 28 5 4 29 18 19 5 6 20 5 20 19 28 6 5 29 19 20 6 7 21 6 21 20 28 7 6 29 20 21 7 8 22 7 22 21 28 8 7 29 21 22 8 9 23 8 23 22 28 9 8 29 22 23 9 10 24 9 24 23 28 10 9 29 23 24 10 11 25 10 25 24 28 11 10 29 24 25 11 12 26 11 26 25 28 12 11 29 25 26 12 13 27 12 27 26 28 13 12 29 26 27 13 0 14 13 14 27 28 0 13 29 27 14 30 31 45 30 45 44 58 31 30 59 44 45 31 32 46 31 46 45 58 32 31 59 45 46 32 33 47 32 47 46 58 33 32 59 46 47 33 34 48 33 48 47 58 34 33 59 47 48 34 35 49 34 49 48 58 35 34 59 48 49 35 36 50 35 50 49 58 36 35 59 49 50 36 37 51 36 51 50 58 37 36 59 50 51 37 38 52 37 52 51 58 38 37 59 51 52 38 39 53 38 53 52 58 39 38 59 52 53 39 40 54 39 54 53 58 40 39 59 53 54 40 41 55 40 55 54 58 41 40 59 54 55 41 42 56 41 56 55 58 42 41 59 55 56 42 43 57 42 57 56 58 43 42 59 56 57 43 30 44 43 44 57 58 30 43 59 57 44 60 61 75 60 75 74 88 61 60 89 74 75 61 62 76 61 76 75 88 62 61 89 75 76 62 63 77 62 77 76 88 63 62 89 76 77 63 64 78 63 78 77 88 64 63 89 77 78 64 65 79 64 79 78 88 65 64 89 78 79 65 66 80 65 80 79 88 66 65 89 79 80 66 67 81 66 81 80 88 67 66 89 80 81 67 68 82 67 82 81 88 68 67 89 81 82 68 69 83 68 83 82 88 69 68 89 82 83 69 70 84 69 84 83 88 70 69 89 83 84 70 71 85 70 85 84 88 71 70 89 84 85 71 72 86 71 86 85 88 72 71 89 85 86 72 73 87 72 87 86 88 73 72 89 86 87 73 60 74 73 74 87 88 60 73 89 87 74 90 91 105 90 105 104 118 91 90 119 104 105 91 92 106 91 106 105 118 92 91 119 105 106 92 93 107 92 107 106 118 93 92 119 106 107 93 94 108 93 108 107 118 94 93 119 107 108 94 95 109 94 109 108 118 95 94 119 108 109 95 96 110 95 110 109 118 96 95 119 109 110 96 97 111 96 111 110 118 97 96 119 110 111 97 98 112 97 112 111 118 98 97 119 111 112 98 99 113 98 113 112 118 99 98 119 112 113 99 100 114 99 114 113 118 100 99 119 113 114 100 101 115 100 115 114 118 101 100 119 114 115 101 102 116 101 116 115 118 102 101 119 115 116 102 103 117 102 117 116 118 103 102 119 116 117 103 90 104 103 104 117 118 90 103 119 117 104</p></triangles></mesh></geometry>
<geometry id="c25-mesh"><mesh><source id="c25-p"><float_array id="c25-pa" count="162">-1.948 -0.2 2.6013 -2.0578 -0.2 3.6958 -1.948 0.2 2.6013 -2.0578 0.2 3.6958 -1.9182 -0.2 2.6042 -2.028 -0.2 3.6987 -1.9182 0.2 2.6042 -2.028 0.2 3.6987 -2.4828 0.50873 2.6013 -2.4279 0.41362 3.6958 -2.8292 0.30873 2.6013 -2.7743 0.21362 3.6958 -2.4977 0.53458 2.6042 -2.4428 0.43947 3.6987 -2.8441 0.33458 2.6042 -2.7892 0.23947 3.6987 -2.8292 -0.30873 2.6013 -2.7743 -0.21362 3.6958 -2.4828 -0.50873 2.6013 -2.4279 -0.41362 3.6958 -2.8441 -0.33458 2.6042 -2.7892 -0.23947 3.6987 -2.4977 -0.53458 2.6042 -2.4428 -0.43947 3.6987 -0.595 -0.6 1.41 -0.595 -0.39174 1.4575 -0.595 -0.22472 1.5907 -0.595 -0.13203 1.7832 -0.595 -0.13203 1.9968 -0.595 -0.22472 2.1893 -0.595 -0.39174 2.3225 -0.595 -0.6 2.37 -0.595 -0.80826 2.3225 -0.595 -0.97528 2.1893 -0.595 -1.068 1.9968 -0.595 -1.068 1.7832 -0.595 -0.97528 1.5907 -0.595 -0.80826 1.4575 -0.565 -0.6 1.41 -0.565 -0.39174 1.4575 -0.565 -0.22472 1.5907 -0.565 -0.13203 1.7832 -0.565 -0.13203 1.9968 -0.565 -0.22472 2.1893 -0.565 -0.39174 2.3225 -0.565 -0.6 2.37 -0.565 -0.80826 2.3225 -0.565 -0.97528 2.1893 -0.565 -1.068 1.9968 -0.565 -1.068 1.7832 -0.565 -0.97528 1.5907 -0.565 -0.80826 1.4575 -0.595 -0.6 1.89 -0.565 -0.6 1.89</float_array><technique_common><accessor source="#c25-pa" count="54" stride="3"><param name="X" type="float"/><param name="Y" type="float"/><param name="Z" type="float"/></accessor></technique_common></source><source id="c25-n"><float_array id="c25-na" count="162">-0.98914 -0.074762 -0.12657 -0.99618 -0.07468 -0.045366 -0.98095 0.14829 -0.12552 -0.99557 0.03747 -0.086197 0.99557 -0.03747 0.086197 0.98095 -0.14829 0.12552 0.99618 0.07468 0.045366 0.98914 0.074762 0.12657 0.55932 -0.81923 -0.12657 0.56277 -0.82537 -0.045366 0.36206 -0.92367 -0.12552 0.46534 -0.88092 -0.086197 -0.46534 0.88092 0.086197 -0.36206 0.92367 0.12552 -0.56277 0.82537 0.045366 -0.55932 0.81923 0.12657 0.42983 0.894 -0.12657 0.43342 0.90005 -0.045366 0.6189 0.77538 -0.12552 0.53024 0.84345 -0.086197 -0.53024 -0.84345 0.086197 -0.6189 -0.77538 0.12552 -0.43342 -0.90005 0.045366 -0.42983 -0.894 0.12657 -0.99561 0.0071013 -0.093335 -0.99561 0.046896 -0.08101 -0.99561 0.077402 -0.05264 -0.99561 0.092578 -0.013843 -0.99561 0.089418 0.027697 -0.99561 0.068547 0.063751 -0.99561 0.0341 0.08718 -0.99561 -0.0071013 0.093342 -0.99561 -0.046896 0.081017 -0.99561 -0.077402 0.052647 -0.99561 -0.092578 0.01385 -0.99561 -0.089418 -0.027689 -0.99561 -0.068547 -0.063744 -0.99561 -0.0341 -0.087172 0.99561 -0.0071013 -0.093342 0.99561 0.0341 -0.08718 0.99561 0.068547 -0.063751 0.99561 0.089418 -0.027697 0.99561 0.092578 0.013843 0.99561 0.077402 0.05264 0.99561 0.046896 0.08101 0.99561 0.0071013 0.093335 0.99561 -0.0341 0.087172 0.99561 -0.068547 0.063744 0.99561 -0.089418 0.027689 0.99561 -0.092578 -0.01385 0.99561 -0.077402 -0.052647 0.99561 -0.046896 -0.081017 -1 6.8088e-22 3.6732e-06 1 -1.2341e-21 -3.6732e-06</float_array><technique_common><accessor source="#c25-na" count="54" stride="3"><param name="X" type="float"/><param name="Y" type="float"/><param name="Z" type="float"/></accessor></technique_common></source><vertices id="c25-v"><input semantic="POSITION" source="#c25-p"/><input semantic="NORMAL" source="#c25-n"/></vertices><triangles count="92" material="c25"><input semantic="VERTEX" source="#c25-v" offset="0"/><p>0 1 3 0 3 2 4 6 7 4 7 5 0 4 5 0 5 1 2 3 7 2 7 6 0 2 6 0 6 4 1 5 7 1 7 3 8 9 11 8 11 10 12 14 15 12 15 13 8 12 13 8 13 9 10 11 15 10 15 14 8 10 14 8 14 12 9 13 15 9 15 11 16 17 19 16 19 18 20 22 23 20 23 21 16 20 21 16 21 17 18 19 23 18 23 22 16 18 22 16 22 20 17 21 23 17 23 19 24 25 39 24 39 38 52 25 24 53 38 39 25 26 40 25 40 39 52 26 25 53 39 40 26 27 41 26 41 40 52 27 26 53 40 41 27 28 42 27 42 41 52 28 27 53 41 42 28 29 43 28 43 42 52 29 28 53 42 43 29 30 44 29 44 43 52 30 29 53 43 44 30 31 45 30 45 44 52 31 30 53 44 45 31 32 46 31 46 45 52 32 31 53 45 46 32 33 47 32 47 46 52 33 32 53 46 47 33 34 48 33 48 47 52 34 33 53 47 48 34 35 49 34 49 48 52 35 34 53 48 49 35 36 50 35 50 49 52 36 35 53 49 50 36 37 51 36 51 50 52 37 36 53 50 51 37 24 38 37 38 51 52 24 37 53 51 38</p></triangles></mesh></geometry>
</library_geometries><library_visual_scenes><visual_scene id="s" name="s">
<node id="c0-n" name="c0"><instance_geometry url="#c0-mesh"><bind_material><technique_common><instance_material symbol="c0" target="#c0-mat"/></technique_common></bind_material></instance_geometry></node>
<node id="c1-n" name="c1"><instance_geometry url="#c1-mesh"><bind_material><technique_common><instance_material symbol="c1" target="#c1-mat"/></technique_common></bind_material></instance_geometry></node>
<node id="c2-n" name="c2"><instance_geometry url="#c2-mesh"><bind_material><technique_common><instance_material symbol="c2" target="#c2-mat"/></technique_common></bind_material></instance_geometry></node>
<node id="c3-n" name="c3"><instance_geometry url="#c3-mesh"><bind_material><technique_common><instance_material symbol="c3" target="#c3-mat"/></technique_common></bind_material></instance_geometry></node>
<node id="c4-n" name="c4"><instance_geometry url="#c4-mesh"><bind_material><technique_common><instance_material symbol="c4" target="#c4-mat"/></technique_common></bind_material></instance_geometry></node>
<node id="c5-n" name="c5"><instance_geometry url="#c5-mesh"><bind_material><technique_common><instance_material symbol="c5" target="#c5-mat"/></technique_common></bind_material></instance_geometry></node>
<node id="c6-n" name="c6"><instance_geometry url="#c6-mesh"><bind_material><technique_common><instance_material symbol="c6" target="#c6-mat"/></technique_common></bind_material></instance_geometry></node>
<node id="c7-n" name="c7"><instance_geometry url="#c7-mesh"><bind_material><technique_common><instance_material symbol="c7" target="#c7-mat"/></technique_common></bind_material></instance_geometry></node>
<node id="c8-n" name="c8"><instance_geometry url="#c8-mesh"><bind_material><technique_common><instance_material symbol="c8" target="#c8-mat"/></technique_common></bind_material></instance_geometry></node>
<node id="c9-n" name="c9"><instance_geometry url="#c9-mesh"><bind_material><technique_common><instance_material symbol="c9" target="#c9-mat"/></technique_common></bind_material></instance_geometry></node>
<node id="c10-n" name="c10"><instance_geometry url="#c10-mesh"><bind_material><technique_common><instance_material symbol="c10" target="#c10-mat"/></technique_common></bind_material></instance_geometry></node>
<node id="c11-n" name="c11"><instance_geometry url="#c11-mesh"><bind_material><technique_common><instance_material symbol="c11" target="#c11-mat"/></technique_common></bind_material></instance_geometry></node>
<node id="c12-n" name="c12"><instance_geometry url="#c12-mesh"><bind_material><technique_common><instance_material symbol="c12" target="#c12-mat"/></technique_common></bind_material></instance_geometry></node>
<node id="c13-n" name="c13"><instance_geometry url="#c13-mesh"><bind_material><technique_common><instance_material symbol="c13" target="#c13-mat"/></technique_common></bind_material></instance_geometry></node>
<node id="c14-n" name="c14"><instance_geometry url="#c14-mesh"><bind_material><technique_common><instance_material symbol="c14" target="#c14-mat"/></technique_common></bind_material></instance_geometry></node>
<node id="c15-n" name="c15"><instance_geometry url="#c15-mesh"><bind_material><technique_common><instance_material symbol="c15" target="#c15-mat"/></technique_common></bind_material></instance_geometry></node>
<node id="c16-n" name="c16"><instance_geometry url="#c16-mesh"><bind_material><technique_common><instance_material symbol="c16" target="#c16-mat"/></technique_common></bind_material></instance_geometry></node>
<node id="c17-n" name="c17"><instance_geometry url="#c17-mesh"><bind_material><technique_common><instance_material symbol="c17" target="#c17-mat"/></technique_common></bind_material></instance_geometry></node>
<node id="c18-n" name="c18"><instance_geometry url="#c18-mesh"><bind_material><technique_common><instance_material symbol="c18" target="#c18-mat"/></technique_common></bind_material></instance_geometry></node>
<node id="c19-n" name="c19"><instance_geometry url="#c19-mesh"><bind_material><technique_common><instance_material symbol="c19" target="#c19-mat"/></technique_common></bind_material></instance_geometry></node>
<node id="c20-n" name="c20"><instance_geometry url="#c20-mesh"><bind_material><technique_common><instance_material symbol="c20" target="#c20-mat"/></technique_common></bind_material></instance_geometry></node>
<node id="c21-n" name="c21"><instance_geometry url="#c21-mesh"><bind_material><technique_common><instance_material symbol="c21" target="#c21-mat"/></technique_common></bind_material></instance_geometry></node>
<node id="c22-n" name="c22"><instance_geometry url="#c22-mesh"><bind_material><technique_common><instance_material symbol="c22" target="#c22-mat"/></technique_common></bind_material></instance_geometry></node>
<node id="c23-n" name="c23"><instance_geometry url="#c23-mesh"><bind_material><technique_common><instance_material symbol="c23" target="#c23-mat"/></technique_common></bind_material></instance_geometry></node>
<node id="c24-n" name="c24"><instance_geometry url="#c24-mesh"><bind_material><technique_common><instance_material symbol="c24" target="#c24-mat"/></technique_common></bind_material></instance_geometry></node>
<node id="c25-n" name="c25"><instance_geometry url="#c25-mesh"><bind_material><technique_common><instance_material symbol="c25" target="#c25-mat"/></technique_common></bind_material></instance_geometry></node>
</visual_scene></library_visual_scenes><scene><instance_visual_scene url="#s"/></scene></COLLADA>